case_id,task,task_id,strength,friction,misalignment,lf_success,hf_success,lf_placement,hf_placement,lf_peak_force,hf_peak_force,lf_wall_time,hf_wall_time,force_error,adequate
0,hdd,0,92.40868131714802,0.33930928364057855,0.0020304373888023627,1,1,1,1,92.95127953008321,0.0,0.465180299943313,0.36418789997696877,9.295127953008322,0
1,hdd,0,35.76754399031354,0.5244469195215955,0.002773983403956353,1,1,1,1,35.77113611532767,0.0,0.3356488000135869,0.3335199999855831,3.5771136115327673,0
2,hdd,0,111.74628676600321,0.2661658499543538,0.003489916969795319,1,1,1,1,112.20778427326178,0.0,0.3526197000173852,0.3344063999829814,11.220778427326177,0
3,hdd,0,106.8498713540348,0.6334681379434574,0.0007752862669640373,1,1,1,1,106.91566672369532,0.0,0.3875036999816075,0.33028490003198385,10.691566672369532,0
4,hdd,0,46.11871162663978,0.6604135562357014,0.0071881756213646045,1,1,1,1,46.58018891655256,0.0,0.4282442000694573,0.3240405999822542,4.658018891655256,0
5,hdd,0,42.924253759405076,0.579372635496963,0.006771631539837221,1,1,1,1,43.183261993137734,0.0,0.32723430008627474,0.32801100006327033,4.318326199313773,0
6,hdd,0,32.39078960933581,0.6561927830687152,0.0012064509935977234,1,1,1,1,32.43085700628572,0.0,0.3343956000171602,0.3918363000266254,3.243085700628572,0
7,hdd,0,96.5484913439567,0.12573503794307855,0.003629516770098075,1,1,1,1,97.05191603201517,0.0,0.4397813000250608,0.3984468999551609,9.705191603201516,0
8,hdd,0,81.40720550097541,0.6548791763483454,6.755410656727909e-05,1,1,1,1,81.42301593251138,0.0,0.33487999998033047,0.32999080000445247,8.142301593251137,0
9,hdd,0,62.31873207807092,0.45197332451850913,0.003981785361246868,1,1,1,1,62.38690047157509,0.0,0.35888620000332594,0.35950500005856156,6.238690047157509,0
10,hdd,0,66.41841261469739,0.2634091439576535,0.003191311323782983,1,1,1,1,66.90614090018775,0.0,0.44684290001168847,0.4156770999543369,6.690614090018775,0
11,hdd,0,84.87651343132171,0.3602377031070232,0.0069016140970910855,1,1,1,1,84.94116501171422,0.0,0.3460159000242129,0.3702627000166103,8.494116501171423,0
12,hdd,0,67.95669283155485,0.31355668850547286,0.00042061575069197646,1,1,1,1,68.49519800588881,0.0,0.3383054999867454,0.511653900030069,6.849519800588881,0
13,hdd,0,48.77672866843916,0.7173133121892981,0.006164461914771791,1,1,1,1,48.78921784319989,0.0,0.4343565999297425,0.33491630002390593,4.8789217843199895,0
14,hdd,0,93.09991163266591,0.5262711445034419,0.00787113973862946,1,1,1,1,93.2648318705025,0.0,0.3524189000017941,0.3453190999571234,9.32648318705025,0
15,hdd,0,43.398411880834395,0.2017625504489296,0.0009789779172285269,1,1,1,1,43.420473623093955,0.0,0.3444135000463575,0.36987529997713864,4.342047362309396,0
16,hdd,0,98.10583483200834,0.16734057753824494,0.0024746691146006637,1,1,1,1,98.16550818116845,0.0,0.3439077999209985,0.37078739993739873,9.816550818116845,0
17,hdd,0,62.997545910083,0.597497176452495,0.0014489373104908793,1,1,1,1,63.42156313373289,0.0,0.4211653999518603,0.35581029998138547,6.342156313373289,0
18,hdd,0,31.43161154045789,0.7351782989276154,0.007801095579318978,1,1,1,1,31.621796563998792,0.0,0.3272311999462545,0.3337926999665797,3.1621796563998794,0
19,hdd,0,67.14375293468237,0.4776738070043688,0.0038102791980390406,1,1,1,1,67.55920482921871,0.0,0.3420091000152752,0.3797493999591097,6.755920482921871,0
20,hdd,0,38.110532346069846,0.36723410885233276,0.006624927037160502,1,1,1,1,38.12474017659579,0.0,0.34628539998084307,0.3271587999770418,3.8124740176595795,0
21,hdd,0,107.07833371419467,0.600185657253332,0.006865237882649119,1,1,1,1,107.49464647381619,0.0,0.3317364000249654,0.33579750009812415,10.749464647381618,0
22,hdd,0,107.48026427975152,0.6476241164378539,0.007439178191078189,1,1,1,1,107.81692714208005,0.0,0.3369414999615401,0.3673393999924883,10.781692714208004,0
23,hdd,0,111.18776087025589,0.3071659690967545,0.0015357725695006764,1,1,1,1,111.65760949084081,0.0,0.3249640000285581,0.3356685000471771,11.165760949084081,0
24,hdd,0,48.38219897557728,0.5731208078663143,0.004825111926888292,1,1,1,1,48.724548050022285,0.0,0.3284746001008898,0.3281977999722585,4.872454805002229,0
25,hdd,0,75.57287203599266,0.4469816145652111,0.0021156822262739495,1,1,1,1,76.15201999852074,0.0,0.3552259000716731,0.3816099000396207,7.615201999852074,0
26,hdd,0,116.48098928255291,0.5135042375120851,0.005582284972257937,1,1,1,1,117.04830787131102,0.0,0.46203120006248355,0.33903029991779476,11.704830787131103,0
27,hdd,0,61.19787104618665,0.427100619102446,0.004902214055469128,1,1,1,1,61.27536630712149,0.0,0.33185600000433624,0.3362271999940276,6.127536630712148,0
28,hdd,0,26.99242930895538,0.19078988832485685,0.005847403750650761,1,1,1,1,27.19719615603551,0.0,0.3715088999597356,0.34412559994962066,2.719719615603551,0
29,hdd,0,80.84604092324953,0.715623699182255,0.004679972139330577,1,1,1,1,80.926845856597,0.0,0.3616381000028923,0.32704759994521737,8.0926845856597,0
30,hdd,0,63.28256263242894,0.6093752524581519,0.006414769165984693,1,1,1,1,63.66215663478969,0.0,0.3348017999669537,0.32904049998614937,6.366215663478969,0
31,hdd,0,81.20632625796785,0.5636298051253217,9.859130850162973e-06,1,1,1,1,81.30244862546321,0.0,0.34651380009017885,0.42360560002271086,8.130244862546322,0
32,hdd,0,80.21272912981553,0.13246215018826243,0.006050186509276787,1,1,1,1,80.33837943142949,0.0,0.357389000011608,0.3254931999836117,8.033837943142949,0
33,hdd,0,70.67936744515015,0.3195466450550156,0.00494134114309838,1,1,1,1,71.04305905032238,0.0,0.3275245000841096,0.35825279995333403,7.104305905032239,0
34,hdd,0,28.57804334618016,0.5317385884528553,0.001792566642560912,1,1,1,1,28.679313746782675,0.0,0.33690740005113184,0.331976699992083,2.8679313746782675,0
35,hdd,0,47.42770327028033,0.5166181564949979,0.005992740225017462,1,1,1,1,47.67701593303335,0.0,0.34957900003064424,0.3439386000391096,4.767701593303335,0
36,hdd,0,89.96786967928217,0.40822726107473106,0.002227845965604437,1,1,1,1,90.08432395965728,0.0,0.3446856999071315,0.396721399971284,9.008432395965729,0
37,hdd,0,61.93254554506826,0.7059527678769818,0.0030245541448282163,1,1,1,1,62.35791444812247,0.0,0.3476055000210181,0.33842749998439103,6.235791444812247,0
38,hdd,0,78.60774240568693,0.14000123333711778,0.000433106145871061,1,1,1,1,79.05772802556656,0.0,0.33891439996659756,0.3440353999612853,7.9057728025566565,0
39,hdd,0,30.76017901468302,0.4233251162405248,0.001343271764247935,1,1,1,1,30.80455004220788,0.0,0.3498029999900609,0.34576920000836253,3.080455004220788,0
40,hdd,0,103.13863401036242,0.5534836912630388,0.005651081484769603,1,1,1,1,103.6483472138114,0.0,0.34850169997662306,0.5134753999300301,10.36483472138114,0
41,hdd,0,103.52806419927646,0.5385695669276557,0.004093493578153479,1,1,1,1,103.56909193326253,0.0,0.34399629989638925,0.39386309997644275,10.356909193326253,0
42,hdd,0,109.5567129292224,0.4683294435593125,0.0012772425875273987,1,1,1,1,109.84838830618457,0.0,0.36031560006085783,0.3387994999065995,10.984838830618457,0
43,hdd,0,35.1374518092741,0.570935283073414,0.0020819967968432854,1,1,1,1,35.19405309514591,0.0,0.37668750004377216,0.3306277000810951,3.519405309514591,0
44,hdd,0,25.139646286766535,0.7431906371227521,0.006597575586893829,1,1,1,1,25.172758968104205,0.0,0.3295818999176845,0.33099899999797344,2.5172758968104203,0
45,hdd,0,49.99239870965677,0.3894300285024367,0.0024404719083481892,1,1,1,1,50.282824643600186,0.0,0.408985499991104,0.3430948000168428,5.028282464360019,0
46,hdd,0,94.4057549242499,0.18380696333351432,0.005747022444510982,1,1,1,1,94.85482115047695,0.0,0.3632437000051141,0.33637949998956174,9.485482115047695,0
47,hdd,0,79.50309766854849,0.6391450716050584,0.007958087251936637,1,1,1,1,79.92245857249088,0.0,0.34648499998729676,0.35061000008136034,7.992245857249088,0
48,hdd,0,29.842170199647683,0.4260437234527856,0.004151158160070866,1,1,1,1,29.843932844336372,0.0,0.3442657000850886,0.34152469993568957,2.9843932844336374,0
49,hdd,0,29.493109199176153,0.6519758732592883,0.005066090344536525,1,1,1,1,29.886551808790518,0.0,0.3542244000127539,0.34169679996557534,2.988655180879052,0
50,hdd,0,22.057902691935215,0.6229089581990406,0.004316260024293371,1,1,1,1,22.479047145672215,0.0,0.348529800074175,0.40609890001360327,2.2479047145672215,0
51,hdd,0,23.481987952153652,0.7087466566040174,0.007635406930852272,1,1,1,1,23.648666801786298,0.0,0.3419474000111222,0.3490321000572294,2.36486668017863,0
52,hdd,0,99.23958873872033,0.10779468051905224,0.0021406134769523496,1,1,1,1,99.33485139237837,0.0,0.3812109000282362,0.3474683000240475,9.933485139237836,0
53,hdd,0,54.74378416936078,0.5290819377927696,0.003602239684129664,1,1,1,1,54.9223057573208,0.0,0.40963449992705137,0.34556110005360097,5.49223057573208,0
54,hdd,0,108.92326200303503,0.5362460373689223,0.00019853726748289379,1,1,1,1,109.22650725127289,0.0,0.4189683999866247,0.36579900002107024,10.922650725127289,0
55,hdd,0,110.20969257204585,0.10273049059935771,0.004031779960744952,1,1,1,1,110.49287130869928,0.0,0.352385500096716,0.3346755000529811,11.049287130869928,0
56,hdd,0,82.56095370239242,0.2517765680781706,0.006338908857649597,1,1,1,1,82.65749713682715,0.0,0.3955997999291867,0.3320712000131607,8.265749713682714,0
57,hdd,0,99.8283142902561,0.39573608145534234,0.007655038838132028,1,1,1,1,100.24583637494996,0.0,0.3547951999353245,0.3271867000730708,10.024583637494995,0
58,hdd,0,89.278464060806,0.4405618752214179,0.005561730745066586,1,1,1,1,89.71198756739396,0.0,0.3381735000293702,0.3352772999787703,8.971198756739396,0
59,hdd,0,64.00254147864806,0.5855860863787387,0.004966703786147815,1,1,1,1,64.16576077772378,0.0,0.43594220001250505,0.33565449994057417,6.416576077772378,0
60,hdd,0,64.70306916970716,0.18424862450737167,0.0007594971103896947,1,1,1,1,65.0393758669869,0.0,0.41283849999308586,0.3485257999273017,6.50393758669869,0
61,hdd,0,54.56135698272307,0.2498653043250744,0.0072090223663155255,1,1,1,1,55.013995401266016,0.0,0.376431200071238,0.3493434999836609,5.501399540126601,0
62,hdd,0,113.87544742370876,0.3704462444411898,0.0026467522770306923,1,1,1,1,113.95237658536202,0.0,0.45139050006400794,0.38931600004434586,11.395237658536201,0
63,hdd,0,28.24584649469238,0.3824807693154212,0.003460240784666515,1,1,1,1,28.720224622721613,0.0,0.4127507000230253,0.33985590003430843,2.8720224622721613,0
64,hdd,0,28.95908068919617,0.5063940704317086,0.006262579084890013,1,1,1,1,29.39798568132872,0.0,0.3736648000776768,0.35190630005672574,2.939798568132872,0
65,hdd,0,49.60691056394742,0.28760144015311806,0.0047766783455776675,1,1,1,1,49.78655726201309,0.0,0.3269297999795526,0.39556770003400743,4.978655726201309,0
66,hdd,0,93.60118844476182,0.3232759114298998,0.005205935870980235,1,1,1,1,93.6848083637683,0.0,0.37081240001134574,0.3259554000105709,9.368480836376829,0
67,hdd,0,30.342724524646343,0.6308316038988613,0.0017561627332653,1,1,1,1,30.839388711573037,0.0,0.38180900004226714,0.45995639998000115,3.0839388711573035,0
68,hdd,0,88.66202123743061,0.12046413593000269,0.00010315140752569279,1,1,1,1,88.9412781797713,0.0,0.3658284000121057,0.3194217999698594,8.89412781797713,0
69,hdd,0,66.77411377546238,0.4123823908225335,0.00033316453515678314,1,1,1,1,66.82041829959142,0.0,0.34211009996943176,0.3511188999982551,6.682041829959142,0
70,hdd,0,97.76857918811903,0.5443107279118179,0.002821339315955732,1,1,1,1,98.26751001221128,0.0,0.40193759999237955,0.45548110001254827,9.826751001221128,0
71,hdd,0,87.39862515793925,0.5509973833642298,0.007686960426562251,1,1,1,1,87.45437130473059,0.0,0.4183593000052497,0.40718820004258305,8.745437130473059,0
72,hdd,0,95.28964741614756,0.6807112411248158,0.0011752649986398265,1,1,1,1,95.86910995810678,0.0,0.44390960002783686,0.3699827999807894,9.586910995810678,0
73,hdd,0,73.20080726872503,0.39329778638584456,0.007080304425457292,1,1,1,1,73.49579306821684,0.0,0.37104090000502765,0.4448265000246465,7.349579306821684,0
74,hdd,0,69.4457119290788,0.20977021240022375,0.005939028100616479,1,1,1,1,69.9146041273134,0.0,0.46815510001033545,0.3922672000480816,6.99146041273134,0
75,hdd,0,107.69173052356265,0.2562753278534321,0.007771861385537951,1,1,1,1,107.75117039704529,0.0,0.3549864999949932,0.3429745000321418,10.77511703970453,0
76,hdd,0,34.12200829610631,0.26308623939124826,0.007036257610744962,1,1,1,1,34.27403197618237,0.0,0.35620419995393604,0.3602004999993369,3.4274031976182373,0
77,hdd,0,75.86029522689458,0.699745458871666,0.003957438865247083,1,1,1,1,76.25669747947458,0.0,0.4306025999831036,0.42116340005304664,7.625669747947458,0
78,hdd,0,59.02232559279993,0.24745649119690308,0.007534203157291859,1,1,1,1,59.03414886359526,0.0,0.43546940002124757,0.36891499999910593,5.903414886359526,0
79,hdd,0,77.07174551691594,0.7859583808373871,0.00631708949341958,1,1,1,1,77.52783487828614,0.0,0.37578050000593066,0.37065769999753684,7.752783487828614,0
80,hdd,0,51.723523795039085,0.781807426793908,0.004553796246880896,1,1,1,1,52.11987293089422,0.0,0.37180050008464605,0.38970569998491555,5.211987293089422,0
81,hdd,0,46.823076803133645,0.19191929641836666,0.00600352696123264,1,1,1,1,47.05010328059882,0.0,0.35308470006566495,0.3355423000175506,4.705010328059882,0
82,hdd,0,48.13229761422043,0.13637066633836142,0.0003900217588424751,1,1,1,1,48.5048613031457,0.0,0.36071939999237657,0.32524249993730336,4.85048613031457,0
83,hdd,0,32.85803930454216,0.2128121609403134,0.007710200249819938,1,1,1,1,33.19868726148023,0.0,0.3356805000221357,0.3904949000570923,3.319868726148023,0
84,hdd,0,70.51536770597457,0.2814217076864468,0.004500355670320064,1,1,1,1,70.9917380541246,0.0,0.34556579997297376,0.3402345000067726,7.09917380541246,0
85,hdd,0,24.417995239918852,0.49242800621867755,0.00298385925120389,1,1,1,1,24.494657421264954,0.0,0.34805380005855113,0.44708329997956753,2.4494657421264954,0
86,hdd,0,20.64448038101494,0.7986129881179017,0.002582768713488195,1,1,1,1,20.885243076459403,0.0,0.35334919998422265,0.3479623000603169,2.0885243076459403,0
87,hdd,0,106.05844526984788,0.7409425524275106,0.0022894967484541028,1,1,1,1,106.41139349349795,0.0,0.34389219991862774,0.3299791000317782,10.641139349349796,0
88,hdd,0,88.69300984250418,0.3049470926469511,0.005459074131137655,1,1,1,1,89.00764704031613,0.0,0.3350962999975309,0.3679918999550864,8.900764704031612,0
89,hdd,0,56.61546220160265,0.7297305231847809,0.004372769386231028,1,1,1,1,56.68089414378832,0.0,0.32964250002987683,0.3362361000617966,5.668089414378832,0
90,hdd,0,26.31486819694525,0.5849258365678164,0.002318576481796609,1,1,1,1,26.61834117160282,0.0,0.3408848999533802,0.3473898000083864,2.661834117160282,0
91,hdd,0,37.13628539462968,0.7657449994374678,0.001962836521151146,1,1,1,1,37.43985022639262,0.0,0.41223430004902184,0.3540964999701828,3.7439850226392624,0
92,hdd,0,42.56066963434931,0.2458227721136148,0.0038966665348737443,1,1,1,1,42.97360270029675,0.0,0.3335175000829622,0.3409236000152305,4.297360270029675,0
93,hdd,0,112.38295612439259,0.3168985581886369,0.0020751600424107593,1,1,1,1,112.7571575460205,0.0,0.37270169996190816,0.40332430007401854,11.27571575460205,0
94,hdd,0,74.58775170963186,0.6384180956563916,0.006091433795953526,1,1,1,1,74.65393339358192,0.0,0.3318287000292912,0.3478288999758661,7.465393339358192,0
95,hdd,0,74.86124585809894,0.1535517403868356,0.003536703622974411,1,1,1,1,75.10312841173734,0.0,0.3306041000178084,0.34646949998568743,7.510312841173734,0
96,hdd,0,52.49208235042745,0.23742943222655802,0.004697774438565639,1,1,1,1,52.6400059420121,0.0,0.3304166999878362,0.34438899997621775,5.26400059420121,0
97,hdd,0,108.3160127111783,0.2751753689722912,0.005437356982891203,1,1,1,1,108.82511288171294,0.0,0.34485830005723983,0.3379295999184251,10.882511288171294,0
98,hdd,0,60.38547501613408,0.31022714266416895,0.0030938781151843577,1,1,1,1,60.579476542683295,0.0,0.33208710001781583,0.3372250000247732,6.05794765426833,0
99,hdd,0,92.7326580399088,0.48318121907153366,0.001156200445973452,1,1,1,1,92.95533085503017,0.0,0.3691409999737516,0.3887000000104308,9.295533085503017,0
100,hdd,0,73.74033454847395,0.5313527115137028,0.0066523715190413965,1,1,1,1,74.05846553780214,0.0,0.4190453999908641,0.3447135000023991,7.405846553780213,0
101,hdd,0,73.49525904326987,0.7326656649970473,0.005027658683584173,1,1,1,1,73.98339528091928,0.0,0.45340400002896786,0.3625735000241548,7.398339528091928,0
102,hdd,0,35.53830350129988,0.7775076857004467,0.007912894311533311,1,1,1,1,35.99921208469219,0.0,0.34926519996952266,0.4479607999091968,3.599921208469219,0
103,hdd,0,104.95341052968202,0.1945516196939446,0.0041222162835041366,1,1,1,1,105.29613721683128,0.0,0.3470212999964133,0.3384604000020772,10.529613721683129,0
104,hdd,0,64.58914335315706,0.5938091391097314,0.0011102295346713,1,1,1,1,65.14074302365147,0.0,0.3431183999637142,0.5175855999113992,6.514074302365147,0
105,hdd,0,90.89083481186248,0.7244479171473039,0.0036617135107878417,1,1,1,1,91.33573213096788,0.0,0.47018950001802295,0.41984069999307394,9.133573213096788,0
106,hdd,0,100.56770784180956,0.6974526648376642,0.007842230719478982,1,1,1,1,100.84384956547309,0.0,0.426352999988012,0.35343920008745044,10.084384956547309,0
107,hdd,0,90.50636319056663,0.13890049052165573,0.004652388405604533,1,1,1,1,90.70657498446103,0.0,0.43671469995751977,0.6347865000134334,9.070657498446103,0
108,hdd,0,52.05047983707546,0.5558106295386932,0.001631882884588078,1,1,1,1,52.5462489914783,0.0,0.3954208999639377,0.4030130999162793,5.25462489914783,0
109,hdd,0,80.48909257464476,0.6165231921983756,0.007405649183621801,1,1,1,1,81.04868044363629,0.0,0.48975239996798337,0.3743712999857962,8.104868044363629,0
110,hdd,0,36.08836894589657,0.44252772261604,0.0037681387165648403,1,1,1,1,36.362557085442006,0.0,0.41475989995524287,0.32835989992599934,3.6362557085442004,0
111,hdd,0,83.0464269772247,0.727358426712963,0.0041702832069188825,1,1,1,1,83.2225345434415,0.0,0.35754200001247227,0.3972532000625506,8.32225345434415,0
112,hdd,0,72.9683014172567,0.22430666353403336,0.006557746847498039,1,1,1,1,73.44194712794301,0.0,0.3560532999690622,0.37128239998128265,7.344194712794301,0
113,hdd,0,39.354686725766456,0.7576793814965785,0.005227763193442424,1,1,1,1,39.7670150738652,0.0,0.39775440003722906,0.3608322999207303,3.97670150738652,0
114,hdd,0,58.733038607971636,0.3996147419895786,0.0015524633572098787,1,1,1,1,59.181533433537666,0.0,0.3470125999301672,0.35967490007169545,5.918153343353767,0
115,hdd,0,76.40162838700563,0.1677926035200929,0.0009265764438976216,1,1,1,1,76.72193546755662,0.0,0.47278589999768883,0.3595279000001028,7.672193546755662,0
116,hdd,0,102.1366413682139,0.4871115518723498,0.006223568914666024,1,1,1,1,102.54144134589062,0.0,0.4411260000197217,0.42529090004973114,10.254144134589062,0
117,hdd,0,84.27623623196908,0.16168178190656432,0.0004647351862924307,1,1,1,1,84.70569677033048,0.0,0.34657499997410923,0.36102000006940216,8.470569677033048,0
118,hdd,0,47.17800494900626,0.47211385919046944,0.0013129620429331577,1,1,1,1,47.42414842762659,0.0,0.3457068999996409,0.3533907999517396,4.742414842762659,0
119,hdd,0,83.40025176116265,0.787184975830324,0.005290677508226063,1,1,1,1,83.85524807714634,0.0,0.47008009999990463,0.3436548999743536,8.385524807714635,0
120,hdd,0,21.356254588103297,0.6900539549601641,0.005276877238242664,1,1,1,1,21.492795748796034,0.0,0.34968129999469966,0.42043489997740835,2.1492795748796034,0
121,hdd,0,68.97076366269641,0.5091316523349055,0.006948837111978923,1,1,1,1,69.30997746023948,0.0,0.33941180002875626,0.32397319993469864,6.930997746023948,0
122,hdd,0,90.07522619461939,0.6911004600356133,0.00644443632644458,1,1,1,1,90.30925189577567,0.0,0.3597728000022471,0.3403093999950215,9.030925189577568,0
123,hdd,0,69.70054448421281,0.4995540916568352,0.006126119068242395,1,1,1,1,69.97992502699667,0.0,0.3427380999783054,0.3539530999260023,6.997992502699667,0
124,hdd,0,98.87860266074266,0.6779329733795234,0.00015579702270333335,1,1,1,1,99.33049446693522,0.0,0.3361599000636488,0.32481759996153414,9.933049446693522,0
125,hdd,0,71.2840722091526,0.4688157025854566,0.006708322559008033,1,1,1,1,71.74365761468219,0.0,0.43717609997838736,0.3326638999860734,7.174365761468219,0
126,hdd,0,40.205560059074195,0.7306307333464195,0.004438586851593256,1,1,1,1,40.27993803324504,0.0,0.32772469997871667,0.34033139992970973,4.027993803324504,0
127,hdd,0,85.02128667105384,0.620845963180878,0.005133883478290012,1,1,1,1,85.59318856245146,0.0,0.3545113999862224,0.3255693999817595,8.559318856245145,0
128,hdd,0,76.87454684217306,0.45703119306184325,0.002940859727039903,1,1,1,1,77.34875167291517,0.0,0.3278538000304252,0.3281168999383226,7.734875167291517,0
129,hdd,0,101.01626844666538,0.466056883319827,0.004057319101888246,1,1,1,1,101.22718911184995,0.0,0.33946119993925095,0.3463806000072509,10.122718911184995,0
130,hdd,0,113.12097537200293,0.11604884941721808,0.007157646453334153,1,1,1,1,113.56152176063664,0.0,0.34100709995254874,0.3547301000216976,11.356152176063663,0
131,hdd,0,100.10463454496485,0.15830462706625992,0.0016145515210175534,1,1,1,1,100.57758456016508,0.0,0.340226799948141,0.33591720007825643,10.057758456016508,0
132,hdd,0,44.058200162934554,0.2183108289408638,0.002254438717818705,1,1,1,1,44.5852315892624,0.0,0.3534088999731466,0.36379350000061095,4.45852315892624,0
133,hdd,0,108.5192286243107,0.6359621694199675,0.004988841549452919,1,1,1,1,108.85989255555577,0.0,0.37314090004656464,0.3461234000278637,10.885989255555577,0
134,hdd,0,87.0729019881895,0.7134086270410092,0.003280079075790998,1,1,1,1,87.25311683383694,0.0,0.4808727001072839,0.36020360002294183,8.725311683383694,0
135,hdd,0,94.04026665856408,0.2300042136449839,0.000884349424542375,1,1,1,1,94.61336182847674,0.0,0.37578960007522255,0.34132849995512515,9.461336182847674,0
136,hdd,0,111.6311934893762,0.22133542229556014,3.5581740370492355e-05,1,1,1,1,112.06842519116904,0.0,0.45122120005544275,0.38400620000902563,11.206842519116904,0
137,hdd,0,102.7832916614804,0.7717889716370371,0.0017627457760294235,1,1,1,1,102.90073894408506,0.0,0.3781672000186518,0.39862560003530234,10.290073894408506,0
138,hdd,0,46.65700016559851,0.3304380678645707,0.001729519416662223,1,1,1,1,46.844070738328284,0.0,0.43027340003754944,0.45215849997475743,4.684407073832828,0
139,hdd,0,78.07441068643593,0.45653752346983656,0.0048557163139431765,1,1,1,1,78.59601814515464,0.0,0.3380327000049874,0.33609190001152456,7.8596018145154645,0
140,hdd,0,104.44791032022417,0.3379156203421791,0.0009598552044232348,1,1,1,1,104.5261623835711,0.0,0.35671769990585744,0.33659399999305606,10.45261623835711,0
141,hdd,0,61.649447360995204,0.12891950791882198,0.0077386271517104165,1,1,1,1,61.89942879656817,0.0,0.33774889993947,0.3341208000201732,6.189942879656817,0
142,hdd,0,94.92048239312422,0.33368471269984623,0.0037051404815959133,1,1,1,1,95.3568477333186,0.0,0.3565468000015244,0.33348750008735806,9.53568477333186,0
143,hdd,0,70.06634538211944,0.6741684773295981,0.004912743776023883,1,1,1,1,70.50864282671023,0.0,0.3482287999941036,0.33869440003763884,7.050864282671023,0
144,hdd,0,44.43395973867379,0.6487113794898042,0.0013055959653454116,1,1,1,1,44.66078222512553,0.0,0.3230755999684334,0.34839980001561344,4.466078222512553,0
145,hdd,0,97.59940596309364,0.26070851141495355,0.004226545840261521,1,1,1,1,97.67904336420878,0.0,0.33945309999398887,0.3172045999672264,9.767904336420878,0
146,hdd,0,36.75160395722372,0.12419663902932174,0.0010439698373396818,1,1,1,1,37.29731056829522,0.0,0.33579069992993027,0.32472409994807094,3.7297310568295217,0
147,hdd,0,118.94826233585297,0.6816192174521513,0.002181518893576829,1,1,1,1,119.26958107270904,0.0,0.33521940000355244,0.3219041000120342,11.926958107270904,0
148,hdd,0,112.24308041622739,0.5580102223730103,0.0008538612057360352,1,1,1,1,112.74773880800817,0.0,0.4453110999893397,0.36093419999815524,11.274773880800817,0
149,hdd,0,100.79615213134097,0.627206165931687,0.0005435650941352657,1,1,1,1,101.07824547890485,0.0,0.32677719998173416,0.3318953000707552,10.107824547890484,0
150,hdd,0,116.98588314947327,0.26827032667347744,0.00515441124573065,1,1,1,1,117.53843430017534,0.0,0.37790590000804514,0.32574700005352497,11.753843430017534,0
151,hdd,0,95.94229071785917,0.43345265098641017,0.0034351057805631917,1,1,1,1,95.96614196441276,0.0,0.33754999993834645,0.4426904999418184,9.596614196441276,0
152,hdd,0,66.00665760681528,0.3462633585009302,0.002005757841377562,1,1,1,1,66.38065075329767,0.0,0.34080829995218664,0.3315091000404209,6.638065075329767,0
153,hdd,0,105.78786388596407,0.49766436931676317,0.0026361298598755988,1,1,1,1,105.83314960618776,0.0,0.3854274000041187,0.3275576999876648,10.583314960618775,0
154,hdd,0,106.35132518214729,0.29996353385746566,0.006357919540911799,1,1,1,1,106.51595971624955,0.0,0.33296250004787,0.3243633999954909,10.651595971624955,0
155,hdd,0,68.10007468513697,0.7588184559710943,0.004508250815741454,1,1,1,1,68.18746159593232,0.0,0.3545647000428289,0.39762260008137673,6.818746159593232,0
156,hdd,0,109.28385367002664,0.6681471769436238,0.0008158924162469129,1,1,1,1,109.83275856468792,0.0,0.340287399943918,0.3249445999972522,10.983275856468792,0
157,hdd,0,47.84194375683913,0.20705515910553862,0.00028975747707005964,1,1,1,1,47.88718686764727,0.0,0.34104730002582073,0.4103645000141114,4.788718686764727,0
158,hdd,0,79.24064148473957,0.4446223559245581,0.0074819225809684975,1,1,1,1,79.29741960939457,0.0,0.36750569997821003,0.40040390007197857,7.929741960939457,0
159,hdd,0,50.79633748432113,0.30151919872602406,0.0008423517094243848,1,1,1,1,51.3399133818818,0.0,0.36950050003360957,0.46022859995719045,5.13399133818818,0
160,hdd,0,31.863738963523765,0.1228255334377071,0.005077645166709093,1,1,1,1,31.99435200287377,0.0,0.4234988000243902,0.3777066000038758,3.199435200287377,0
161,hdd,0,117.89431969622758,0.11391586038668616,0.0006821759988224837,1,1,1,1,118.07316512707676,0.0,0.36733699997421354,0.4577806999441236,11.807316512707676,0
162,hdd,0,41.841955774969946,0.4074736166408569,0.0071314011217834105,1,1,1,1,42.070562009539,0.0,0.3851729999296367,0.3435324999736622,4.2070562009539,0
163,hdd,0,114.47807603318937,0.3550286615774092,0.0068093880404746345,1,1,1,1,115.05936513049444,0.0,0.4480174999916926,0.34533849998842925,11.505936513049445,0
164,hdd,0,83.78252231449298,0.684928833645744,0.0018723351407470413,1,1,1,1,84.28070355624531,0.0,0.4033756999997422,0.3436628000345081,8.42807035562453,0
165,hdd,0,60.81695187213344,0.33232669087791367,0.0037166396671749055,1,1,1,1,61.179379660246184,0.0,0.3980355999665335,0.3548108999384567,6.117937966024618,0
166,hdd,0,49.21311422184992,0.5211369417625843,0.002913687848307141,1,1,1,1,49.7661228371026,0.0,0.4293576000491157,0.402568299905397,4.97661228371026,0
167,hdd,0,118.03786570442543,0.19585086653964456,0.004253236455328451,1,1,1,1,118.06507624551266,0.0,0.42702770000323653,0.5205469999928027,11.806507624551266,0
168,hdd,0,102.49324162841981,0.3641336357082178,0.0028449479815534882,1,1,1,1,102.8868919192671,0.0,0.44731059996411204,0.3632913999026641,10.28868919192671,0
169,hdd,0,21.720872545884976,0.3811803361581261,0.0042102438206843935,1,1,1,1,21.94869792834151,0.0,0.4031219999305904,0.49496999999973923,2.194869792834151,0
170,hdd,0,36.64264695097569,0.5810353491742413,0.005731851522215816,1,1,1,1,37.002626394088,0.0,0.35104939993470907,0.35112699994351715,3.7002626394087996,0
171,hdd,0,91.9064628546221,0.3582203632388298,0.0001820534814615575,1,1,1,1,92.3005237973841,0.0,0.3774567999644205,0.5403831999283284,9.23005237973841,0
172,hdd,0,114.228702210066,0.6069337173443081,0.005546275124171731,1,1,1,1,114.71610344296569,0.0,0.4643493000185117,0.499977600062266,11.471610344296568,0
173,hdd,0,118.39094219182644,0.19833472127832602,0.005483406358048225,1,1,1,1,118.73576087876026,0.0,0.5168730999575928,0.49930080003105104,11.873576087876026,0
174,hdd,0,78.94879570031313,0.7635980390481281,0.0007434753985102694,1,1,1,1,79.00484473289895,0.0,0.4205093999626115,0.43451930000446737,7.900484473289895,0
175,hdd,0,42.21169354630725,0.34043033191123107,0.006053454280731103,1,1,1,1,42.54156411861341,0.0,0.3710286000277847,0.4246226999675855,4.254156411861341,0
176,hdd,0,93.7426317028818,0.4632744231435183,0.007341662265355571,1,1,1,1,93.82675318315415,0.0,0.32512940000742674,0.3312052999390289,9.382675318315416,0
177,hdd,0,79.76486454483866,0.5027617027112848,0.007982909636411037,1,1,1,1,79.91202916333101,0.0,0.3379376999801025,0.42812810000032187,7.991202916333101,0
178,hdd,0,117.32975745167477,0.5895121987965948,0.005105997645254207,1,1,1,1,117.65800125320398,0.0,0.35722869995515794,0.3349260000977665,11.765800125320398,0
179,hdd,0,30.278749565247235,0.6456128839749548,0.004831031885585327,1,1,1,1,30.41753733247954,0.0,0.31733929994516075,0.31576309993397444,3.041753733247954,0
180,hdd,0,91.33695566577212,0.5117027380012671,0.0002442914738431543,1,1,1,1,91.75078123851641,0.0,0.3774439999833703,0.3244030000641942,9.175078123851641,0
181,hdd,0,92.00322611189124,0.5920029429266729,0.0033747134503132174,1,1,1,1,92.48308197227409,0.0,0.33400889998301864,0.3268347999546677,9.24830819722741,0
182,hdd,0,57.86914242805269,0.2094798850048256,0.004406524528725473,1,1,1,1,57.90250367833498,0.0,0.3575359999667853,0.3160129999741912,5.790250367833498,0
183,hdd,0,77.52207365755913,0.7685715704868891,0.007275982054031647,1,1,1,1,77.57366272439938,0.0,0.36322289996314794,0.36650030000600964,7.757366272439938,0
184,hdd,0,74.27302444925637,0.7792167582149688,0.0015188093576273525,1,1,1,1,74.4146350653502,0.0,0.3339988000225276,0.36355909996200353,7.44146350653502,0
185,hdd,0,68.5890492383521,0.4049851948959329,0.0035602613988692917,1,1,1,1,68.70095339700599,0.0,0.3306319999974221,0.38207880000118166,6.870095339700599,0
186,hdd,0,65.47118494232839,0.11751565672301512,0.003277756924411817,1,1,1,1,65.74451891237261,0.0,0.3201375000644475,0.3310539999511093,6.574451891237262,0
187,hdd,0,51.58544418198143,0.27069829376888743,0.003822997634653908,1,1,1,1,52.03187582615669,0.0,0.33207780006341636,0.3237665999913588,5.203187582615669,0
188,hdd,0,62.450283649955246,0.6864361924041802,0.0002996559194922792,1,1,1,1,62.81288680222721,0.0,0.35159919993020594,0.35573339997790754,6.281288680222721,0
189,hdd,0,89.64729717275952,0.565811247101824,0.0014789459350596887,1,1,1,1,90.06222103506798,0.0,0.32333469996228814,0.32679239998105913,9.006222103506797,0
190,hdd,0,27.220514505567557,0.5390295492956633,0.007107131399771005,1,1,1,1,27.302178809402335,0.0,0.3263305000727996,0.36540729994885623,2.7302178809402333,0
191,hdd,0,86.4104574701802,0.17034529712727728,0.0030798722271225733,1,1,1,1,86.55975340036738,0.0,0.39160610001999885,0.32760940003208816,8.655975340036738,0
192,hdd,0,38.36348258537622,0.1639633774720804,0.005897326018697768,1,1,1,1,38.61645291150464,0.0,0.3641787999076769,0.32804910000413656,3.861645291150464,0
193,hdd,0,26.55313640146949,0.5678360937634266,0.002599162372239878,1,1,1,1,26.587893962043463,0.0,0.35014220001176,0.43422149994876236,2.6587893962043463,0
194,hdd,0,55.96500676136798,0.6637367108176965,0.005815537662065289,1,1,1,1,56.17612979274007,0.0,0.40214089991059154,0.3355177000630647,5.617612979274007,0
195,hdd,0,23.123055919878418,0.2349191513076471,0.004284297183050411,1,1,1,1,23.449689795069606,0.0,0.362168199964799,0.34498130006249994,2.3449689795069606,0
196,hdd,0,57.269465663445764,0.7626087460258033,0.0026952677211065593,1,1,1,1,57.7488214005605,0.0,0.3303958000615239,0.35939970007166266,5.77488214005605,0
197,hdd,0,65.85059755724771,0.21594908483101818,0.0035840406082251267,1,1,1,1,66.33948329173074,0.0,0.3475335999391973,0.37730299995746464,6.633948329173075,0
198,hdd,0,98.66422851456899,0.32801794841793147,0.0053145857742480295,1,1,1,1,98.92618289734583,0.0,0.3715254000853747,0.38595280004665256,9.892618289734582,0
199,hdd,0,32.12207674231025,0.4733757861224007,0.0025167904610757857,1,1,1,1,32.48208617695645,0.0,0.33043329999782145,0.3418999999994412,3.248208617695645,0
200,hdd,0,24.174164708790755,0.27788999068590403,0.0013625779234142919,1,1,1,1,24.400322652273143,0.0,0.32680159993469715,0.33356699999421835,2.4400322652273143,0
201,hdd,0,103.75976801776055,0.7090858404783849,0.0006458131954469819,1,1,1,1,104.00031887449686,0.0,0.4645136999897659,0.4251432999735698,10.400031887449686,0
202,hdd,0,63.37773285391269,0.6667337571672383,0.0063804689732535,1,1,1,1,63.65765478015453,0.0,0.32675560005009174,0.34129939996637404,6.365765478015453,0
203,hdd,0,86.18663710015754,0.3740427577943738,0.004329223935747138,1,1,1,1,86.6775323225459,0.0,0.3388985999627039,0.3442581999115646,8.66775323225459,0
204,hdd,0,25.343394961098145,0.14670265114332623,0.0027656472467869897,1,1,1,1,25.48447568817842,0.0,0.33218390005640686,0.37044329999480397,2.548447568817842,0
205,hdd,0,53.088748834187356,0.45291670507815107,0.004470760190364986,1,1,1,1,53.24126266878135,0.0,0.33953520003706217,0.34672869998030365,5.324126266878135,0
206,hdd,0,33.95871007504526,0.15590445709266668,0.0032326041832658886,1,1,1,1,34.068866480450495,0.0,0.4218337000347674,0.328568400000222,3.4068866480450497,0
207,hdd,0,96.8367667527277,0.4873670729378452,0.0005209340411681693,1,1,1,1,96.97944862600063,0.0,0.42437330004759133,0.37744309997651726,9.697944862600064,0
208,hdd,0,20.007361006975387,0.29037298932821387,0.0029921684759850672,1,1,1,1,20.34904007830005,0.0,0.47154310008045286,0.4769050000468269,2.034904007830005,0
209,hdd,0,115.30506024256272,0.6120372560096785,0.003871945072347047,1,1,1,1,115.80186675587112,0.0,0.3347387000685558,0.3214960000477731,11.580186675587111,0
210,hdd,0,72.35843277759336,0.7747473061218927,0.0007190141139413021,1,1,1,1,72.63214419439991,0.0,0.329008899978362,0.33142160007264465,7.263214419439992,0
211,hdd,0,41.20909921956442,0.44988637023126776,0.005970419138903612,1,1,1,1,41.453608504870274,0.0,0.34890230000019073,0.36976599995978177,4.145360850487028,0
212,hdd,0,53.774898123777504,0.4903357308752727,0.0034993674484599573,1,1,1,1,54.33749153220262,0.0,0.3511648999992758,0.34131609997712076,5.433749153220262,0
213,hdd,0,72.04484781731477,0.42027465990688817,0.002671976757543823,1,1,1,1,72.12798982493628,0.0,0.3348833000054583,0.32838859991170466,7.212798982493628,0
214,hdd,0,37.650345430058906,0.4821194179823036,0.0072367493927099945,1,1,1,1,38.17302019005337,0.0,0.3585873000556603,0.32595410000067204,3.817302019005337,0
215,hdd,0,115.71395823179174,0.30998949970847417,0.007826276550876898,1,1,1,1,115.94752607336996,0.0,0.4480695999227464,0.33901210001204163,11.594752607336996,0
216,hdd,0,119.7742375335452,0.5199309163253666,0.0061492971851319096,1,1,1,1,119.99246437638473,0.0,0.40223639993928373,0.3279712999938056,11.999246437638472,0
217,hdd,0,105.0347883728721,0.5417662367793363,0.005673662443643718,1,1,1,1,105.39681122746316,0.0,0.40050510002765805,0.3381273999111727,10.539681122746316,0
218,hdd,0,27.71573962345603,0.1785212600120445,0.003310577475436158,1,1,1,1,27.743484918795545,0.0,0.32705199997872114,0.3380287999752909,2.7743484918795547,0
219,hdd,0,71.56701878296036,0.7379559194146059,0.002736081598193391,1,1,1,1,71.57136599282002,0.0,0.3241495001129806,0.3565575999673456,7.157136599282002,0
220,hdd,0,43.24172498308164,0.36159803235493226,0.00012833083514828022,1,1,1,1,43.3932005701513,0.0,0.37943760002963245,0.33534449990838766,4.33932005701513,0
221,hdd,0,44.971729469588084,0.47953550381006016,0.0030475296227295587,1,1,1,1,45.25520807705266,0.0,0.33335359999909997,0.32753849995788187,4.5255208077052655,0
222,hdd,0,56.06418946467457,0.2376695988031776,0.006525430345146369,1,1,1,1,56.122154880406015,0.0,0.3415896000806242,0.33688159997109324,5.612215488040602,0
223,hdd,0,82.86401934962291,0.5476807503512642,0.001931336748543386,1,1,1,1,83.11221548369687,0.0,0.35793729999568313,0.3535905999597162,8.311221548369687,0
224,hdd,0,112.66747332091235,0.5043646109763852,0.006917460990922311,1,1,1,1,112.89078427924353,0.0,0.3369484000140801,0.35955699998885393,11.289078427924354,0
225,hdd,0,59.53587696902607,0.2915309695593337,0.000573415557436524,1,1,1,1,59.76030320592578,0.0,0.403003100072965,0.39070089999586344,5.976030320592578,0
226,hdd,0,56.95521102889565,0.6591474502525354,0.0005048755554973929,1,1,1,1,57.00061712409932,0.0,0.34759729995857924,0.33612660004291683,5.700061712409932,0
227,hdd,0,59.93267365410374,0.795292106177667,0.00022791253555999567,1,1,1,1,59.94426919165754,0.0,0.3640914000570774,0.3339951999951154,5.994426919165754,0
228,hdd,0,27.455153245016067,0.1808656509211159,0.002388789819426526,1,1,1,1,27.587172362560608,0.0,0.39908319991081953,0.47068280004896224,2.758717236256061,0
229,hdd,0,84.34693024238514,0.3245787527163252,0.0056122438230148015,1,1,1,1,84.40130309637142,0.0,0.3689262999687344,0.3764035999774933,8.440130309637143,0
230,hdd,0,33.57181970829606,0.6719070074695297,0.005353730743549849,1,1,1,1,33.70114032558442,0.0,0.38195190008264035,0.3453629999421537,3.3701140325584418,0
231,hdd,0,45.224885756494444,0.6415455154330132,0.001852545545192398,1,1,1,1,45.76647973372734,0.0,0.39962209993973374,0.33603390003554523,4.576647973372734,0
232,hdd,0,23.752560683527342,0.6189549288136179,0.004009241621093081,1,1,1,1,24.025354196141315,0.0,0.3434427999891341,0.32467370002996176,2.4025354196141313,0
233,hdd,0,52.90020556949506,0.7924367985228713,0.0014314002040755024,1,1,1,1,53.12589995984061,0.0,0.3485428000567481,0.37643219996243715,5.312589995984061,0
234,hdd,0,43.94818614530553,0.3499599331476548,0.0016724467484466638,1,1,1,1,44.136358947173846,0.0,0.3857204000232741,0.32016909995581955,4.413635894717385,0
235,hdd,0,69.14617020186186,0.41315205967467017,0.007445764690416648,1,1,1,1,69.46450225088566,0.0,0.34862039994914085,0.44285969994962215,6.946450225088566,0
236,hdd,0,113.52053791380526,0.10588873294663098,0.0016801412866950661,1,1,1,1,113.88266829227716,0.0,0.36889779998455197,0.32884810003452003,11.388266829227716,0
237,hdd,0,116.10846750767365,0.5764325102993917,0.001895931894154154,1,1,1,1,116.29128505061016,0.0,0.34618049999698997,0.32215649995487183,11.629128505061015,0
238,hdd,0,86.73747005459022,0.5499012481951084,0.004758342113766998,1,1,1,1,87.30798238116888,0.0,0.3338933999184519,0.34898670006077737,8.730798238116888,0
239,hdd,0,81.96603528089514,0.7728098483713506,0.0024811906819149914,1,1,1,1,81.98359492023796,0.0,0.356773899984546,0.364597599953413,8.198359492023796,0
240,hdd,0,96.16242264523329,0.6963230641833086,0.0034123775266288493,1,1,1,1,96.56304131192769,0.0,0.4082215999951586,0.33598500001244247,9.656304131192769,0
241,hdd,0,55.01340849255693,0.14409299373702963,0.0011455712241785375,1,1,1,1,55.301563393796286,0.0,0.35533130005933344,0.3725794000783935,5.530156339379628,0
242,hdd,0,115.58464446283168,0.20484709565419046,0.0012411968575356865,1,1,1,1,115.61889462637778,0.0,0.48850300000049174,0.38161849998869,11.561889462637778,0
243,hdd,0,88.16130406624762,0.7526040034522667,0.006211974387131337,1,1,1,1,88.55808225592577,0.0,0.33279010001569986,0.3257384999888018,8.855808225592577,0
244,hdd,0,99.62946654391693,0.6941028231180235,0.0075717192413112915,1,1,1,1,99.67443674397609,0.0,0.33648219995666295,0.38701999990735203,9.96744367439761,0
245,hdd,0,53.43393675813003,0.39818361873644215,0.006738611424832437,1,1,1,1,53.92307717817784,0.0,0.3384008000139147,0.3428976000286639,5.3923077178177845,0
246,hdd,0,22.5352914076073,0.15036124418950533,0.006586622381128672,1,1,1,1,23.01237241115124,0.0,0.4512712999712676,0.3353285000193864,2.301237241115124,0
247,hdd,0,58.295976543000435,0.1586535493512713,0.0032266337849996825,1,1,1,1,58.39018414440877,0.0,0.5234794999705628,0.3709769000997767,5.839018414440877,0
248,hdd,0,45.830610881395714,0.18752449531814985,0.007297784155706383,1,1,1,1,45.960314105458934,0.0,0.3740694000152871,0.33216669992543757,4.596031410545893,0
249,hdd,0,57.52289099328451,0.24051197734577134,0.0028842345678342677,1,1,1,1,57.693238093043185,0.0,0.3647445000242442,0.35059519996866584,5.769323809304319,0
250,hdd,0,33.246550485528246,0.17624752230440865,0.007620200457252578,1,1,1,1,33.73972303048234,0.0,0.4122338000452146,0.37374950002413243,3.373972303048234,0
251,hdd,0,58.50671219981631,0.4950723971654628,0.0015939132566543089,1,1,1,1,58.83845060982709,0.0,0.3763501999201253,0.3355795999523252,5.8838450609827095,0
252,hdd,0,85.55642141931504,0.226162435892292,0.007012038152270748,1,1,1,1,85.62289304589044,0.0,0.3403606000356376,0.3715471000177786,8.562289304589044,0
253,hdd,0,25.84641013158681,0.3176730312362742,0.0037559878930251336,1,1,1,1,26.065023939163723,0.0,0.3553165999474004,0.3394859000109136,2.6065023939163723,0
254,hdd,0,75.3175419933315,0.6060108541328435,0.005868831381505848,1,1,1,1,75.75650006204602,0.0,0.40732140000909567,0.36748250003438443,7.575650006204602,0
255,hdd,0,34.66358007272629,0.41689391539210685,0.005199165772989289,1,1,1,1,34.77583276717584,0.0,0.4269982000114396,0.4827563000144437,3.477583276717584,0
256,hdd,0,63.96312351081259,0.3855529849978674,0.0010068896291002911,1,1,1,1,64.53084244501927,0.0,0.3764477999648079,0.45126899995375425,6.453084244501928,0
257,hdd,0,109.81026264985644,0.3786228774402124,0.007310681724450939,1,1,1,1,110.12308141872413,0.0,0.3702795000281185,0.37296609999611974,11.012308141872413,0
258,hdd,0,24.99841953569604,0.5740088045948679,0.0018234901576952808,1,1,1,1,25.504704406184906,0.0,0.3383859000168741,0.3486686000833288,2.550470440618491,0
259,hdd,0,76.2790855046317,0.627863146094351,0.007497186892218919,1,1,1,1,76.41520079907455,0.0,0.37708550004754215,0.36395310005173087,7.641520079907456,0
260,hdd,0,87.91524550541527,0.7955228147445604,0.003347881135192036,1,1,1,1,88.42358655743578,0.0,0.3760234001092613,0.3527451000409201,8.842358655743578,0
261,hdd,0,85.79885851522222,0.2843691510882255,0.005377025704569621,1,1,1,1,86.12874599512668,0.0,0.3498457999667153,0.3311137999407947,8.612874599512669,0
262,hdd,0,95.3956135513933,0.722257068725067,0.0006186876394068936,1,1,1,1,95.85465766193254,0.0,0.332340499968268,0.3238944999175146,9.585465766193254,0
263,hdd,0,97.13308869371247,0.3888285033778074,0.0031356259708322873,1,1,1,1,97.67316933201701,0.0,0.3405930999433622,0.3538001000415534,9.767316933201702,0
264,hdd,0,50.22745478854549,0.37748441374947916,0.0014125377394640082,1,1,1,1,50.23297619609974,0.0,0.3333810999756679,0.3403652999550104,5.023297619609974,0
265,hdd,0,67.55117378153093,0.10228892032175921,0.0024222536597978193,1,1,1,1,68.01257937239654,0.0,0.3438050999538973,0.3309879000298679,6.801257937239654,0
266,hdd,0,51.09160555971637,0.27334778711673835,0.0003536378563611365,1,1,1,1,51.45633663374114,0.0,0.33983339997939765,0.32574470003601164,5.145633663374114,0
267,hdd,0,105.56094894295667,0.7535899546000587,0.003850831185385908,1,1,1,1,105.89993853993414,0.0,0.3430439999792725,0.3213511999929324,10.589993853993414,0
268,hdd,0,71.95799121941778,0.6153313231232705,0.006274850788615209,1,1,1,1,72.31655171972612,0.0,0.45173410000279546,0.32590289996005595,7.231655171972612,0
269,hdd,0,50.60901868785264,0.595816317029642,0.002853552680641901,1,1,1,1,50.91001393199544,0.0,0.3727861000224948,0.3613638000097126,5.0910013931995435,0
270,hdd,0,60.33199746508889,0.7906279804622391,0.004373517744481853,1,1,1,1,60.69101050258183,0.0,0.38680370000656694,0.34431479999329895,6.069101050258183,0
271,hdd,0,82.13845372195527,0.25837054339045684,0.0005894052746732241,1,1,1,1,82.42590854425269,0.0,0.3353931999299675,0.3512107999995351,8.24259085442527,0
272,hdd,0,41.373206566624106,0.37174886570274013,0.0057700855458703805,1,1,1,1,41.42499987115347,0.0,0.3454051000298932,0.36848860001191497,4.142499987115347,0
273,hdd,0,104.24227093616638,0.23288212070846534,0.006490811530429578,1,1,1,1,104.80033427416795,0.0,0.34260119998361915,0.3317638000007719,10.480033427416796,0
274,hdd,0,77.90174826893241,0.40178488422445924,0.005791033461950864,1,1,1,1,78.0629959654027,0.0,0.4213487000670284,0.40474480006378144,7.806299596540271,0
275,hdd,0,101.99394648536187,0.4346100011924,0.004607165852275017,1,1,1,1,102.42764441457402,0.0,0.3359956000931561,0.333477700012736,10.242764441457402,0
276,hdd,0,101.37537050069874,0.4377414494846892,0.004570379463113722,1,1,1,1,101.83615140388672,0.0,0.37448239990044385,0.33491109998431057,10.183615140388671,0
277,hdd,0,45.48215305330346,0.6030756114998618,0.0025419301129706723,1,1,1,1,45.792268038501675,0.0,0.3288408999796957,0.3464232999831438,4.579226803850167,0
278,hdd,0,22.758076788428188,0.2200104784775881,0.0010731087403417399,1,1,1,1,22.810356882332663,0.0,0.3336987999500707,0.3306291999761015,2.281035688233266,0
279,hdd,0,37.672194308002354,0.2833550310948981,0.0031596111186163855,1,1,1,1,37.952324328970775,0.0,0.3335254000267014,0.33701980009209365,3.7952324328970777,0
280,hdd,0,40.9958433740196,0.24280926670194247,0.004626127198212106,1,1,1,1,41.34733229112011,0.0,0.3413947999943048,0.34968639991711825,4.134733229112011,0
281,hdd,0,31.19734618987981,0.1347804987527914,0.00568294249542199,1,1,1,1,31.4778822466109,0.0,0.3301357999444008,0.3393118999665603,3.14778822466109,0
282,hdd,0,119.2016642533198,0.5604073096041785,0.006796016689163516,1,1,1,1,119.31600240464014,0.0,0.3544359999941662,0.36145150009542704,11.931600240464014,0
283,hdd,0,55.34615012348632,0.6712503025557491,0.0073813455468560146,1,1,1,1,55.68027027821047,0.0,0.3837085000704974,0.34144129999913275,5.5680270278210475,0
284,hdd,0,54.04700571314743,0.7185373069303355,0.006474342735799379,1,1,1,1,54.49384967404085,0.0,0.4815913001075387,0.34259240003302693,5.449384967404085,0
285,hdd,0,39.176733037275056,0.29428851188935345,0.006669910247098379,1,1,1,1,39.21998301112897,0.0,0.3437829000176862,0.3362852999707684,3.9219983011128967,0
286,hdd,0,119.54031576832088,0.7031269545306846,0.006833554229052807,1,1,1,1,119.88557319969395,0.0,0.36165219999384135,0.35240540001541376,11.988557319969395,0
287,hdd,0,34.7562880077824,0.7468397596966059,0.007051468431502893,1,1,1,1,34.87600279667604,0.0,0.3453516000881791,0.3673396999947727,3.487600279667604,0
288,hdd,0,110.96512830106508,0.29622406232128456,0.007923584732284772,1,1,1,1,111.282867084579,0.0,0.4623372000642121,0.42203999997582287,11.1282867084579,0
289,hdd,0,91.06730085472722,0.17443365421995832,0.002341216070211162,1,1,1,1,91.31936156776898,0.0,0.3348355999914929,0.3228663000045344,9.131936156776899,0
290,hdd,0,65.0854665449641,0.43127933977930877,0.0023472206764344724,1,1,1,1,65.18211625798332,0.0,0.33976260002236813,0.35516139992978424,6.518211625798332,0
291,hdd,0,20.874285106548108,0.34798827075472144,0.006962998104306986,1,1,1,1,20.928507127376285,0.0,0.3425432000076398,0.33503509999718517,2.0928507127376283,0
292,hdd,0,21.201790037283306,0.7502553575266008,0.005397100236562713,1,1,1,1,21.496205784455924,0.0,0.33361189998686314,0.339016699930653,2.1496205784455924,0
293,hdd,0,40.47300354208398,0.7453786733855422,0.0047306193398435285,1,1,1,1,40.852435024640734,0.0,0.3458158998982981,0.3497097999788821,4.085243502464073,0
294,hdd,0,38.6882062101445,0.4185755060678713,0.00759475354184665,1,1,1,1,38.73336621790817,0.0,0.3593105999752879,0.3356946000130847,3.873336621790817,0
295,hdd,0,117.54093133903899,0.3440804170406161,0.002209837101519301,1,1,1,1,118.00638494389001,0.0,0.34996670007240027,0.342796599958092,11.800638494389002,0
296,hdd,0,29.27904283314848,0.4600693551620815,0.0019909472598877626,1,1,1,1,29.755507081088652,0.0,0.3330270000733435,0.3375454999040812,2.975550708108865,0
297,hdd,0,39.68170053604806,0.35376494092749666,0.0010373620131972046,1,1,1,1,40.089594635712004,0.0,0.3524577000644058,0.4193604000611231,4.0089594635712,0
298,hdd,0,110.41549847899991,0.14461091587885833,0.00551258364381676,1,1,1,1,110.62204889975024,0.0,0.3363199000013992,0.3266367999603972,11.062204889975025,0
299,hdd,0,114.9326372994515,0.11123321235196747,0.003932746338630226,1,1,1,1,115.25062811777298,0.0,0.3483393000205979,0.3175498000346124,11.525062811777298,0
300,pcb,1,72.11590024576635,0.7228978575781757,0.005786132544350021,0,0,0,0,72.38590604472294,54.33537070206712,1.0068047000095248,1.1074617999838665,0.3322059849675254,0
301,pcb,1,80.72026247249633,0.6539633328889612,0.007140674527194571,0,0,0,0,80.89033652163246,59.238794909048124,0.9575429999968037,1.1712852999335155,0.3654959836003903,0
302,pcb,1,79.74940257606046,0.7690513848725505,0.00014880058907423285,0,0,0,0,79.89042509862561,59.0954550866954,0.9375188000267372,1.118517900002189,0.35188780560913113,0
303,pcb,1,113.1829895376663,0.6437709326484838,0.0050695492888217855,0,0,0,0,90.88544016094282,90.75558129766065,0.9755619999486953,1.155238699982874,0.0014308636606739857,1
304,pcb,1,26.90712232482702,0.2673500866385148,0.006362080011337407,0,0,0,0,26.922469352087262,15.686585696888937,1.0190326999872923,1.0445707000326365,0.7162733734611667,0
305,pcb,1,110.99864075833801,0.38394584454192804,0.0007746198928943037,0,0,0,0,91.59095971108728,70.91720585628724,1.075580499949865,1.5398073999676853,0.29151957702190245,0
306,pcb,1,53.38726507391051,0.6984180340667723,0.007853720305441134,0,0,0,0,53.68702203487183,38.694667462109535,1.159205700038001,1.4369323999853805,0.3874527307268646,0
307,pcb,1,116.68495777328306,0.36694926022925034,0.0037348568555048344,0,0,0,0,91.5737529633823,75.70007685731406,0.9822604999644682,1.1038667999673635,0.20969167753935442,0
308,pcb,1,98.66737275190863,0.3309212158065967,0.004076838383944204,0,0,0,0,91.85805406231596,64.19286227270864,1.1099310000427067,1.104509900091216,0.4309699055337041,0
309,pcb,1,104.41293372067439,0.6877056792390157,0.002284217523863505,0,0,0,0,90.4113211244204,76.0046867482322,1.0586028000107035,1.1029390000039712,0.189549289557769,0
310,pcb,1,87.89999357006783,0.6680475614552907,0.005171983473005375,0,0,0,0,88.05103710730671,62.95475722334653,0.9911825000308454,1.0863817000063136,0.39863992795533043,0
311,pcb,1,109.51634320689081,0.39970402802162364,0.005970155452684751,0,0,0,0,84.00899811788199,78.88845941162509,0.9512783999089152,1.1664707000600174,0.06490859048899522,1
312,pcb,1,21.55285830465919,0.782489379251976,0.006151894263718069,0,0,0,0,21.597535794886102,15.20700764585119,0.9956879999954253,0.9861272999551147,0.420235742485366,0
313,pcb,1,56.194054554948956,0.17369935766282574,0.00749084496420915,0,0,0,0,56.286028740652675,37.4921918974743,0.9384308001026511,1.0865551999304444,0.5012733556515389,0
314,pcb,1,63.804001199803565,0.2864938696563311,0.0053178528151495395,0,0,0,0,64.17972243223011,44.22478788590881,0.9306653999956325,1.0663327000802383,0.4512160600476157,0
315,pcb,1,45.972376161347604,0.25040871109213764,0.003337312827121889,0,0,0,0,46.06442099887235,29.18707338836953,0.9165963000850752,1.04252739995718,0.578247342100017,0
316,pcb,1,49.903734579896124,0.3214735953343937,0.0005781205308736943,0,0,0,0,50.003152605793794,33.19831916761529,1.0085611999966204,1.088159800041467,0.5061953092664853,0
317,pcb,1,50.191833602170874,0.21757161358429716,0.003409292484522675,0,0,0,0,50.29221931577239,32.276840786376006,0.9255373000632972,1.1130103999748826,0.5581518540996938,0
318,pcb,1,85.99867954542546,0.3383661412686708,0.0004145309515212001,0,0,0,0,86.2290737720464,59.97015415401503,0.9528718000510707,1.1285843000514433,0.43786646855356354,0
319,pcb,1,77.14212313039293,0.506463567619535,0.007046313412321996,0,0,0,0,77.28830109510159,56.481094449282516,0.9864762000506744,1.3846635000081733,0.36839241251783833,0
320,pcb,1,29.046021978283363,0.5565821142477685,0.0011948321452416176,0,0,0,0,29.248942621453544,18.07160417944347,1.010665399953723,1.0713030999759212,0.6185028363295135,0
321,pcb,1,75.6624321392618,0.565742533547187,0.0027571598629718913,0,0,0,0,75.84910343687788,54.68707264624879,0.9525265000993386,1.1059041999978945,0.38696587267559085,0
322,pcb,1,88.47782745625514,0.704616095488456,0.0031512592447182886,0,0,0,0,88.56745380428022,63.332049801169305,0.9385446000378579,1.2067509999033064,0.39846182276331427,0
323,pcb,1,87.16782157016806,0.5173803876005737,0.00793331795728493,0,0,0,0,79.80917131194025,62.58511821118986,0.9413562000263482,1.1266618999652565,0.2752100434264392,0
324,pcb,1,32.69350463696677,0.4386113364408156,0.003235357984178496,0,0,0,0,32.79156405192993,20.847797699077766,1.0126517999451607,1.0748782999580726,0.5729030243506495,0
325,pcb,1,23.78036475340999,0.462065591722849,0.006035012309048673,0,0,0,0,23.849873563788382,13.849828798851494,0.972926800022833,1.0728913000784814,0.722033817902944,0
326,pcb,1,100.45860238300224,0.19239588962315585,0.0009760131529982914,0,0,0,0,88.90047806796501,66.69468654889772,0.9704864000668749,1.150977800018154,0.3329469357770644,0
327,pcb,1,91.1712188206926,0.6346092969024578,0.0048095592842981654,0,0,0,0,90.7429432907607,64.19009766995728,0.9832618000218645,1.136194200022146,0.41365952981297427,0
328,pcb,1,82.72484501987154,0.406827077904529,0.004519027588455657,0,0,0,0,84.1376647614311,59.886742691156755,0.9585513999918476,1.1378198999445885,0.40494642020086663,0
329,pcb,1,27.100402348167105,0.6280459886844494,0.005300814041144502,0,0,0,0,27.19915480612256,17.25213188170802,0.9665157000999898,1.070904599968344,0.5765677536328774,0
330,pcb,1,104.69102175469433,0.30014242807295555,0.0004891153522931167,0,0,0,0,91.91062424678141,66.87653756583046,0.9769362000515684,1.133350999909453,0.37433287655343167,0
331,pcb,1,82.21254831322483,0.3770098302546786,0.001573513973498738,0,0,0,0,82.38003955196663,58.19896170897158,0.9470468999352306,1.1065177000127733,0.41548984952539886,0
332,pcb,1,55.77348971558803,0.6056721616338561,0.007633941626066775,0,0,0,0,55.78831254697434,40.292422756279855,0.9696654001018032,1.11742519994732,0.384585704474158,0
333,pcb,1,65.41578298539326,0.7104866401510743,0.0005884489422889969,0,0,0,0,65.45843732941354,49.09741736821397,0.958536299993284,1.1176049000350758,0.3332358571632694,0
334,pcb,1,70.34350495631861,0.33504734750834486,0.001127181634185404,0,0,0,0,70.44054711942871,50.73798263233765,0.9507156999316067,1.1177864000201225,0.3883198240233879,0
335,pcb,1,25.93269986485692,0.25815702182814065,0.004486062801710223,0,0,0,0,25.934589835363518,15.048008884755651,0.934366500005126,1.05127719999291,0.7234565738219686,0
336,pcb,1,93.35159474581774,0.30184273490640057,0.00679162583211209,0,0,0,0,91.45622486371678,63.019424699324844,0.9548567000310868,1.118154300027527,0.4512386506234894,0
337,pcb,1,59.2392310338929,0.5446078176749161,0.004142925848978071,0,0,0,0,59.27831110276025,43.11303081717075,0.9577663000673056,1.2132287999847904,0.37495114537740415,0
338,pcb,1,36.693670143361636,0.36425578879239084,0.00432321171768282,0,0,0,0,36.698412945363046,23.792510925527544,0.9338095999555662,1.0659470999380574,0.5424354772908165,0
339,pcb,1,80.08038823603448,0.12232908446025466,0.005174574586096551,0,0,0,0,80.19373665979552,56.451442555737984,0.9502648999914527,1.1230613000225276,0.42057905040451904,0
340,pcb,1,59.7976581723932,0.25527585959688126,0.0075019040624173874,0,0,0,0,59.81917983015163,41.1214157113499,0.9359782000537962,1.098547700094059,0.45469650777711373,0
341,pcb,1,37.41551658020874,0.6003335273391758,0.006813777343429515,0,0,0,0,37.488635856987514,24.99582295754378,0.9799544999841601,1.082020299974829,0.49979602274600776,0
342,pcb,1,51.02870540428076,0.4978148794547601,0.005932318649856448,0,0,0,0,51.09264875599652,35.32290773440099,0.9734284000005573,1.0914932999294251,0.4464451550866344,0
343,pcb,1,47.354452706880046,0.2144239859632966,0.003075951770456733,0,0,0,0,47.61480440793835,30.229827418310983,0.9427655000472441,1.0695694000460207,0.5750934912415955,0
344,pcb,1,53.857262881644125,0.6083290038751048,2.4013460138946787e-05,0,0,0,0,53.89464793218304,38.44571126202801,1.0005459999665618,1.1043881999794394,0.401837712530854,0
345,pcb,1,118.89853841688318,0.2726434202680156,0.0074440496594642734,0,0,0,0,88.35993629740616,85.07830028796556,0.9495694000506774,1.0991213000379503,0.038571950759867205,1
346,pcb,1,25.592098128565038,0.4146280085909424,0.0006802129590008396,0,0,0,0,25.644033038124814,15.143498213476878,0.9470243999967352,1.0570438000140712,0.6934021899446615,0
347,pcb,1,22.12025545079414,0.16757253820588375,0.0015699361797987268,0,0,0,0,22.19140360939256,10.81279527759768,0.956780800013803,1.024417500011623,1.0523281020005504,0
348,pcb,1,88.01339615047264,0.6655765585793187,0.0018684546012688625,0,0,0,0,88.13783081363762,62.91051124382996,0.9685427999356762,1.1633430999936536,0.4010032516192891,0
349,pcb,1,114.26303924025137,0.23813256557688417,0.0031160980476814086,0,0,0,0,88.67033213933175,75.75136035904653,0.9552834000205621,1.1126110000768676,0.17054441952001703,0
350,pcb,1,35.79303754548889,0.5251233074851341,0.0057555194548452185,0,0,0,0,35.938920605767116,23.529554508671055,0.9446887000231072,1.0548196999588981,0.5273948596231599,0
351,pcb,1,91.96960014270061,0.48349154890696966,0.004200558853201594,0,0,0,0,85.16935857296478,62.391999343632115,0.9594612000510097,1.111842899932526,0.36506859002679776,0
352,pcb,1,35.15398580267724,0.5767140971915052,0.003470743683671091,0,0,0,0,35.25644506439991,23.20930184218151,0.9427481000311673,1.0704578999429941,0.5190652999446732,0
353,pcb,1,97.78766258241046,0.49006097346070365,0.0017340334359224516,0,0,0,0,91.14038809223315,65.72912300736654,0.949449900072068,1.1271531000966206,0.38660587456824375,0
354,pcb,1,52.670349717746866,0.6730837163058209,0.005380219233770354,0,0,0,0,52.69091493786031,37.838163059201435,0.9657007999485359,1.0899013999151066,0.39253364005594893,0
355,pcb,1,68.04574502770024,0.677895807376177,0.005125166876742716,0,0,0,0,68.82553826630304,51.199921235520684,0.9602410000516102,1.105082800029777,0.34425086221723195,0
356,pcb,1,44.266114664597126,0.2979252512319037,0.00294843036878178,0,0,0,0,44.28857270748168,28.344972359825867,0.9427761000115424,1.0570051999529824,0.5624842439519584,0
357,pcb,1,105.2027371588693,0.5828096612452427,0.001681104908624187,0,0,0,0,87.7562997159437,75.78662160850762,0.9443017999874428,1.1333313001086935,0.157939196303908,0
358,pcb,1,65.22527479503268,0.7647299703544934,0.002820081754604892,0,0,0,0,65.97453335065823,49.458618272534856,0.9491985000204295,1.0781588000245392,0.3339340170628043,0
359,pcb,1,58.6422953443127,0.3226908988103804,0.00453882846600255,0,0,0,0,58.69572997823482,41.11429259343237,0.9376142000546679,1.0717006999766454,0.427623492362141,0
360,pcb,1,94.4433107379964,0.4047350010362616,0.001605739916346054,0,0,0,0,87.52402540290815,65.83911857704334,0.9339244000148028,1.1319727000081912,0.3293620463720161,0
361,pcb,1,41.19333649162857,0.5386505086891333,0.0012424660294602498,0,0,0,0,41.2958840622101,26.89033348011588,0.948061800096184,1.09376830002293,0.5357148356953786,0
362,pcb,1,71.62805546378658,0.5056557780413075,0.0037828850072534233,0,0,0,0,71.68067551649092,53.12356696650293,0.9472473999485373,1.125008900067769,0.34931970139898894,0
363,pcb,1,36.56691725128797,0.2042296398208629,0.0025178497952165024,0,0,0,0,36.581544898315286,22.19054505603673,0.9490659000584856,1.1014914000406861,0.6485194395152372,0
364,pcb,1,55.35531155342976,0.7332953517025199,0.007977506405141313,0,0,0,0,55.35712200444367,40.84251227662989,0.9096648999257013,1.1017530999379233,0.3553799440520471,0
365,pcb,1,23.007144466054342,0.7661040383436072,0.004663936309250701,0,0,0,0,23.02906820493833,15.186713235875047,0.9512734999880195,1.0302696001017466,0.5163958025188465,0
366,pcb,1,113.98369886805848,0.3033663230838295,0.004036450667420192,0,0,0,0,91.55400436636651,73.81516968524696,0.9784075999632478,1.0817549999337643,0.2403142166679178,0
367,pcb,1,43.83539457632012,0.44829711125147986,0.002586582662592924,0,0,0,0,43.899684455921495,28.718448603898825,0.909719799994491,1.062138400040567,0.5286231182405049,0
368,pcb,1,107.04859979909449,0.5463180796937245,0.002198937650178368,0,0,0,0,86.49237098656299,76.20010247592232,0.9288711999543011,1.1375562000321224,0.13506895891502002,0
369,pcb,1,103.43947966913329,0.7122817481763815,0.0072947775393553205,0,0,0,0,88.22561641837798,75.75292219217869,0.9372548999963328,1.2196643999777734,0.1646496777319974,0
370,pcb,1,66.16706507163511,0.39631832649511833,0.0047291932279047945,0,0,0,0,66.3201968324239,48.239677517979224,0.9450037999777123,1.0617996000219136,0.374805973935169,0
371,pcb,1,38.338965144030226,0.34631789713276284,0.004449951130355087,0,0,0,0,38.417468781600576,25.054977629639758,0.9128720000153407,1.0421900999499485,0.5333268043374,0
372,pcb,1,26.121016143039217,0.23429992613828418,0.003835595507868514,0,0,0,0,26.18796476269596,14.583134652312285,0.9193187999771908,1.021073600044474,0.7957706204504958,0
373,pcb,1,24.176669451419084,0.16032691401003327,0.0013914832816032594,0,0,0,0,24.21571626795096,12.330282577305152,0.9693305999971926,1.0183006000006571,0.9639222472096363,0
374,pcb,1,48.17218035824041,0.1472435898410231,0.00789015594260212,0,0,0,0,48.209526644881386,30.75395825269291,0.9476135999429971,1.0768801999511197,0.5675876987528918,0
375,pcb,1,68.63863156448672,0.7256845562920171,0.002175066659796039,0,0,0,0,68.8343499606173,51.869778860333795,0.9448188999667764,1.153941600001417,0.32706079480236167,0
376,pcb,1,62.07483646092802,0.6854360008108992,0.006553685713396062,0,0,0,0,62.25306458924726,46.41317246853074,1.1278268999885768,1.1427441999549046,0.3412800995548484,0
377,pcb,1,97.36317497008099,0.5430620283938052,0.00046566291843599787,0,0,0,0,91.52137095300255,66.97879517771054,1.006847699987702,1.1229763000737876,0.3664230703191177,0
378,pcb,1,31.24077592679431,0.4889644728241359,0.003145339457856201,0,0,0,0,31.244061083164976,19.83237245182491,0.9919209000654519,1.0514376000501215,0.5754071359369817,0
379,pcb,1,52.106600836936536,0.5315542199237647,0.007191044463415879,0,0,0,0,52.17330436061269,36.65917856275972,0.9432608999777585,1.0695229000411928,0.42319894787858164,0
380,pcb,1,53.15503654221719,0.7370640519406527,0.0024306057531079278,0,0,0,0,53.36382577561718,39.006503838099654,0.9496095000067726,1.0885557000292465,0.3680750778667324,0
381,pcb,1,36.17109323917582,0.24276751258582613,0.002470718010658428,0,0,0,0,36.19280767230832,22.347390138447658,1.0966748999198899,1.225055699935183,0.6195541156298273,0
382,pcb,1,85.32221578194532,0.7458504195296075,0.005651824380569039,0,0,0,0,85.68201284786747,62.51252532093492,1.040912299999036,1.1200023000128567,0.37063752276814965,0
383,pcb,1,83.22601945573496,0.35542488591385746,0.0055108148309832485,0,0,0,0,83.30671425899271,58.62999002731862,0.981994399917312,1.1300835000583902,0.42088910846097677,0
384,pcb,1,111.15758757189764,0.623816309047571,0.001059701087466163,0,0,0,0,90.85187627814317,85.83515698471253,0.9729697000002488,1.5375960000092164,0.05844597330117461,1
385,pcb,1,50.715874660511766,0.6403787924743438,0.0003945681578775912,0,0,0,0,50.72037151597409,35.604093792445816,1.0983529000077397,1.3764970999909565,0.4245657202132053,0
386,pcb,1,54.814370063005065,0.36929371768748454,0.005797320066613314,0,0,0,0,54.89949615518208,38.14121850805398,1.1357017999980599,1.069004200049676,0.4393744694755723,0
387,pcb,1,62.4263469743237,0.3253571127560849,0.002981899734047088,0,0,0,0,62.46574511198153,44.55202260868099,0.9968138000695035,1.106356699950993,0.40208550486347705,0
388,pcb,1,86.35591067898082,0.3084875497246132,0.002156499381892731,0,0,0,0,86.44135475116346,60.06839524708417,0.9526644999859855,1.159193200059235,0.4390488441650101,0
389,pcb,1,105.932105602788,0.3907184414689785,0.0035838783682763564,0,0,0,0,87.9140183226859,69.2562867995277,0.9707099000224844,1.11345209996216,0.269401268612129,0
390,pcb,1,25.00413746555235,0.14144127509086668,0.0018477488311772136,0,0,0,0,25.055850022360193,13.069287796926869,0.9562605998944491,1.0459940999280661,0.9171549675608079,0
391,pcb,1,95.02342242951573,0.12010141692286827,0.002114489308545089,0,0,0,0,91.46742701203311,66.42413398057528,0.9634165000170469,1.2754130000248551,0.3770209941883678,0
392,pcb,1,60.61374546861642,0.15735552297902186,0.00025878673747103405,0,0,0,0,60.69822531085105,41.57633780858633,1.0493952000979334,1.2147576999850571,0.45992236233744654,0
393,pcb,1,74.540962013548,0.1016640095093173,0.0016325344583592264,0,0,0,0,74.9172306337603,52.577210877682,0.9672626999672502,1.3134085000492632,0.42489929349906236,0
394,pcb,1,54.478770097911216,0.795806370337073,0.006016831061566307,0,0,0,0,54.54073991097425,38.87671163302047,0.9659783999668434,1.3532902000006288,0.40291546326797156,0
395,pcb,1,115.22296891515974,0.5355752274914425,0.004473487996368298,0,0,0,0,90.90575198512477,77.96035657113562,1.149029100080952,1.1586835000198334,0.16605100314256524,0
396,pcb,1,51.76482513126969,0.1492674169027755,0.007968523347973624,0,0,0,0,52.056305920156426,33.438047793074546,1.0153351000044495,1.1795477999839932,0.5567985978816014,0
397,pcb,1,106.32105143984639,0.5968654620827809,0.0014921923333662825,0,0,0,0,90.96307967415495,77.19860323626081,0.9921524000819772,1.2260016999207437,0.17829955285290525,0
398,pcb,1,88.83692863376587,0.6908749574624022,0.0046042240047117254,0,0,0,0,88.8768979194476,63.35728870770938,1.1801546000642702,1.1156441998900846,0.4027888461179206,0
399,pcb,1,70.86537278774574,0.620583828623797,0.004108876560077826,0,0,0,0,72.03488765816321,53.034679173482544,1.000285999965854,1.1249491999624297,0.3582600815313467,0
400,pcb,1,47.971673678666406,0.5707440114090522,0.007333749498070199,0,0,0,0,48.03617773006685,32.24925418723372,1.1557501000352204,1.2047949000261724,0.48952832990111733,0
401,pcb,1,111.40127623796883,0.13754659213152126,0.00019190362479408392,0,0,0,0,91.34575238914202,75.32156806902623,0.9601531000807881,1.1270197000121698,0.2127436367951196,0
402,pcb,1,68.86074432004085,0.46510713806008785,0.007741246673358549,0,0,0,0,68.86076303581218,50.2381682729121,0.9711939999833703,1.147882099961862,0.37068618150517235,0
403,pcb,1,93.09938587157623,0.5210247796325284,0.00495980081857536,0,0,0,0,91.3884167751339,65.1529751675188,0.9695878999773413,1.29994880000595,0.40267449859595134,0
404,pcb,1,40.01032042799378,0.5728606089479019,0.0009319157331748428,0,0,0,0,40.131322841652434,26.19407209878478,1.1438891000580043,1.149158600019291,0.5320765206076624,0
405,pcb,1,95.78727574982767,0.7520431519796,0.006250488405325511,0,0,0,0,86.3761372400194,67.99759918429592,1.0048651000251994,1.0967843000544235,0.27028216107912256,0
406,pcb,1,99.73716256600095,0.6760963428045983,0.005869059185161163,0,0,0,0,91.04797701757862,70.7997960212685,1.0505209000548348,1.6051774000516161,0.2859920809690961,0
407,pcb,1,48.418923301012924,0.5637695548137078,0.006064615064119507,0,0,0,0,48.4950609211932,32.41020086782786,1.0351101999403909,1.1420673000393435,0.4962900451916684,0
408,pcb,1,83.69568689709675,0.4513352537520694,0.006514756764494111,0,0,0,0,83.77211373516134,59.61303976720267,1.1475328000960872,1.2436459999298677,0.4052649229481211,0
409,pcb,1,81.7547905098246,0.548405074372615,0.0013470706857050476,0,0,0,0,82.09764401840273,59.49227410633256,1.1383298999862745,1.1316185999894515,0.37997152154020586,0
410,pcb,1,67.45738813482745,0.7893854723270367,0.006334498370971352,0,0,0,0,68.6483107823003,51.77576735240821,0.9961237000534311,1.1275612000608817,0.3258772258274857,0
411,pcb,1,64.26577467323125,0.2459714957858911,0.002362492974169244,0,0,0,0,64.40795153611924,44.60051319716567,0.961780900019221,1.132881800062023,0.444107857041706,0
412,pcb,1,112.26263236927727,0.3122589849539391,0.00027996164488700937,0,0,0,0,91.54167836246043,72.2888192642124,0.9773401999846101,1.1405993999214843,0.26633246045809217,0
413,pcb,1,28.80296816669201,0.6251811669536234,0.00110499030213026,0,0,0,0,28.887584385954757,18.560045879971103,0.9584159000078216,1.0875866999849677,0.5564392767546184,0
414,pcb,1,89.53749998776438,0.18632815217351706,0.005917662165217151,0,0,0,0,89.66269234281326,63.973134278673015,0.9814755999250337,1.113828600035049,0.4015679136844242,0
415,pcb,1,99.249643393574,0.784992399990761,0.0008487741696299581,0,0,0,0,92.7356771750493,71.77362132702983,0.9460281999781728,1.0983564000343904,0.2920579380063299,0
416,pcb,1,63.37793341017672,0.7486105956236812,0.0022509211282825577,0,0,0,0,63.40245739385577,47.96301755401461,0.955577400047332,1.1025641999440268,0.3219030125127905,0
417,pcb,1,76.43517292830727,0.402608875445002,0.0066249407857019195,0,0,0,0,76.62120446302407,53.58036139359978,0.9503351000603288,1.1605966999195516,0.43002403250263516,0
418,pcb,1,21.74428430970248,0.20783702141901994,0.003541896083514956,0,0,0,0,21.756665044964983,11.085620756930282,0.9157683000667021,1.1154446000000462,0.9626023225955654,0
419,pcb,1,54.090658623152706,0.2892045488490383,0.004984168202633655,0,0,0,0,54.16626494012786,35.652472439361304,0.9837272999575362,1.252857599989511,0.5192849537225032,0
420,pcb,1,72.55149959689709,0.3966159989002862,0.00639396903448401,0,0,0,0,72.86519976193699,51.29325367363215,1.1584330999758095,1.2062518000602722,0.42056107856917124,0
421,pcb,1,108.60337175515961,0.27753680777901607,0.002408069413336335,0,0,0,0,91.94441614907726,69.66998251223889,0.9682724999729544,1.3157249999931082,0.31971349544870964,0
422,pcb,1,80.54266735706011,0.34746888210897514,0.005417697219991425,0,0,0,0,80.60762022504879,57.30765629727162,1.0170836999313906,1.2557339000049978,0.40657680724043965,0
423,pcb,1,20.811642044950293,0.5740970417311374,0.0020375538132791503,0,0,0,0,20.874274340635512,11.877414753207226,0.9693258999614045,1.0518794000381604,0.7574762500399246,0
424,pcb,1,97.14132328026491,0.5939762082416985,0.003450494276137822,0,0,0,0,91.20629924854158,68.46975950543255,1.0714856999693438,1.2752990000881255,0.3320668848165746,0
425,pcb,1,95.66093555501948,0.5229431515042795,0.0012052097151299648,0,0,0,0,91.29619002330864,64.9608295839449,1.1837136999238282,1.1529998999321833,0.4054036964742294,0
426,pcb,1,109.93908492019489,0.7432946362321918,0.0037007810171622185,0,0,0,0,95.7463218964898,86.28512592996805,0.9730836000526324,1.158574300003238,0.10965036980070918,0
427,pcb,1,82.6566756279415,0.724538464723716,9.524975295003383e-05,0,0,0,0,83.10881428780473,60.83112038133369,0.940638400032185,1.1053518999833614,0.3662219891203427,0
428,pcb,1,39.40223854967216,0.3874605620171455,0.007158023167501136,0,0,0,0,39.56223076251386,25.81165589264047,0.9361204999731854,1.1102941000135615,0.5327273433005132,0
429,pcb,1,86.92266948345649,0.777257539113431,0.00386474108076253,0,0,0,0,83.56822823954522,64.52025404060664,0.9783232000190765,1.0824016000842676,0.29522472411454687,0
430,pcb,1,61.411992386556726,0.46095034964285597,0.006160425614620111,0,0,0,0,61.41332154952268,44.71292004168368,0.971796799916774,1.09927950007841,0.3735028151207755,0
431,pcb,1,47.239658477182886,0.35129007379667154,0.0070166810066876,0,0,0,0,47.24513868828666,31.199968968349864,0.9216542999492958,1.0668660000665113,0.5142687717482498,0
432,pcb,1,43.245761422701406,0.186573540989965,0.007332767842008719,0,0,0,0,43.262075797969324,26.869113446955495,0.9372209999710321,1.1251350999809802,0.6101043260462058,0
433,pcb,1,79.00779870758123,0.6300356487393073,0.007269093772391761,0,0,0,0,79.21053941378484,58.15461016815378,0.960604100022465,1.2415666999295354,0.36206810061571976,0
434,pcb,1,41.72429805692107,0.6928921726687245,0.0019236679009059306,0,0,0,0,41.76404882830403,27.529233896856443,0.970329099916853,1.0580328000942245,0.5170799516172898,0
435,pcb,1,76.26793583552737,0.2259263854158809,0.00390809710035532,0,0,0,0,76.2897515673155,53.39012641427667,1.04140109999571,1.2361294999718666,0.428911236795937,0
436,pcb,1,46.00690274385978,0.6192287334072176,0.0027355872118991816,0,0,0,0,46.05415474709527,30.64958596986365,0.9512488000327721,1.159065300016664,0.5026028342561701,0
437,pcb,1,42.540782946237194,0.20591546031670555,0.007363289738539972,0,0,0,0,42.618148207383825,26.634446485375783,0.9492059999611229,1.089330799994059,0.6001139062823866,0
438,pcb,1,81.05305995859646,0.39396716077244487,0.002896255911999697,0,0,0,0,81.05465090984113,58.878882077071225,0.9594229999929667,1.108674900024198,0.3766336596496905,0
439,pcb,1,119.65295523200992,0.10851528729518435,0.004850015611258736,0,0,0,0,91.71862017002157,85.4112632110724,0.996622100006789,1.193565999972634,0.0738468993645736,1
440,pcb,1,32.28935859523995,0.2873608638198609,0.0076721284658739725,0,0,0,0,32.35899677115936,20.096569743012964,0.9268624000251293,1.0663878000341356,0.6101751286390412,0
441,pcb,1,85.56655625386387,0.4112519329797131,0.0017211179408311824,0,0,0,0,85.70760899256307,62.44408871971824,0.9459101000102237,1.1310037999646738,0.3725495999671592,0
442,pcb,1,20.26095889449486,0.7016600477192813,0.007731923161809077,0,0,0,0,20.261720328203747,11.721886202250957,0.9750193000072613,1.0801165000302717,0.728537538976695,0
443,pcb,1,45.34578489440767,0.2621809744312732,0.004573207066435229,0,0,0,0,45.368845831159184,28.845213028106702,1.024710000026971,1.172268099966459,0.5728379536303614,0
444,pcb,1,46.82751792231017,0.37831217888885227,0.005040855434738908,0,0,0,0,46.84925285065575,30.82410673179654,0.9501413999823853,1.1153516999911517,0.5198900412036436,0
445,pcb,1,92.25026823612808,0.7323168284001299,0.0043057819957845285,0,0,0,0,90.88186340589158,65.21678946917761,0.9445133999688551,1.1875064000487328,0.3935347652899051,0
446,pcb,1,78.09740713639732,0.3603262588248741,0.0047931954552130045,0,0,0,0,78.41387436828384,56.12822640868146,0.9375358000397682,1.1285024000098929,0.39704885376808224,0
447,pcb,1,113.49100173255805,0.7935972383741015,0.005027943026447164,0,0,0,0,93.25172038836449,93.35433128453742,1.0066724000498652,1.115911400062032,0.001099155173209722,1
448,pcb,1,57.01077905733001,0.6142696711932032,0.005399571934676133,0,0,0,0,57.0422019506403,41.52032867504403,0.9879228000063449,1.2840079000452533,0.37383791918115905,0
449,pcb,1,48.970952078332104,0.16872135692658047,0.0014641860560705461,0,0,0,0,48.98625668830152,31.129453857644467,1.0502480000723153,1.1146600999636576,0.5736304566188833,0
450,pcb,1,77.64376674676703,0.2521022682960826,0.0018169327105371344,0,0,0,0,77.74695422945946,54.059491206012524,0.9627032000571489,1.1010843999683857,0.4381739911901429,0
451,pcb,1,32.50105373506377,0.5847232497631026,0.001806876416875625,0,0,0,0,32.544227107099566,21.180755535475175,1.0253794000018388,1.1382934000575915,0.5364998218591384,0
452,pcb,1,110.4266084837072,0.41031281696405797,0.006729882110390639,0,0,0,0,88.161885394259,75.68159361777238,0.9516406999900937,1.3096548999892548,0.1649052455147544,0
453,pcb,1,117.5172271311501,0.21917306600370584,0.004993218648471711,0,0,0,0,91.06108386222415,79.39307215766478,1.0869395999470726,1.1838192000286654,0.14696511153250444,0
454,pcb,1,89.20707358425526,0.35747778253501405,0.005863378831960284,0,0,0,0,89.2553355391207,61.66450142695661,0.9298044999595731,1.0652943000895903,0.4474346418716484,0
455,pcb,1,24.64537236396606,0.14489791506411256,0.006303727167203329,0,0,0,0,24.685305541898206,12.698718131722401,1.0656436999561265,1.2419392000883818,0.9439210545379665,0
456,pcb,1,65.88887170617176,0.4367197274876099,0.002216509506856606,0,0,0,0,65.89658636582496,47.85905278594166,1.0755740000167862,1.1017066000495106,0.37688864550996154,0
457,pcb,1,33.26661101376769,0.7918457619814747,0.0029305163744193985,0,0,0,0,33.314992523897175,25.35746564769163,0.9401420999784023,1.069099299958907,0.31381396653612126,0
458,pcb,1,45.23498277408631,0.31636452691935646,0.004758632623788466,0,0,0,0,45.26081002264415,29.561537269587316,1.0714071000693366,1.080776400049217,0.5310709186023329,0
459,pcb,1,38.72563959050312,0.49651381413458673,0.007618286662055718,0,0,0,0,38.85777049142453,25.41304322793323,1.0070626999950036,1.1462172999745235,0.5290482978722231,0
460,pcb,1,105.6333744832475,0.5104774276164542,0.002069081522484519,0,0,0,0,90.87629069963153,75.97569263847124,1.1218153999652714,1.216728200088255,0.19612322762313555,0
461,pcb,1,26.58196241144782,0.5973224530859891,0.006973765227368912,0,0,0,0,26.625487889844955,16.62769587513023,1.2559227000456303,1.0916928000515327,0.6012734470124786,0
462,pcb,1,75.9008832049855,0.500146997078814,0.006205109056152534,0,0,0,0,75.9325444939189,55.52591701815677,0.9903466000687331,1.132637699949555,0.3675153616839725,0
463,pcb,1,114.39976058868011,0.7089166151178803,0.006410201714481852,0,0,0,0,90.81025379932822,90.66383874367793,1.0018724999390543,1.1587301000254229,0.0016149223072743982,1
464,pcb,1,34.326244108787506,0.42802592797484684,0.0030528260740974515,0,0,0,0,34.47680462589089,22.054665709492696,0.984188099973835,1.2491001000162214,0.5632431286887065,0
465,pcb,1,60.29531007796397,0.34081279339800397,0.00780147073820736,0,0,0,0,60.30189897554794,43.2026527382227,0.9275322000030428,1.0867760000983253,0.3957915811543909,0
466,pcb,1,31.406833046305334,0.1903460340930065,0.0014272579220959167,0,0,0,0,31.421698549613318,17.91159953796428,0.9580547000514343,1.0449689000379294,0.7542653565369134,0
467,pcb,1,66.95246021055934,0.453113860068285,0.007835881868736537,0,0,0,0,66.97010535513125,48.87773432305196,0.9741513999179006,1.1588934999890625,0.3701556809589367,0
468,pcb,1,101.81042197365475,0.4811420714641602,0.0019087875538616808,0,0,0,0,88.44275509506936,68.90616325297236,1.007009100052528,1.1849874999606982,0.2835245922831766,0
469,pcb,1,34.72422231418107,0.5783545777047535,0.00557962828656665,0,0,0,0,34.843369074446336,22.818763001002914,0.9543883999576792,1.1282069000881165,0.5269613463672385,0
470,pcb,1,103.28003550693441,0.5523217306818744,0.001780256250993338,0,0,0,0,87.59291060368844,73.60014226077983,0.9524496999802068,1.1181244000326842,0.1901187676150063,0
471,pcb,1,90.54584673641715,0.12642201307402004,0.006668803780446392,0,0,0,0,90.62401654078835,63.76265878463694,0.9375593999866396,1.162505800020881,0.42127098003986335,0
472,pcb,1,56.79032774880297,0.531676973789797,0.00699273941863197,0,0,0,0,56.84412525710947,41.00757031951731,0.9532146999845281,1.1277886999305338,0.3861861313459686,0
473,pcb,1,104.19193071928058,0.172281026756141,0.006082678556924425,0,0,0,0,90.07701831224445,67.73172412199955,0.9983202000148594,1.2483680000295863,0.32990883489096146,0
474,pcb,1,24.757505529339596,0.27456278715064497,0.004235079807145986,0,0,0,0,24.776791449898283,14.062021288909097,0.9971247999928892,1.0280510000884533,0.7619651500200805,0
475,pcb,1,96.86499182455026,0.6429607259885731,0.005347662469221494,0,0,0,0,90.87101925322237,67.70392784904185,0.977788700023666,1.164640499977395,0.34218238350713925,0
476,pcb,1,79.41472925316992,0.6521293597304157,0.007592478593857989,0,0,0,0,79.74249512945991,58.432683479106466,0.9544995999895036,1.1286686999956146,0.36468993689076606,0
477,pcb,1,57.95753754668009,0.47442728371418286,0.0001791897889831244,0,0,0,0,58.06762777803423,41.78238956336652,0.9734938000328839,1.0823920000111684,0.38976320849169643,0
478,pcb,1,96.62375621696758,0.23704297630487128,0.005995042487550594,0,0,0,0,88.81887549065334,66.35558468522497,0.9426607999484986,1.1352435000007972,0.3385290162386309,0
479,pcb,1,44.43751032144695,0.3182408507243505,0.004260675974454927,0,0,0,0,44.46287911823017,28.935806725178402,0.9064502000110224,1.0463103000074625,0.5366040954213637,0
480,pcb,1,118.34420600146366,0.12838943312629042,0.0013722445659448137,0,0,0,0,91.86119164647158,84.30877474441077,1.1191931000212207,1.1147074999753386,0.08958043720783047,1
481,pcb,1,33.73876707890365,0.326701230255531,0.004020729770646364,0,0,0,0,33.84594923906517,21.365844403811344,0.901061899960041,1.1966439000098035,0.5841147487261287,0
482,pcb,1,86.07007873976426,0.5862995616502967,0.004397821902032972,0,0,0,0,86.1765217728943,61.95934402691941,0.994858399964869,1.206489900010638,0.3908559415259994,0
483,pcb,1,112.64112528451852,0.4552389315580412,0.004711799751053253,0,0,0,0,91.85484912849348,78.6553315438726,0.9605956999585032,1.3468189000850543,0.16781465827600525,0
484,pcb,1,29.71353630403388,0.5883875345013259,0.00317546964838084,0,0,0,0,29.785534851485316,19.03434474620477,0.9957024999894202,1.0634063000325114,0.5648311117946001,0
485,pcb,1,117.81787272126581,0.7534487140841354,0.0004529481431583519,0,0,0,0,90.06307597524899,90.54713859552561,0.9696292000589892,1.1512256999267265,0.00534597368602587,1
486,pcb,1,56.4372956325782,0.232165313259946,0.007560453835415943,0,0,0,0,56.849296371230814,37.8378027898884,0.9333603999111801,1.0839511000085622,0.5024470814786042,0
487,pcb,1,119.15009763886012,0.19648337779009956,0.0008758253470728558,0,0,0,0,94.34768227524896,85.43886100576758,0.9939046000363305,1.135365099995397,0.10427130189481325,0
488,pcb,1,67.83405063653133,0.719021399268102,0.0007154666518781027,0,0,0,0,67.86487648341493,51.2661549684447,0.9691432000836357,1.102854400058277,0.32377543284038096,0
489,pcb,1,102.31307079974779,0.2824082227570989,0.004284718176949021,0,0,0,0,92.02329479274795,66.69531806913692,0.9361285000341013,1.1429435999598354,0.37975644253402974,0
490,pcb,1,30.919891864220276,0.33268900486967684,0.005095155192879816,0,0,0,0,30.981853009900462,19.240337212410306,0.943759199930355,0.9988368999911472,0.610255198121824,0
491,pcb,1,43.45423452165886,0.7161606172614139,0.002832072922466844,0,0,0,0,43.577352289064564,29.118208406169064,1.0137064000591636,1.0785560000222176,0.4965670854884103,0
492,pcb,1,60.709821868365346,0.7741269999983071,0.006903675799320033,0,0,0,0,60.78659233077084,46.55772346393349,0.9958049000706524,1.1238007000647485,0.3056177967520236,0
493,pcb,1,115.36640217896888,0.41799455358495785,0.005232631117233185,0,0,0,0,89.77461089405914,83.38530269706587,0.9575403000926599,1.1540778999915347,0.07662391321172352,1
494,pcb,1,110.15694702788085,0.6710257785379139,0.0005215146856907888,0,0,0,0,90.9331966537124,85.83810392404966,1.0041726999916136,1.1383084999397397,0.05935700460218603,1
495,pcb,1,74.68049498407515,0.15403135994422523,0.0061238132829358125,0,0,0,0,75.13666796790304,52.45270364118883,0.981382800033316,1.1474913000129163,0.43246511146284305,0
496,pcb,1,89.8300567159441,0.7985399329698711,0.003026281408682349,0,0,0,0,89.92042144124098,67.63747835787355,0.9746787999756634,1.1532300000544637,0.3294466858369139,0
497,pcb,1,71.87573357399165,0.4580087423668162,0.0036644184506145947,0,0,0,0,71.87698640695315,52.140955796232866,0.9639780001016334,1.1148111999500543,0.37851301935946086,0
498,pcb,1,75.19080338598047,0.44509442493673057,0.0036356588873107977,0,0,0,0,75.56320791083304,54.28165545214403,0.9945311999181286,1.1234993000980467,0.39205791130396395,0
499,pcb,1,112.71714504509518,0.14393004064552511,0.0025964905912849953,0,0,0,0,90.84932288121502,75.47146915988384,0.9643645000178367,1.1660930999787524,0.20375717993184547,0
500,pcb,1,40.86975625298794,0.11751904929060988,0.005529662371576176,0,0,0,0,41.00472046876198,25.545132464072267,0.9742982999887317,1.1595083998981863,0.6051872319093556,0
501,pcb,1,22.593141829288143,0.6475585264236117,0.0044118156184301035,0,0,0,0,22.605756542204645,13.710277039686115,0.9483182999538258,1.1162828999804333,0.6488183628069257,0
502,pcb,1,51.41901722854299,0.4423423188545821,0.002788518447277111,0,0,0,0,51.51349896446287,35.27029072063632,1.0270824000472203,1.110659099998884,0.46053513911987126,0
503,pcb,1,102.58461870782313,0.19959652003328276,0.0008169262868305598,0,0,0,0,90.25469435338853,67.96562549590298,1.303131000022404,1.439539200044237,0.32794620361184124,0
504,pcb,1,91.51108035849917,0.6132376344543526,0.005697153577123312,0,0,0,0,90.91921349580382,64.13497556277557,1.0926625999854878,1.1326907000038773,0.4176229537471599,0
505,pcb,1,35.407045371224854,0.7619474011812708,0.0006442365186989869,0,0,0,0,35.435990089775466,24.84725872715927,0.9588521000696346,1.0730322999879718,0.4261528999592294,0
506,pcb,1,93.89263948283322,0.24764182040916902,0.0026977928886110832,0,0,0,0,89.03830120465112,64.91287507669904,1.006375900004059,1.1198960999026895,0.37165856695526467,0
507,pcb,1,119.7406893572811,0.37074532646338254,0.0016609667656635805,0,0,0,0,91.47302759340606,78.44785879058497,1.051127800019458,1.1352814000565559,0.16603600153818754,0
508,pcb,1,57.37161803919331,0.48686904110349594,0.0022933908789112105,0,0,0,0,57.47168785131076,41.25976986290671,1.114804600016214,1.1401383000193164,0.392923131715741,0
509,pcb,1,84.0387744223137,0.21400877829915174,0.0010800619962774514,0,0,0,0,84.28919747479578,58.807263051078856,0.9876094999490306,1.171961799962446,0.43331270835685404,0
510,pcb,1,81.44812608291716,0.46937313067468567,0.003998336131120319,0,0,0,0,81.50648399855255,58.39468566642381,0.9599754000082612,1.2398158999858424,0.39578598751525995,0
511,pcb,1,61.81195203826086,0.7360323055851626,0.0037320201517866036,0,0,0,0,61.92149194032051,46.4892243346634,0.9689408000558615,1.13820659997873,0.33195364789406623,0
512,pcb,1,73.85984374919042,0.6581657272233061,0.0032044335936884777,0,0,0,0,74.53475682236248,54.76154502574746,1.031222500023432,1.3255879000062123,0.361078413461822,0
513,pcb,1,108.67128008305924,0.6102808391479776,0.006665695068445799,0,0,0,0,90.58770552101349,82.23555078870268,0.9959087999304757,1.3243636999977753,0.1015637963412073,0
514,pcb,1,28.441050157892423,0.590913285592623,0.003302698327328991,0,0,0,0,28.48603346195553,18.11584707108255,1.1958301999839023,1.2070740000344813,0.5724372893071287,0
515,pcb,1,33.44854595069222,0.5677104398640511,0.004174790677479095,0,0,0,0,33.610996023852955,22.087820786229315,0.9715409999480471,1.2221767998998985,0.5216981498151135,0
516,pcb,1,116.22884687684441,0.6165463129873917,0.001270984691788878,0,0,0,0,90.8412423208123,91.39379998330617,1.0256110000191256,1.250440699979663,0.0060458987655048506,1
517,pcb,1,50.63313689975688,0.22642036214150035,0.0064782337543153835,0,0,0,0,50.640521685580396,32.68583084080162,0.9421514000277966,1.1818457999033853,0.5493111352202799,0
518,pcb,1,106.69960754877872,0.6827179859167829,0.005473439972423439,0,0,0,0,90.89459560519515,80.5327806053296,1.0111769000068307,1.1721136999549344,0.12866580443367687,0
519,pcb,1,92.45510906559127,0.2771943004434453,0.0009494769515950605,0,0,0,0,91.97127314626879,63.209319056945624,1.0023956999648362,1.1945999999297783,0.455027114964035,0
520,pcb,1,96.125029904929,0.42472946035912107,0.006501359517712351,0,0,0,0,90.27448881654693,63.63040099273883,1.0010835999855772,1.1918462000321597,0.4187320433018895,0
521,pcb,1,90.0294896451642,0.24148772665628054,0.0037931151506924547,0,0,0,0,90.07275768547909,62.44959666327609,0.963569900020957,1.1356316999299452,0.4423272926988652,0
522,pcb,1,27.964980320914222,0.13407653671810646,0.0014973968069280639,0,0,0,0,27.9970533716833,15.22228745907702,0.9463718000333756,1.052100499975495,0.8392146020727466,0
523,pcb,1,22.825440598085414,0.13555053316629423,0.0038928209690517355,0,0,0,0,22.883888428101294,11.386450067738533,0.9580700000515208,1.0733332000672817,1.0097474008109597,0
524,pcb,1,101.29207100407825,0.10671973232063131,0.005447101460585723,0,0,0,0,92.29005372632662,67.04251385069098,1.0116745999548584,1.158324099960737,0.3765899938039901,0
525,pcb,1,108.04506450108482,0.36214769201461605,0.0020197287775860356,0,0,0,0,91.54651695412008,68.73102316372277,0.9540858000982553,1.1247522999765351,0.3319533558528438,0
526,pcb,1,37.19220233044413,0.23014787676723894,0.002645407638560562,0,0,0,0,37.244862016556056,22.8083713384663,0.9608530999394134,1.0643866999307647,0.6329470203662733,0
527,pcb,1,69.8404140725131,0.1117204913397491,0.00622898541611939,0,0,0,0,70.08137694751456,49.11315315950479,1.0114096000324935,1.2053186000557616,0.42693703089906004,0
528,pcb,1,59.53388227035723,0.20977553681328023,0.0040871020564242685,0,0,0,0,59.60913894385285,40.77579375250305,0.9685096000321209,1.085015399963595,0.46187562419171063,0
529,pcb,1,70.25527145189645,0.17568399114165625,0.002501901170056343,0,0,0,0,70.3727728658217,49.22084950416133,0.9394304000306875,1.1521960999816656,0.42973503250633865,0
530,pcb,1,41.54357324804576,0.4469388960935682,0.006717744783765901,0,0,0,0,41.55001809292202,27.046362394850508,0.937003800063394,1.0726517000002787,0.5362516218015676,0
531,pcb,1,28.276956408027676,0.1311749723958185,0.0023292723076748633,0,0,0,0,28.29312209141346,15.53394506376823,0.9810187000548467,1.189060700009577,0.8213738992424441,0
532,pcb,1,38.12684305445825,0.38663290034238773,0.002674241437369875,0,0,0,0,38.155572011387214,24.939810258086858,1.009072299930267,1.1113946000114083,0.5299062669899455,0
533,pcb,1,77.94563000156819,0.6504776816520543,0.00035363193291640984,0,0,0,0,78.8389421010049,57.33791859744173,0.9613033999921754,1.1419852999970317,0.3749878619507911,0
534,pcb,1,116.42481256312439,0.19503716932385165,0.007768271295182185,0,0,0,0,89.73251009183159,79.57191818460706,0.9741859999485314,1.250959899974987,0.1276906745373654,0
535,pcb,1,49.563198816738435,0.7872142434881457,0.00573152083410408,0,0,0,0,49.67491129769419,35.29990296753162,0.9438619000138715,1.1006380999460816,0.407225151394453,0
536,pcb,1,23.466126804860668,0.4773743607729237,0.004894000525810411,0,0,0,0,23.47405932332545,13.697742338324192,0.9885578999528661,1.076456099981442,0.7137173954315533,0
537,pcb,1,64.68186800211166,0.7035403453447271,0.0048547633327258866,0,0,0,0,64.68226281120513,48.64016265912418,0.9919104999862611,1.0919217999326065,0.32981181137295584,0
538,pcb,1,118.0021938415397,0.10384412650934517,0.0026153430000722304,0,0,0,0,92.04389092210072,80.68750148474976,0.9581016000593081,1.1202426000963897,0.14074533513096021,0
539,pcb,1,67.16358988173018,0.47876138361718124,0.005607438203181343,0,0,0,0,67.34211205277697,49.02819457618534,1.2374959000153467,1.2127999999793246,0.37353848402746037,0
540,pcb,1,94.3097364730994,0.7795330385878997,0.006604707011274473,0,0,0,0,82.84442468389432,71.10350021782385,0.977131100022234,1.1438812999986112,0.16512442327174373,0
541,pcb,1,58.32286521449927,0.7408379557678094,0.007412285060213062,0,0,0,0,58.332111194286,43.553223355364274,0.9453201000578701,1.0946684000082314,0.33932936991451107,0
542,pcb,1,44.84151665138083,0.11545428651822179,0.006427940711681226,0,0,0,0,44.92160517627961,28.444336040391217,1.1329231000272557,1.1290549000259489,0.5792812007455728,0
543,pcb,1,29.432459155424294,0.7490144298080664,0.001947066743063328,0,0,0,0,29.43676646707147,20.24280039206527,1.0471843000268564,1.1642645999090746,0.45418449507658204,0
544,pcb,1,74.06190332299386,0.5176933858404379,0.00709181410597729,0,0,0,0,74.10023052878337,54.548157105119174,1.034382399986498,1.1360426999162883,0.3584369199858687,0
545,pcb,1,101.4026415698808,0.5405376011934946,0.0036114572257534856,0,0,0,0,91.00493612068253,69.4065044245311,0.9705859000096098,1.1429587999591604,0.3111874294092481,0
546,pcb,1,21.134693173799285,0.655617317886376,0.005271463868712069,0,0,0,0,21.175293986294808,12.555475407797541,1.111924200085923,1.1003840999910608,0.6865386055508462,0
547,pcb,1,78.49944844257652,0.6792654861358878,0.002542174441955258,0,0,0,0,79.18651965679686,57.90981423069028,0.9608335000229999,1.1337686999468133,0.36741104610262476,0
548,pcb,1,30.21171597654747,0.7712324555924596,0.0033211915720170655,0,0,0,0,30.263134176285433,21.375954720030087,0.9551620000274852,1.0287865999853238,0.4157559076380209,0
549,pcb,1,42.125299322978435,0.1646648877448979,0.006842534124223556,0,0,0,0,42.17597456249251,26.076357217983194,0.9383473000489175,1.1254512999439612,0.6174028530874107,0
550,pcb,1,107.86778480069546,0.5028142194833569,4.5616308695887454e-05,0,0,0,0,91.0293001452895,77.92081116193822,1.0096461999928579,1.1445277000311762,0.16822834346665977,0
551,pcb,1,94.72005832244793,0.5283549420490138,0.007108522655755502,0,0,0,0,88.26344945196229,65.26850088770807,0.989020699984394,1.1135619999840856,0.3523131104821319,0
552,pcb,1,49.235526487714154,0.2634587603411301,0.0015239310331421588,0,0,0,0,49.33761644239745,31.406010617132793,0.963214399991557,1.2192415000172332,0.5709609553364444,0
553,pcb,1,72.94899494407684,0.47129485964449025,0.0006280895322835984,0,0,0,0,73.23678415833812,52.82461156420603,0.9688780999276787,1.1893419999396428,0.3864140594639675,0
554,pcb,1,106.61206448959808,0.335876532561021,0.0019796845584216924,0,0,0,0,91.55801304884284,67.7129425855271,1.0370388000737876,1.1180656999349594,0.3521493757740246,0
555,pcb,1,84.82976233826221,0.6890331007958508,0.0035707098189513807,0,0,0,0,85.45254128663937,61.63217780889952,1.0595338999992236,1.2626765000168234,0.38649232145582657,0
556,pcb,1,37.95213299615762,0.49346385032172135,0.000886696192863079,0,0,0,0,38.01811609754972,24.98988562873943,0.946567100007087,1.1109066000208259,0.5213401398615156,0
557,pcb,1,39.076833096700945,0.28084321700532644,0.0056614852610310665,0,0,0,0,39.07995488739715,25.531896142250783,0.9828021998982877,1.0495516998926178,0.5306326905633428,0
558,pcb,1,107.4741045488001,0.6038838084789693,0.00032659163815689955,0,0,0,0,91.37364951441293,80.94180799771952,0.9469553000526503,1.1235751999774948,0.12888075735826557,0
559,pcb,1,102.76066439787449,0.2928171574955274,0.006580383756118232,0,0,0,0,87.8118184387085,66.55251712441815,1.0464278999716043,1.1661838999716565,0.3194364726212633,0
560,pcb,1,98.34060432456533,0.26019053646538237,0.00462238676320836,0,0,0,0,88.60507837186478,65.42556053721083,0.9758601000066847,1.2288464999292046,0.3542884102837848,0
561,pcb,1,117.24456916576945,0.6631711274479059,0.0067728845249811825,0,0,0,0,90.50311499501578,90.9313806376141,0.9773124998901039,1.211596200009808,0.004709767294803016,1
562,pcb,1,87.64194633906631,0.42939077169981454,0.006907955333485966,0,0,0,0,87.69429758343583,61.29047889053463,0.9900613999925554,1.0933170999633148,0.4307980484221483,0
563,pcb,1,76.82184189279045,0.22317114068151078,0.005560948020959384,0,0,0,0,76.86436665226921,53.719677900587,0.9242148000048473,1.1873930000001565,0.43084191224142293,0
564,pcb,1,111.96060264533783,0.7602917656437875,0.0068559387277803,0,0,0,0,89.71370989521525,75.51518407359262,0.987134600058198,1.1290857999119908,0.18802213085762437,0
565,pcb,1,78.90551501150122,0.34339795598055367,0.0020851447497712227,0,0,0,0,79.01400510186618,56.616550354478456,1.0203920000931248,1.102808199939318,0.3955990714226913,0
566,pcb,1,114.7792374524953,0.2018994108015973,0.000765124504260503,0,0,0,0,90.38238875939176,85.66126919783927,1.190320499939844,1.259158800006844,0.055113817548614726,1
567,pcb,1,103.97239754446582,0.4202885605488431,0.006937576716434883,0,0,0,0,88.7485347884112,68.61302950216874,1.0870492999674752,1.1740778000093997,0.2934647461617478,0
568,pcb,1,92.69445932393631,0.18068827179287805,0.0034967166003580163,0,0,0,0,90.01644839291134,64.50913689352004,0.9616792999440804,1.116393300006166,0.3954061816312028,0
569,pcb,1,31.708317520864327,0.42217337410641753,0.003922231332210008,0,0,0,0,31.731237879396843,20.03026197529817,0.9345015999861062,1.050278100068681,0.5841648960222594,0
570,pcb,1,66.49695236478323,0.15234440676447303,0.007691788474833456,0,0,0,0,66.5281371083974,46.65255847984558,1.0303493000101298,1.099893999984488,0.4260340542124456,0
571,pcb,1,62.873981509627214,0.7744229710589713,0.00023861945139648882,0,0,0,0,63.01916568913418,47.898820052130375,0.956027299980633,1.2470557000488043,0.3156726119880964,0
572,pcb,1,42.90281164120938,0.26803679131160907,0.0013058160981617838,0,0,0,0,42.96606618988235,27.63671713321084,0.9759182999841869,1.0697888999711722,0.5546732986694118,0
573,pcb,1,61.26825224014512,0.1099486933596166,7.227695756006795e-05,0,0,0,0,61.29784000205696,42.48069994285481,1.0467723000328988,1.2088992000790313,0.4429573920513322,0
574,pcb,1,100.2654828370816,0.3737821460792835,0.00791133320390774,0,0,0,0,79.38691198405947,66.34718628704105,1.0323301999596879,1.138210800010711,0.196537734706699,0
575,pcb,1,83.61376588759444,0.306355929680287,0.003255822178314784,0,0,0,0,83.86074164676978,58.62890034823357,0.9718589000403881,1.1347831999883056,0.43036524902682094,0
576,pcb,1,64.35247140138327,0.5603935451308324,0.00743489397830807,0,0,0,0,64.45728897587898,47.58679985647229,0.9710655999369919,1.34528810007032,0.35452035375965996,0
577,pcb,1,73.48623101388242,0.7569656530428547,0.006284834816399826,0,0,0,0,73.91604989468556,54.57131167238426,1.2274975000182167,1.3481335999676958,0.3544854911759556,0
578,pcb,1,55.31844538984141,0.3138395678113243,0.001329648252241749,0,0,0,0,55.358402614989004,37.95049700466767,1.0178323000436649,1.1041840000543743,0.45870033291475143,0
579,pcb,1,39.99241012900985,0.17706032377048375,0.0052000786160428,0,0,0,0,40.120115339253864,24.52871134741323,1.0272886999882758,1.104665799997747,0.635638936388107,0
580,pcb,1,90.95202105207638,0.38116712540388087,0.0009939654130378382,0,0,0,0,91.01098922202402,61.98287510865929,1.2075367000652477,1.287198600010015,0.46832474393091467,0
581,pcb,1,109.22864855620885,0.43272671434832033,0.0007264899359683437,0,0,0,0,92.4526164138737,69.24176436063262,1.1171899000182748,1.2213168001035228,0.33521462469315133,0
582,pcb,1,58.70518930674284,0.5535372262741174,0.0023820404042357484,0,0,0,0,58.780473928031896,42.60824918097874,1.0916561000049114,1.1400688000721857,0.379556190594961,0
583,pcb,1,99.61982479796308,0.1827764948246558,0.0028707733781567508,0,0,0,0,89.96670581174193,66.50943592835651,1.0600871000206098,1.2513548999559134,0.35269085590582105,0
584,pcb,1,40.50964372409567,0.3537831712917533,0.000307404824430745,0,0,0,0,40.585867708800414,26.38796386020616,0.9643837000476196,1.2346004999708384,0.5380446905191165,0
585,pcb,1,115.92344382265509,0.43538548701069013,0.0010211495039001252,0,0,0,0,84.87650900288114,80.7481121082544,1.0630164999747649,1.2294390000170097,0.051126853456239636,1
586,pcb,1,73.29817415682388,0.4679669201893327,0.003003972197791732,0,0,0,0,73.43860643592888,53.04506404919054,1.0006733000045642,1.1533804000355303,0.384456928317151,0
587,pcb,1,27.617933793736633,0.715606486629345,0.004920403377275748,0,0,0,0,27.62890798571842,18.162603294471246,0.9589010999770835,1.1952327999752015,0.5211975694105893,0
588,pcb,1,69.50652229937913,0.6622787527774376,0.005831984992043953,0,0,0,0,69.5844189193433,52.285157096271654,1.3981367000378668,1.4657833999954164,0.330863724693776,0
589,pcb,1,30.472050094263583,0.7279667309319592,0.00721188958270639,0,0,0,0,30.562227863779825,20.48716583959069,0.9704403999494389,1.0925950999371707,0.4917743187649435,0
590,pcb,1,98.0137725807185,0.5596085307768001,0.003960619384732139,0,0,0,0,91.13820042779265,66.85614202617558,0.9788892000215128,1.1164869000203907,0.36319861819292754,0
591,pcb,1,63.20521629412641,0.6370179843025385,0.00010933252075485286,0,0,0,0,63.234226059822205,47.02207934339026,1.0045853999909014,1.152954800054431,0.3447773246699443,0
592,pcb,1,52.51035860251802,0.5120681681328311,0.0011566566724522619,0,0,0,0,52.535851842842845,36.838668418504966,1.0088835000060499,1.2696781000122428,0.42610615687869974,0
593,pcb,1,69.30089041899149,0.6972211482736488,0.003416347965700148,0,0,0,0,69.58762213999469,52.20991746739111,1.0869865000713617,1.098359299940057,0.33284298301098114,0
594,pcb,1,46.42815884157083,0.12508923012661047,0.004357498050203075,0,0,0,0,46.62440751280355,29.57340352671465,1.0619889000663534,1.1390859000384808,0.5765654930683293,0
595,pcb,1,34.6504798057472,0.6334123369327298,0.003370578339455242,0,0,0,0,34.7089420723906,23.10006947703016,0.9617476999992505,1.0637218001065776,0.5025470857091519,0
596,pcb,1,84.43496860053568,0.5139544199786444,0.000556087896972815,0,0,0,0,85.18159315010371,59.829685626057284,0.9948075999272987,1.2037347999867052,0.4237345936012248,0
597,pcb,1,20.356628169077045,0.16113084085282237,0.007248715264697686,0,0,0,0,20.413135873218778,9.754866999337537,0.9414318000199273,1.086103399982676,1.065826887388124,0
598,pcb,1,100.92035091691318,0.29387201421910336,0.007543168888866371,0,0,0,0,84.29306139150819,65.74268236724393,0.9712297000223771,1.198531199945137,0.2821664458508149,0
599,pcb,1,71.06578862373291,0.4152205454596397,0.004677836659021331,0,0,0,0,71.1592516344216,51.514791728982686,0.9613766999682412,1.1000967998988926,0.3813362967434217,0
600,gpu,2,42.29247816344204,0.28373106949219684,0.0022558461139247695,0,0,0,0,42.374594119785854,37.633590336038054,0.8078011000761762,0.7980020999675617,0.12597798247295577,0
601,gpu,2,68.67693868395185,0.12295459337550035,0.00333713883537182,0,0,0,0,68.99349409974515,66.72182415254522,0.7764647000003606,0.8134412999497727,0.034046880103371216,1
602,gpu,2,40.612318242976315,0.2882114221190796,0.0037152607248698527,0,0,0,0,41.06215917171366,36.51117965761471,0.8282741999719292,0.8145533999195322,0.12464619211912545,0
603,gpu,2,57.79448860947869,0.4314384822838402,0.0034823626458435368,0,0,0,0,57.84345518393672,57.86963118897758,0.8527965999674052,0.9080138000426814,0.00045232714470531217,1
604,gpu,2,85.35345272934053,0.7115042530502418,0.0068875847535481895,0,0,0,0,85.68060064919804,56.39327568959628,0.8143090000376105,0.8256860000547022,0.5193407299268632,0
605,gpu,2,62.32684596306555,0.140139401633204,0.003362646528307917,0,0,0,0,62.83795276660875,60.91815049718637,0.791929499944672,0.8167794999899343,0.031514454292420675,1
606,gpu,2,69.82537906007349,0.5615399537258803,0.00031517884718273667,1,1,1,1,70.06062578779922,67.13150172105072,0.8166061999509111,0.8455044999718666,0.04363263135271114,1
607,gpu,2,71.38486828695817,0.44512977078226623,0.00627876782855831,1,1,1,1,71.48829810263973,70.0119898110341,0.889472599956207,0.8773342999629676,0.021086506691071975,1
608,gpu,2,71.9321920389006,0.47263034587822716,0.007413942547292522,0,0,0,0,72.24689230757252,44.91561775696886,0.8950663000578061,0.8520297999493778,0.608502697179604,0
609,gpu,2,59.5744582954819,0.523071809714117,0.006219536395511793,0,0,0,0,59.697471629582616,35.38808410544745,0.8070184000534937,0.8232047000201419,0.686937090227869,0
610,gpu,2,92.23725591121428,0.17432469438106352,0.006966075717574609,1,0,1,0,92.58963390588026,86.86771256486931,0.8633777999784797,0.8657812000019476,0.06586936816988308,0
611,gpu,2,67.51546020622776,0.6523282809318941,0.0005810233914654254,1,1,1,1,67.88217897454193,65.1893277214613,0.811156400013715,0.8407786999596283,0.041308161123958125,1
612,gpu,2,42.6721261381608,0.7728252838680153,0.0020127182962010153,1,0,1,0,42.708448844404145,38.16165180893478,0.8250808999873698,0.8150292999343947,0.1191457083208549,0
613,gpu,2,90.62860149715002,0.6742042971112099,0.00769779235103639,0,0,0,0,90.73481817105642,87.76734715626394,0.8722066999180242,0.8897303999401629,0.03381064952902239,1
614,gpu,2,80.73641964765267,0.6322208809101819,0.0016211774470081383,0,0,0,0,81.39704162768867,79.25070431133994,0.7985382999759167,0.8196487999521196,0.027082880019800682,1
615,gpu,2,90.00735062609873,0.7232468715805119,0.007798236635119041,0,0,0,0,90.3297670890928,58.730527460600925,0.7789845999795943,0.830912800040096,0.5380377291807921,0
616,gpu,2,101.42522861160717,0.5193527470739291,0.003794034552958295,0,0,0,0,101.68914443694348,91.15102682562261,0.7858465999597684,0.8193717999383807,0.11561161709654597,0
617,gpu,2,91.85628876219164,0.7269071883485676,0.002274750085292445,0,0,0,0,92.01148008521041,90.53183158812341,0.7892576999729499,0.8176081000128761,0.016343958485438494,1
618,gpu,2,60.20562405637387,0.6233561319169378,0.004057292537569822,0,0,0,0,60.57252176404631,60.16191585048537,0.8055269999895245,0.8404470999957994,0.006825013927105897,1
619,gpu,2,63.57639354789387,0.5288515016232681,0.003964790242666111,1,1,1,1,63.76631023137058,62.74417021644817,0.9294322000350803,0.9304528000066057,0.0162905973797461,1
620,gpu,2,28.858750224949624,0.5556336778025213,0.006655000421996795,1,1,1,1,29.305968446989674,19.37031074824131,0.8585542000364512,0.8466287000337616,0.5129322821860488,0
621,gpu,2,107.10217756804042,0.7953441000655092,0.004260434299650569,1,0,1,0,107.640375987868,103.0719004661614,0.9094520000508055,0.8649877000134438,0.04432319090891739,0
622,gpu,2,48.413857934423504,0.6635541627892841,0.0021488488862606145,1,1,1,1,48.67703135399788,44.218506869280006,0.8196676999796182,0.8446467999601737,0.10082937666570906,0
623,gpu,2,115.4661136009665,0.5920576281421308,0.002738256906926661,0,0,0,0,115.52047675291352,110.85344435423328,0.7922966000624001,0.8678745999932289,0.04210092366428147,1
624,gpu,2,59.908682894938394,0.4602423289080829,0.005567333576185823,1,1,1,1,59.99758340292729,53.602690633127544,0.8527771000517532,0.879467900027521,0.1193017121765073,0
625,gpu,2,116.31753639098811,0.4125718228667967,0.006352678918886488,0,1,0,1,116.62345794166637,111.98566601959574,0.8020618000300601,0.9820937999757007,0.04141415671233399,0
626,gpu,2,100.4387263950609,0.7163510214256138,0.004301941712919923,1,1,1,1,100.78378077377482,97.87010437800072,0.906783499987796,0.8945483999559656,0.029770852031798193,1
627,gpu,2,73.98258302980878,0.19403069305711954,0.0063854134903500144,1,1,1,1,74.23802992200638,72.92521527894891,0.9026411999948323,0.9421804000157863,0.018002204560326206,1
628,gpu,2,39.6794024003393,0.2977971629654055,0.0025312584073543007,1,0,1,0,40.099263205082906,34.62042481300441,0.8375869999872521,0.8159701999975368,0.15825451078868585,0
629,gpu,2,110.72236983942187,0.5866803940406262,0.005934134179078372,1,1,1,1,110.9400784202633,106.59113614202067,0.904611499980092,0.9817902999930084,0.04080022444312965,1
630,gpu,2,96.76101420681674,0.4565732086203881,0.00620130598997647,0,0,0,0,97.19441240958736,63.736343672118814,0.838692200020887,0.8517982000485063,0.5249449028577494,0
631,gpu,2,77.73255810478872,0.3832804702736222,0.0038425821075885255,0,0,0,0,78.23330246685582,61.49873384262433,0.8546884999377653,0.8933042000280693,0.27211240912789125,0
632,gpu,2,55.71153977859985,0.7083618422102654,0.0034454464067984287,0,0,0,0,56.20131716780561,55.68914514650316,0.8223913999972865,0.8414624000433832,0.009196981206212948,1
633,gpu,2,103.45461864232995,0.680717458172393,0.0051396367078182705,1,1,1,1,104.45527865695995,100.98618770723988,0.8530802000313997,0.8993867000099272,0.03435213298453254,1
634,gpu,2,66.74874144939034,0.35935945426595506,0.0017291967200943278,1,1,1,1,66.95415035170836,64.20865414394822,0.8193410000531003,0.8464952999493107,0.04275897453955447,1
635,gpu,2,31.76530222224243,0.45390625059925493,0.007781772971197277,1,1,1,1,31.816570112385367,22.65034070805015,0.8320374999893829,0.8486167999217287,0.40468395254988143,0
636,gpu,2,57.63381034779017,0.5827696306737443,0.007347654356942038,0,0,0,0,57.70763377763184,58.10897804883387,0.8430415999609977,0.8829286999534816,0.006906751498275266,1
637,gpu,2,46.627962507943735,0.7589193291767748,0.006457997791291249,0,0,0,0,46.63381872378101,27.095332029417253,0.7812806000001729,0.8225369000574574,0.7211015784250561,0
638,gpu,2,112.85916291820978,0.3388874331405234,0.005631031455168369,0,0,0,0,114.52518191806327,76.71102289256596,0.8100465999450535,0.849964699940756,0.492942964382787,0
639,gpu,2,74.05864037899576,0.6686017542872189,0.0030249137573044606,1,1,1,1,74.1212895069907,71.62280346926951,0.8567996000638232,0.8461207000073045,0.034883946406722176,1
640,gpu,2,25.17497881596396,0.2443869951900093,0.003274672813399087,0,0,0,0,25.19445884238669,16.848974836544162,0.8124925999436527,0.8574341000057757,0.4953110849059968,0
641,gpu,2,33.63855286769331,0.21848142131488046,0.004747789712935072,1,1,1,1,33.6917980718451,32.306068641132114,0.902611400000751,0.8447569999843836,0.04289378092104568,1
642,gpu,2,45.697690219304704,0.1050788138441231,0.005790760371823092,0,0,0,0,45.80618491440633,26.2408700933907,0.8206811000127345,0.8217773999786004,0.745604652261266,0
643,gpu,2,69.02684619156176,0.5592276292648088,0.0021178525530976084,0,0,0,0,69.25599910559681,66.66288547805519,0.7926699999952689,0.8274636999703944,0.03889891067489504,1
644,gpu,2,94.87448775589299,0.2628840883769845,0.004449684864420903,0,0,0,0,95.20319455301552,91.36429235163068,0.921664800029248,0.9350673999870196,0.04201753335548407,1
645,gpu,2,83.3771755651487,0.14984389328700892,0.005234448055941929,1,1,1,1,83.39903750829745,77.50904524622331,0.870017800014466,0.8719899000134319,0.07599103102564846,1
646,gpu,2,40.03632356779036,0.3235599024094355,0.003200187098795154,1,1,1,1,40.19003651796181,38.07001271745866,0.8958626000676304,0.9385908999247476,0.055687499141047536,1
647,gpu,2,40.83623439675405,0.2695306243275257,0.003308335886894204,0,0,0,0,41.032775866542394,36.109022427049496,0.778182000038214,0.8034991999156773,0.136357982258874,0
648,gpu,2,53.57979639562172,0.20299484187440459,0.0019690106235053942,1,1,1,1,53.6287631139658,49.01359493572712,0.8333308999426663,0.8360028999159113,0.09416098093377318,1
649,gpu,2,32.46650154425184,0.4485524579872161,0.0072444667181751484,1,1,1,1,32.54300462927628,23.293311544597643,0.7796107000904158,0.802104500005953,0.3970965256257819,0
650,gpu,2,105.7963208761562,0.4501396923430505,0.0065500425520653525,0,0,0,0,106.12613438988485,70.64521358895949,0.7507057000184432,0.7933934000320733,0.5022409728614701,0
651,gpu,2,111.62691619032144,0.37193178009255135,0.0017839363325858218,0,0,0,0,111.81855998632248,107.91304001534421,0.7592644999967888,0.8251854999689385,0.036191362697436266,1
652,gpu,2,79.44726445159444,0.7026076576205168,0.0012790558469199945,0,0,0,0,79.47696276039476,77.72569424279628,0.767315199947916,0.7693568000104278,0.022531397559833126,1
653,gpu,2,108.38972027422837,0.20573367439335666,0.00041477492588860366,0,1,0,1,109.27947386125454,105.08553096302231,0.7779237000504509,0.8667994999559596,0.039909803564755354,0
654,gpu,2,96.66473737742933,0.6082497427919737,0.001801193067797353,1,0,1,0,97.0724395600208,94.90100050658182,0.777481900062412,0.7788911999668926,0.022881097584301804,0
655,gpu,2,98.06247573165975,0.3122268747701364,0.004328079323776625,1,1,1,1,98.93890066318151,94.45841498616225,0.7913406000006944,0.8412289000116289,0.047433420068245184,1
656,gpu,2,45.32758933150677,0.48142565840335505,0.0015924167044660351,0,1,0,1,45.42953606886613,41.171988102957386,0.825294499984011,0.7951382000464946,0.10340885058214913,0
657,gpu,2,30.07351967306067,0.17663939748022345,0.005337332451143005,0,0,0,0,30.093243167343964,29.676844970305968,0.7636154000647366,0.776536300079897,0.014031080374434516,1
658,gpu,2,23.747445862461834,0.7090564833541636,0.0028654189099128415,0,0,0,0,23.959734409931244,20.817325658504327,0.725902899983339,0.7332693000789732,0.1509516065116258,0
659,gpu,2,94.25983800741595,0.2569334726192363,0.007665711472060465,0,0,0,0,94.26596735579547,61.61436418431813,0.7349940999411047,0.7842284999787807,0.5299349202695776,0
660,gpu,2,81.65942686697258,0.7645779407413867,0.006500274867938155,0,0,0,0,81.88496733933049,80.57454601055335,0.7789465000387281,0.8670032999943942,0.01626346524627647,1
661,gpu,2,93.4362335498274,0.25424925810207494,0.007915548291147398,0,0,0,0,93.77833681935587,61.24900026458813,0.7674221000634134,0.8219150999793783,0.5310998777815966,0
662,gpu,2,115.84957554093056,0.4228606637377512,0.00669759990666149,0,0,0,0,115.95544163177433,79.36902297627898,0.751120200031437,0.8097653000149876,0.46096596989016647,0
663,gpu,2,85.70789398995352,0.15724038419222874,7.539738791926169e-05,0,0,0,0,86.90082302567465,85.46270054468235,0.7549028999637812,0.7970450000138953,0.016827486983522287,1
664,gpu,2,95.60149694708501,0.7355039426018205,0.006599904008519182,0,0,0,0,95.66849617938145,92.98928775747763,0.8014230999397114,0.8073178000049666,0.02881201143180471,1
665,gpu,2,48.31290299338677,0.7861109229135439,0.0057157316367459545,0,0,0,0,48.648949335426735,44.35757197090189,0.7709675000514835,0.7894974999362603,0.09674509162358905,1
666,gpu,2,82.3959885133248,0.6567937648410175,0.0008671608866721018,1,1,1,1,82.40815579912355,82.41823759562305,0.7843203999800608,0.8227060000644997,0.00012232482510692903,1
667,gpu,2,80.55144082473399,0.25121859552286324,0.0025622197507813474,0,0,0,0,81.40489509992176,78.88011247027998,0.7723657001042739,0.7786076000193134,0.03200784773973352,1
668,gpu,2,44.0436585124923,0.6866874476570962,0.007297560757016287,1,0,1,0,44.26287309181958,43.51944729663246,0.851271599996835,0.8537523000268266,0.017082611139793775,0
669,gpu,2,80.23606521424239,0.2606944012786535,0.00536792736325283,1,1,1,1,82.04964936397575,72.82368546816038,0.8237221000017598,0.8370731000322849,0.12668905503071662,0
670,gpu,2,29.65177158261486,0.6982546051509818,0.00035328649015057596,0,1,0,1,29.95938706722221,25.469240396779195,0.7506446000188589,0.853061500005424,0.17629684279908214,0
671,gpu,2,106.66483489132715,0.5978741383657953,0.006569889171458493,0,0,0,0,107.34707129986943,102.97004086049745,0.7430471000261605,0.8673873000079766,0.042507805210079755,1
672,gpu,2,52.30424115751428,0.2803095639856644,0.004127750082653824,0,0,0,0,52.35036172230174,51.93891293665439,0.8549238999839872,0.8360491000348702,0.007921782771024911,1
673,gpu,2,74.5182596895788,0.40271120282217554,0.0031971315861487916,0,0,0,0,75.05684683664033,72.51530065416223,0.873528299969621,0.7917285999283195,0.035048412673611674,1
674,gpu,2,111.0708657253038,0.46476185356967625,0.00184546860050851,0,0,0,0,111.33717115915775,107.49885329418461,0.7703031001146883,0.8342215000884607,0.03570566333827839,1
675,gpu,2,29.84986711753326,0.49602232840632277,0.002781612060325119,1,1,1,1,29.970895581247614,25.475155112729244,0.7899650000035763,0.7951833000406623,0.17647548949650835,0
676,gpu,2,75.88068003898775,0.7750638118631203,0.004663060856042437,0,1,0,1,76.27281415107504,68.60389457902346,0.7748903000028804,1.0687303999438882,0.11178548417856807,0
677,gpu,2,67.88346950132248,0.2123663861854004,0.005966351074346524,0,0,0,0,68.79095626612344,42.08673316443506,0.7896283000009134,0.8250960999866948,0.6345045360815627,0
678,gpu,2,78.26533699001021,0.41409790801164303,0.00585610403013616,0,0,0,0,78.47243772526839,72.29652738732683,0.7883584999945015,0.8078673999989405,0.08542471625026019,1
679,gpu,2,118.29070815643112,0.187588648038459,0.0006332480318067381,0,0,0,0,118.60631659773918,112.42506076466331,0.7528381999582052,0.799192100064829,0.05498112067748792,1
680,gpu,2,24.669601227589535,0.2786366629975845,0.006153130459892263,0,0,0,0,24.89515239591129,23.43784813213842,0.8600444999756292,0.8389450999675319,0.06217739169384692,1
681,gpu,2,57.31640017875837,0.5694449904974728,0.006628107634080687,0,0,0,0,57.96623127156862,56.6005619274989,0.8117409000406042,0.875599299906753,0.024128194094946195,1
682,gpu,2,71.25545411269593,0.15312941449388726,0.005767489065211906,1,1,1,1,71.90926973810687,64.15910961866909,0.8477747000288218,0.8887785999104381,0.12079594254815888,0
683,gpu,2,32.811502275521434,0.20866749290415962,0.007836626471646534,0,0,0,0,33.27003413073188,16.703848606863872,0.8183989999815822,0.8074446000391617,0.9917586008927729,0
684,gpu,2,95.96809096126339,0.5354780940345987,0.007597270108435454,1,1,1,1,96.2381331436709,93.56306320998075,0.8465106000658125,0.88596610003151,0.02859108970905068,1
685,gpu,2,25.66426260020835,0.21014928220007967,0.001542159417465162,1,1,1,1,25.915852505006587,22.25398787813861,0.7864258999470621,0.8238272999878973,0.16454869333622854,0
686,gpu,2,35.07253046822884,0.39092918899380136,0.0002540451645525873,1,0,1,0,35.143516795325745,30.25756898184218,0.8485878999345005,0.7837906000204384,0.16147853174905302,0
687,gpu,2,38.400821337789885,0.6539259168233668,0.007934318794422477,0,0,0,0,39.22481583005673,21.074657463522303,0.8234544000588357,0.7954669999890029,0.8612314766183111,0
688,gpu,2,89.90610497781917,0.4428656229968607,0.007020312690245722,0,0,0,0,89.9341210321265,87.63091990218544,0.7979476000182331,0.8149693000596017,0.026282973321653087,1
689,gpu,2,102.72671106159093,0.7830300047925542,0.0013257081407101745,0,0,0,0,103.09521004033905,101.06136766257669,0.7720578000880778,0.9054230999900028,0.020124825388796976,1
690,gpu,2,107.39180510184067,0.5969675235331543,0.002372271032772942,1,0,1,0,107.71917062949733,104.12000897520876,0.792586800060235,0.8345188000239432,0.03456743511370168,0
691,gpu,2,109.05251237176584,0.19944624626110913,0.002816698764697104,0,0,0,0,110.4397149449416,105.83169134519514,0.7882142999442294,0.8087768000550568,0.043541056002934876,1
692,gpu,2,25.887907546683884,0.27201069966137925,0.003875107657644318,1,1,1,1,26.18082941092199,21.35955252198356,0.8201813999330625,0.8617978000547737,0.22571993884124228,0
693,gpu,2,35.626673515495455,0.4876303600574492,0.0043735029274322955,0,0,0,0,36.592298065576706,30.399803967883056,0.7709115999750793,0.8311236000154167,0.20370177729553549,0
694,gpu,2,89.0654229218918,0.3328265318711564,0.007206540142575236,1,1,1,1,89.14789729405558,88.47599513447469,0.8189934999682009,0.8560443000169471,0.007594174652228224,1
695,gpu,2,61.05194771375059,0.16973325486299676,0.00526367807273702,1,1,1,1,61.194114606161776,54.187962252106466,0.8801512999925762,0.8530179000226781,0.1292935194990278,0
696,gpu,2,112.28769707716538,0.18248141702660772,0.0064487858089560465,0,1,0,1,112.45077914300734,107.8789089242745,0.8374142000684515,0.9313783999532461,0.04237964829568364,0
697,gpu,2,73.29697524135422,0.3744932838730729,0.0017514446026185898,1,1,1,1,73.69403872263796,71.0900482092465,0.8136245000641793,0.8364185999380425,0.03662946613465311,1
698,gpu,2,36.466457764092624,0.3764433696260646,0.0024585974372000412,1,1,1,1,37.451134343820144,31.84226625209824,0.8321199999190867,0.9054758000420406,0.17614538008431818,0
699,gpu,2,116.89457790641336,0.11850622762348703,0.005394141377317091,0,1,0,1,117.23538967351752,112.12744559113031,0.819927400094457,0.9594944999553263,0.04555480645669202,0
700,gpu,2,36.89761755917925,0.5305834389117955,0.0029563981112396675,1,1,1,1,37.45762958889172,32.24309706079802,0.9659703000215814,1.0026145000010729,0.16172554758809632,0
701,gpu,2,30.953933115911358,0.771038250224501,0.004883730467664187,0,0,0,0,31.115033494049584,31.132269613778167,0.8986159999622032,0.8214215999469161,0.0005536416053956732,1
702,gpu,2,63.97120582914985,0.6425473846517298,0.00559689529595942,1,1,1,1,64.2078947587874,57.42851893383922,0.850636100047268,0.9255090999649838,0.11804894067977606,0
703,gpu,2,114.22706500470443,0.22635669476495382,0.003150723724032827,1,1,1,1,114.50970154271194,109.50476359971795,0.9568107000086457,0.985495499917306,0.04570520750393074,1
704,gpu,2,43.2476806910439,0.3849359962882576,0.003904305575721567,0,0,0,0,43.357630315547006,41.74098764172382,0.8055479000322521,0.8276597000658512,0.03873034073125784,1
705,gpu,2,88.14991249350626,0.2657299004424001,0.004463234568449018,1,0,1,0,88.52456387953316,66.11085398438817,0.7796033000340685,0.8700741999782622,0.3390322245790064,0
706,gpu,2,82.19475416784341,0.29488391832708016,0.003920606972556227,0,0,0,0,82.33025509495451,80.27625516677159,0.8072544999886304,0.8471825999440625,0.025586643571200388,1
707,gpu,2,78.8486759750883,0.33042012130223997,0.00604031720452122,1,1,1,1,79.56014094914643,67.44619328276258,0.8576212000334635,0.8478922999929637,0.17960906430400198,0
708,gpu,2,65.26192909131079,0.12908091787468126,0.00021708639991194635,0,1,0,1,65.50687585271908,62.55776146421822,0.8461157000856474,0.9437521999934688,0.047142262118629256,0
709,gpu,2,34.649715382295824,0.5102195848186284,0.007126806822525728,0,0,0,0,34.70474860701013,18.25850123394906,0.8145117000676692,0.8513086000457406,0.9007446538098994,0
710,gpu,2,58.605535572543,0.5755203115913066,0.00019761786980106288,0,1,0,1,59.27025716377403,54.32293896025959,0.791140399989672,0.835725599899888,0.09107235908450562,0
711,gpu,2,56.50176399569502,0.5059266222148937,0.005196663113744149,0,0,0,0,57.00593531891904,57.122716760208874,0.8195115000708029,0.8927749000722542,0.002044395783555934,1
712,gpu,2,56.07631209199111,0.23896497666694555,0.003779531039658441,1,1,1,1,56.488241829148045,55.97170682767287,0.9575035999296233,0.9471086000557989,0.00922850187623361,1
713,gpu,2,27.57839240588718,0.42741700403473026,0.007155350672608495,1,1,1,1,27.63811088749972,18.728424936470844,0.8310344000346959,0.8634022999322042,0.47573065974590195,0
714,gpu,2,42.431029085525296,0.15914804106807628,0.006840564052119834,0,0,0,0,42.78478181315357,24.483046975464546,0.8820348000153899,0.9090273999609053,0.7475268440251712,0
715,gpu,2,84.53095782359962,0.14603548315876053,0.0018873931575709908,1,1,1,1,85.08306569630118,83.88156189551265,0.8421735999872908,0.8944691999349743,0.014323812929058079,1
716,gpu,2,31.03078813812234,0.398580462360696,0.005421772419703188,1,1,1,1,32.253015954459975,29.848848637841954,0.8765570999821648,0.9278715000255033,0.0805447253858245,1
717,gpu,2,34.924537736340966,0.10359199592964799,0.0010947897128469584,1,0,1,0,35.1466345185739,30.259975652628118,0.8864072000142187,0.9511013999581337,0.16148918697234202,0
718,gpu,2,41.68045661691812,0.16475533343901952,0.0009320746174115897,0,1,0,1,41.945280659646976,37.29987932782586,0.8365933999884874,0.9377822999376804,0.12454199358107906,0
719,gpu,2,47.00967105322157,0.352771903059384,0.006057862700997958,0,0,0,0,47.060581012522334,27.101043145350662,0.8431307000573725,0.9044801000272855,0.7364859632938463,0
720,gpu,2,119.72339691551447,0.1619547524274919,0.0012905685988482143,0,0,0,0,119.81582116988095,114.87878879355928,0.8828285000054166,0.8496005000779405,0.04297601348490596,1
721,gpu,2,26.592775001716454,0.4914333233236352,0.00043940121329972095,0,1,0,1,26.694919558915366,22.510236135212423,0.838407399947755,0.8260032000252977,0.18590135610158728,0
722,gpu,2,33.04223901235129,0.22507950979104963,0.003618412909346296,0,0,0,0,33.35957049365726,25.66857383250397,0.8308360999217257,0.8240829000715166,0.2996269567347066,0
723,gpu,2,103.17302826319283,0.11139819626877415,0.004625928980298412,1,1,1,1,103.4570560219565,100.69202994816486,0.8781089999247342,0.8415190000087023,0.02746022773813429,1
724,gpu,2,102.09576285616956,0.10122641575359605,0.002645565599347026,0,0,0,0,102.16847118307491,101.07016638364016,0.7699813999934122,0.9176472000544891,0.01086675562861778,1
725,gpu,2,38.26538777751972,0.21494455328502682,0.0020846813365481827,1,1,1,1,38.62183641262473,33.4288681030295,1.124390299897641,0.9654408999485895,0.155343827185241,0
726,gpu,2,30.426034641135896,0.1705732738740366,0.002911077953522461,0,1,0,1,30.759506786190684,26.213255803677512,0.8904938999330625,1.1318078999174759,0.1734332818693727,0
727,gpu,2,62.650802038563185,0.48624973910736813,0.004677928287879498,1,1,1,1,63.014422464239715,56.86813954011351,1.2100392999127507,0.9912659000838175,0.1080795498820698,0
728,gpu,2,54.21043457450072,0.14797648900584376,0.00048164651227754294,1,0,1,0,54.44356012479048,49.42751814700745,0.7968534999527037,0.8299466000171378,0.10148278056090755,0
729,gpu,2,27.323698645769728,0.5526835066576692,0.0012031412285406888,1,1,1,1,27.562594773823655,23.531871553087313,0.8070089999819174,0.848693500040099,0.17128783027916544,0
730,gpu,2,47.61396932241159,0.5725802621971681,0.007871398103870914,0,0,0,0,48.22768633441816,27.51711796292109,0.9496041000820696,0.8316280000144616,0.7526430783704984,0
731,gpu,2,55.55310771915593,0.19668215673287415,4.3056733855641534e-05,1,0,1,0,55.6324611614094,50.86194242452456,0.8211251000175253,0.8245949000120163,0.09379348309325682,0
732,gpu,2,100.69278957312949,0.6497358676089181,0.0007880111545303636,1,0,1,0,101.06903469908747,98.26709832165506,0.8341156999813393,0.8349799000425264,0.02851347424812432,0
733,gpu,2,93.85579124035478,0.3134317358479042,0.00685527145050029,0,0,0,0,94.30034954160412,61.233918112000524,0.7960856999270618,0.9313001999398693,0.5400018886448373,0
734,gpu,2,52.4683357370127,0.6482902612909792,0.0035312793951287505,0,0,0,0,53.33500510296689,52.1745555006261,0.7994925000239164,0.8487880000611767,0.02224167683281681,1
735,gpu,2,47.982787925337234,0.6104519809405559,0.007068269637091127,0,1,0,1,48.1600817838332,46.169584832071585,0.827158399973996,0.9206416999222711,0.043112732310707724,0
736,gpu,2,83.99677897295658,0.4663720080576129,0.0026097703948494955,1,0,1,0,84.03901795824683,83.01933524854815,0.9133327000308782,0.839293499942869,0.012282472590823563,0
737,gpu,2,97.90861871659479,0.5448084145881005,0.001684672642559674,0,1,0,1,97.94528913920288,95.79134546098709,0.8255646999459714,0.9550520000047982,0.0224857858280426,0
738,gpu,2,39.36247728772375,0.1425326310349788,0.00183269853863843,1,1,1,1,39.65332262032466,34.62354083812218,0.8685264000669122,0.9057799000293016,0.14527057777592883,0
739,gpu,2,61.712316621781575,0.12462836002837127,0.0005315708183330402,1,1,1,1,61.820195985826,59.753254389463635,0.7876014000503346,0.8288285000016913,0.034591280717370075,1
740,gpu,2,44.5007802035783,0.34722363397286493,0.0031089867102439502,1,1,1,1,44.666353709839335,40.42749143000296,0.8399055000627413,0.8521003000205383,0.1048509845627111,0
741,gpu,2,117.81814538532933,0.2209291703283076,0.0042118531361302,0,0,0,0,117.86956774387507,117.13521380853228,0.8511532000266016,0.8620718999300152,0.006269284115903412,1
742,gpu,2,113.69796769620224,0.3644518528791383,0.0051088101679563815,0,1,0,1,113.71460915614172,108.4873655425343,0.8963872999884188,0.923282100004144,0.04818297123786257,0
743,gpu,2,38.74823613693309,0.7222060676920297,0.002672967628383236,1,1,1,1,38.99204710371174,33.841754383959184,0.9098884999984875,0.9697012000251561,0.15218752140680297,0
744,gpu,2,23.470170334169396,0.38163792095305205,0.0003799212675485492,0,0,0,0,23.969619512316864,20.398861713431366,0.8525450000306591,0.8357125000329688,0.17504691433514544,0
745,gpu,2,67.19906329829766,0.742525404127467,0.005824325823158725,0,0,0,0,68.79466909562852,41.1262857823379,0.8359205999877304,0.8419908999931067,0.6727664019971646,0
746,gpu,2,112.49132746277137,0.408510832653475,0.0009029638553015828,0,0,0,0,112.71593155756553,108.7408466880477,0.798937699990347,0.8888821000000462,0.03655558137156525,1
747,gpu,2,68.31953877067242,0.32854987367301347,0.0021742743977041694,0,0,0,0,68.3604884253454,66.18351334668675,0.7881165000144392,0.827377500012517,0.03289301169696253,1
748,gpu,2,86.94861466895105,0.6886258064502296,0.00047048023427177115,0,1,0,1,87.15239171043328,86.05560717016046,0.7902488000690937,0.8692871000384912,0.0127450677107433,0
749,gpu,2,111.8546305765495,0.32600431122058837,0.0042813395901532235,1,1,1,1,112.6823429029891,110.94300973873983,0.8645909999031574,0.9309040000662208,0.015677717490675952,1
750,gpu,2,66.04684239198015,0.588574497343756,0.0010125001773526455,1,1,1,1,66.46461125288226,63.69137477844485,0.8879084999207407,0.864832799998112,0.04354179014166861,1
751,gpu,2,95.13667267151753,0.5158356357241138,0.0001440783097191939,0,0,0,0,95.56559484878102,93.2237137712832,0.7931041000410914,0.8788632000796497,0.025121087572668812,1
752,gpu,2,96.21363185614901,0.5929941685442269,0.004773804850330766,1,1,1,1,97.01054806789867,92.51063191661852,0.8532379000680521,0.8723680999828503,0.04864215126468924,1
753,gpu,2,87.17729770658161,0.7065274086480872,0.0006982880441646818,0,0,0,0,87.58882509607275,86.89745641148075,0.7990947000216693,0.8613483000081033,0.007956144093771936,1
754,gpu,2,101.11688096859207,0.34113753651051654,0.005485289153823617,1,1,1,1,101.39225111085995,98.70593589204934,0.8165946000954136,0.894844499998726,0.027215336084230223,1
755,gpu,2,26.826399030919248,0.23153569854898767,0.007629277766357583,1,1,1,1,27.125399434361384,17.52223601673322,0.8354073000373319,0.8551319000544026,0.548055819386146,0
756,gpu,2,72.23192778445498,0.3563206290624038,0.0027708933380940844,1,1,1,1,72.35240813724722,71.097398775529,0.8244087999919429,0.855515000061132,0.017651972974153086,1
757,gpu,2,84.31814181287122,0.5778666851183338,0.004708832288751693,1,1,1,1,84.32742484062467,78.77701866210434,0.867035000002943,0.8500666000181809,0.07045717485612786,1
758,gpu,2,76.25258810629096,0.5460890113507686,0.0022082559707498573,1,0,1,0,76.45597277343165,73.82350726188403,0.877642499981448,0.8728951000375673,0.03565890607458033,0
759,gpu,2,79.21880588315102,0.5249372342680695,0.0057383758269433675,0,0,0,0,79.25839830741732,49.78946968325872,0.8093780999770388,0.8599117998965085,0.5918707070315969,0
760,gpu,2,86.55266937788838,0.541664938937755,0.003007082591407271,1,1,1,1,86.65022182709659,86.63736783900993,0.8453869000077248,0.8819668999640271,0.00014836540406613596,1
761,gpu,2,58.68286863844037,0.6717396171272152,0.0015081281027797138,1,0,1,0,58.96768782125608,54.39292946028896,0.8146850999910384,0.8348924000747502,0.08410575430225804,0
762,gpu,2,108.99590707671213,0.37789093406519647,0.007732986221777022,0,0,0,0,109.741095631541,73.32776157289746,0.8358476998982951,0.9050917999120429,0.49658319410778534,0
763,gpu,2,99.28668968139131,0.6183213686386777,0.007602386034932277,0,0,0,0,99.45144182352718,65.37029028742644,0.9044282999821007,0.8332101999549195,0.5213553647421392,0
764,gpu,2,41.04747196653866,0.13906238461654452,0.0020275514816432004,0,0,0,0,41.1848661873143,37.1303356940065,1.037698999978602,0.8590009999461472,0.10919724849033012,0
765,gpu,2,99.76357317186039,0.7666723728641817,0.006690050388659846,1,1,1,1,100.2960824779203,94.58056848371653,0.9122925000265241,0.9583551000105217,0.06043010827522963,1
766,gpu,2,110.6072182986193,0.12785416777236222,0.006723884946118344,0,0,0,0,110.61404697257191,74.80263603943418,0.7904891999205574,0.8907248999457806,0.47874530670628784,0
767,gpu,2,104.73033562587769,0.5062792406554657,0.005146970482240612,0,1,0,1,105.33901763556389,102.37044431899659,0.8656313999090344,0.8702136999927461,0.028998343577731563,0
768,gpu,2,28.445977993853027,0.24692259840382325,0.004980439629393688,0,0,0,0,28.477822037038656,28.498869649664893,0.8351157000288367,0.8437832000199705,0.0007385420153491807,1
769,gpu,2,115.2834203674665,0.6609715330370654,0.004813934293573225,1,0,1,0,115.62222084501634,110.67015964047484,0.9978820000542328,0.8574463000986725,0.04474612868210245,0
770,gpu,2,52.68918716827224,0.3067512771542974,0.001385054829952515,0,1,0,1,52.815163791668766,48.192837762256936,0.7762645999900997,0.8367656999034807,0.09591313240806679,0
771,gpu,2,64.6587238622497,0.3944419057251354,0.00283639398454555,1,1,1,1,65.0199236474025,61.9940199900705,0.8685671000275761,0.8203529000747949,0.04880960547189332,1
772,gpu,2,84.93641015851298,0.4688849221718827,0.005878429698606541,1,1,1,1,84.99241848170365,84.18789978127188,0.8581226000096649,0.8415090000489727,0.00955622723125279,1
773,gpu,2,87.46402459465114,0.10718521795418974,0.007118650908703718,0,0,0,0,87.79508866851442,56.94107253442651,0.8173385999398306,0.9110025999834761,0.5418587104314484,0
774,gpu,2,35.71858387574662,0.30771798796559197,0.003432611105749138,0,0,0,0,36.954908507296615,30.72376232698068,0.8177819000557065,0.8663869000738487,0.2028119510234569,0
775,gpu,2,53.152967085071104,0.6963449542587398,0.0011715058965477603,1,1,1,1,53.21919395322556,48.60319034969588,0.815037599997595,0.8677436999278143,0.09497326348986404,1
776,gpu,2,51.16521654666704,0.17724366449737233,0.004609149717801326,1,1,1,1,51.27959333764176,49.254405548932134,0.8988854999188334,0.9469822000246495,0.04111688621838479,1
777,gpu,2,20.595241745488703,0.24805760645546943,0.007412143694896331,0,0,0,0,20.736013435845948,10.315609938126533,0.7928682999918237,0.8005061000585556,1.0101587361504978,0
778,gpu,2,74.9180090506506,0.46294384019529544,0.007259538354284305,1,1,1,1,75.21578172175501,73.72103753384137,0.8973962999880314,0.9282587000634521,0.020275680293125046,1
779,gpu,2,97.573032999401,0.748288450993909,2.4689640720120243e-05,1,1,1,1,97.75595853942049,95.61132791320154,0.8224019000772387,0.8628211000468582,0.02243071687243908,1
780,gpu,2,53.71634676720499,0.6302026873954206,0.005033970265324071,1,1,1,1,54.613265192926434,50.36627601304944,0.8093072000192478,1.029209400061518,0.08432208048847277,1
781,gpu,2,50.866167886055536,0.29967770624430434,0.006405859681890751,0,0,0,0,51.168420761184976,29.517729671017747,0.8172833999851719,0.8159604000393301,0.7334809055936696,0
782,gpu,2,48.88025596037977,0.7504931254280441,0.00485532569198997,1,1,1,1,49.23832092124938,45.74085378568135,0.8309045999776572,0.8605615999549627,0.07646265528744615,1
783,gpu,2,105.16122536827257,0.34383538358353105,0.004406530084249047,0,1,0,1,105.28193164218416,103.31936061403566,0.8154091000324115,0.9142722000833601,0.018995191380248366,0
784,gpu,2,77.51445348375437,0.7936910261321495,0.004928471413121683,1,1,1,1,77.92355206279962,77.10890013099876,0.8518451999407262,0.8743748000124469,0.010564953337641403,1
785,gpu,2,90.89648865265362,0.658893574704865,0.004009748177980026,0,0,0,0,91.20557857161602,89.41966362717731,0.8029533000662923,0.8055267999880016,0.019972284305215263,1
786,gpu,2,106.10389857874675,0.6154764019759413,0.003143680076056584,0,0,0,0,106.48333398058871,103.22741624638758,0.7732160000596195,0.8259752000449225,0.031541211168453265,1
787,gpu,2,81.69095127023274,0.6813817618322221,0.005090113735186109,0,0,0,0,82.29559967499814,80.29629891798002,0.7862254000501707,0.8438654999481514,0.024899039980165683,1
788,gpu,2,51.90442592562184,0.34922558007013954,0.000330699215209639,0,0,0,0,52.2795439438561,47.99769941094374,0.8545226000715047,0.8343013999983668,0.08920937014610486,1
789,gpu,2,79.9062320306547,0.30402670491991945,0.0033043704511028314,1,1,1,1,80.05595910643213,78.02959051989278,0.8596868000458926,0.8723345999605954,0.025969232608272476,1
790,gpu,2,32.32400268734378,0.3211703539354279,0.001560452784537662,0,1,0,1,32.33940866150719,27.855788071115413,0.7809888999909163,0.8239777999697253,0.1609583106729978,0
791,gpu,2,24.11153636143265,0.2918381904309533,0.006310941416941654,1,1,1,1,24.194224301340395,15.08018006670817,0.8059800000628456,0.8609095000429079,0.6043723744886101,0
792,gpu,2,118.53066786576787,0.2339029047159766,0.007174729697902188,0,1,0,1,118.60703491398371,114.63048031988166,0.8561306999763474,1.2513569999719039,0.034690202666911064,0
793,gpu,2,22.66507765233294,0.35123418429607767,0.005687305383664871,0,0,0,0,22.68726743524119,11.274661832127201,0.9393043000018224,0.9410210000351071,1.0122348477533682,0
794,gpu,2,20.696827115704657,0.5786177075927469,0.004736759639259205,0,1,0,1,20.902937391957455,19.00409804643874,0.8806654999498278,0.8937965999357402,0.09991736208046688,0
795,gpu,2,63.322988930641074,0.7299969987469882,0.0035958469837316653,0,0,0,0,63.339647472097255,48.5054835546873,0.8504780000075698,0.8557335999794304,0.30582447241630395,0
796,gpu,2,76.9912806005587,0.40563116448370584,0.005462029447075657,1,1,1,1,77.18612302512464,69.75622766883731,0.850915800081566,0.9682823000475764,0.10651228721197809,0
797,gpu,2,49.19319805147299,0.3577155952170388,0.0010430999134893896,0,1,0,1,49.49565202893371,44.98545086995129,0.9291586000472307,0.9270256999880075,0.10025910759505303,0
798,gpu,2,89.50866856202984,0.7330640608540292,0.0022186337522930063,0,0,0,0,90.36675186302658,87.75251462149134,0.8993668000912294,0.8571659000590444,0.02979102368531997,1
799,gpu,2,75.22560872678352,0.11231660007980801,0.0041415414965049815,0,0,0,0,75.31796974363715,73.20459155150711,0.807985300081782,0.8622660000110045,0.02886947590771078,1
800,gpu,2,75.63444279322016,0.7001105305203368,0.005536469016032359,0,0,0,0,75.88365173055703,76.12907794344059,0.8209992999909446,0.8939910000190139,0.0032238169634196175,1
801,gpu,2,113.26045316263502,0.5639679981577946,0.006935072005310394,0,0,0,0,114.51550476897405,77.19676390432001,0.7869211999932304,0.8326830000150949,0.4834236433914253,0
802,gpu,2,37.906186488498534,0.7538569117625709,0.0023246964278533576,1,1,1,1,38.106487368400145,33.02810099758112,0.8047669000225142,0.8274630999658257,0.1537595628398663,0
803,gpu,2,50.35497615502447,0.20124820967679358,0.0056218514004169745,0,0,0,0,50.58486673110801,29.47137969048729,0.7743626000592485,0.8138419000897557,0.7164064683213893,0
804,gpu,2,73.63358356563933,0.5851678367667538,0.0009673635368583575,1,1,1,1,73.68694759480294,71.18030006648604,0.802945900009945,0.8624430999625474,0.03521546728484661,1
805,gpu,2,101.7336336352364,0.6394955810638052,0.0014633099491175045,0,0,0,0,102.16808076693678,99.3188147376786,0.7786017999751493,0.8248184999683872,0.028688079260547825,1
806,gpu,2,72.52452215075942,0.47558781212288226,0.0028980669761936753,1,1,1,1,72.89574637664549,71.10566042030509,0.9494436000240967,0.8709615999832749,0.025175013434362598,1
807,gpu,2,76.5258534728525,0.5145401965872752,0.0022969308364087894,0,0,0,0,76.83864661769393,74.2339967475754,0.7728188999462873,0.92120129999239,0.03508702190689461,1
808,gpu,2,65.33660619891353,0.7990505713812186,0.0038307398625483636,1,1,1,1,65.50278750848464,65.14251448263633,0.8541437999811023,0.9182539000175893,0.0055305360671078375,1
809,gpu,2,21.712555639164584,0.5502584796730787,0.003552226410393412,0,0,0,0,21.881941156307192,10.847403322845196,0.9900814000284299,0.8409159000730142,1.0172515490617635,0
810,gpu,2,60.63664040012191,0.6781428840233101,0.00011004860512971755,1,1,1,1,60.76866405896428,58.0682053967889,0.9059088000794873,0.9416293000103906,0.04650494437916137,1
811,gpu,2,109.60732676087828,0.42563909175336545,0.005003078943371331,0,0,0,0,109.87073341507747,105.47700665256261,0.8879677000222728,1.0421603999566287,0.041655777898472544,1
812,gpu,2,56.938361287719786,0.6216428416540608,0.0069962857732308115,1,1,1,1,57.015510297807246,55.631331418128866,1.1424722999799997,1.0853299999143928,0.02488128262246319,1
813,gpu,2,54.440122792929344,0.3893182605198565,0.003244816172010724,1,1,1,1,54.52449973330595,53.9146333758536,0.8374925000825897,0.9482710000593215,0.01131170369277687,1
814,gpu,2,22.08585285321332,0.694300144258163,0.0049392328171148706,0,0,0,0,22.43891683273569,19.896848725232065,0.9388225999427959,1.0305828000418842,0.1277623478274686,0
815,gpu,2,24.55459866191867,0.4832975320540991,0.006021283082568281,0,0,0,0,25.006181260813463,12.222777257149819,0.8716655999887735,0.8492981999879703,1.0458673781513839,0
816,gpu,2,98.34457997219316,0.44649249737375263,0.0037363201202458033,0,0,0,0,98.65323857018682,94.9703068221607,0.8938587000593543,0.9313523999880999,0.03877982362342682,1
817,gpu,2,114.6138744160834,0.6442223549349678,0.0011892148824002662,0,0,0,0,115.04205605096715,110.86081412595499,0.8142997000832111,0.8625258000101894,0.03771613944907191,1
818,gpu,2,83.20870264612438,0.28494665454751444,0.007558772562248305,0,0,0,0,83.46448377446869,53.7658102787053,0.804387699929066,0.902359800064005,0.5523709833779993,0
819,gpu,2,43.35644276094412,0.7811516153391015,0.0014930328958757408,0,1,0,1,43.47301178378302,39.20220208728381,0.8176596000557765,0.8561910999706015,0.10894310699664893,0
820,gpu,2,104.272199432624,0.7843324833391105,0.003401291929253217,0,0,0,0,104.31262793224496,100.69020920583058,0.8125977000454441,0.8519335999153554,0.03597587843927749,1
821,gpu,2,114.76112397878819,0.611107004122257,0.005986829217254439,0,0,0,0,115.12877851897234,109.691797082733,0.8854755000211298,1.0326474000466987,0.049565980144701184,1
822,gpu,2,36.09702867064894,0.37037839204367007,0.0074984279723194335,0,0,0,0,37.50546321152384,19.20091705788652,0.828239000053145,0.8518567000282928,0.953316245180017,0
823,gpu,2,21.599037529904617,0.5107688401149194,0.005656060620113621,0,0,0,0,21.734718290607624,13.498605538641334,0.954857400036417,0.8927013999782503,0.6101454500903413,0
824,gpu,2,39.07816624705349,0.5217825801190642,0.0006429177132656967,0,1,0,1,39.51959243051091,34.224327909886156,0.885189300053753,0.9947577000129968,0.15472223543928665,0
825,gpu,2,28.101433365390037,0.47657093303872333,0.003996810331627365,0,0,0,0,28.2904393916521,17.866620377826397,0.8795149999205023,1.023150600027293,0.5834242175292603,0
826,gpu,2,110.08199103495001,0.4970287365088534,0.001984312059477361,0,0,0,0,110.44900124060507,106.6645283100219,0.8528248000657186,0.959724000073038,0.035480144998003046,1
827,gpu,2,116.58656162313977,0.1370649648874399,0.0006739027108181668,0,0,0,0,116.65811577199948,110.59038289568352,1.0132390999933705,0.9161385999759659,0.05486673178480142,1
828,gpu,2,72.96893536985039,0.4926893964120792,0.005315351121712835,0,0,0,0,73.0817247934958,71.90009457935028,0.8789879999822006,0.9139893000246957,0.01643433462860671,1
829,gpu,2,108.33222539491311,0.42081948144018344,0.007852577143120201,0,0,0,0,109.7505952958438,72.92831118247032,0.8058345000026748,0.8299369000596926,0.504910692656001,0
830,gpu,2,21.168298605827253,0.4308624561882981,0.0019165140766717276,0,1,0,1,22.117531850679928,19.142389381020898,0.8530314000090584,0.8219091999344528,0.1554216879847191,0
831,gpu,2,62.784459473703365,0.7190319223751965,0.000602107334974412,1,1,1,1,62.872291074083854,60.61707281234533,0.8196978999767452,0.8456744999857619,0.03720434123765916,1
832,gpu,2,93.32100683311276,0.4363288249260169,0.0014345742495429808,0,0,0,0,93.45584945139933,90.51627050879247,0.8739891999866813,0.870844200020656,0.03247569664639813,1
833,gpu,2,104.60196215130136,0.18054732716247063,0.0016549022029941354,0,1,0,1,104.84775862222423,101.06347326774865,0.8068276999983937,0.867697500041686,0.037444639810169926,0
834,gpu,2,92.91152191601779,0.41892720714210885,0.006761299221552975,0,0,0,0,93.16846409304767,87.96221463869766,0.8290474000386894,1.1609548999695107,0.059187339424485154,1
835,gpu,2,68.43905172587822,0.11899464774347968,0.0048505419206813765,0,1,0,1,68.6087650361229,60.93630690345368,0.8901617999654263,0.9995115000056103,0.12590947043813003,0
836,gpu,2,37.098337591678785,0.7767377158338016,0.005900416975083513,1,1,1,1,37.296458677486925,32.904675570798204,0.8948469000170007,0.9099166999803856,0.13346988020712414,0
837,gpu,2,91.5634997913143,0.3937065482661969,0.00551589203602291,1,1,1,1,91.66822823777449,87.62437910745551,0.8429863000055775,0.9441328999819234,0.0461498177962542,1
838,gpu,2,77.26410023006659,0.6662259754623033,0.001921971586334162,0,1,0,1,77.59890594868955,75.00516908237,0.8193069000262767,0.8666075000073761,0.03458077487261081,0
839,gpu,2,65.9882568816434,0.7562493793716134,0.004047883750758858,0,0,0,0,66.24096586418386,64.31262271853043,0.7958508000010625,0.9214858999475837,0.029983898403474908,1
840,gpu,2,98.89705759911493,0.13421635665410095,0.004103578796607691,0,0,0,0,99.21029826535093,79.88108756915113,0.8087715000147,0.8795391999883577,0.24197480635784988,0
841,gpu,2,54.81860361265168,0.5668548943898802,0.0009355331190009996,0,1,0,1,54.85116827956209,50.28408662528628,0.8266254999907687,0.9514218999538571,0.09082558639892187,0
842,gpu,2,102.47173899555033,0.7516487352579163,0.002437248596562001,0,1,0,1,102.68416686974571,101.07729964236003,0.8628411000827327,0.8620348999975249,0.015897409537761958,0
843,gpu,2,64.2180601047084,0.5008178332126806,0.007467941681609447,1,1,1,1,64.51761416952509,59.68260590001397,0.985168099985458,1.0448188000591472,0.08101201676098378,1
844,gpu,2,91.30935222594175,0.6288389035631757,0.004239034913066488,0,0,0,0,91.40827967182359,86.20650944133918,0.869743200019002,1.0842653999570757,0.06034080563282816,1
845,gpu,2,119.55677735620625,0.31561521730249986,0.004506282738003747,1,0,1,0,119.90071494660803,112.81187430272573,0.8964033999945968,0.8880735000129789,0.06283771710821605,0
846,gpu,2,85.32371012554492,0.44023500440810537,0.0013870039985939325,0,1,0,1,86.22101365214525,84.86130817763168,0.8311745000537485,0.870155300013721,0.01602267869436358,0
847,gpu,2,49.63428057079021,0.2909696964807611,0.0026154084328653387,1,1,1,1,49.9125414084249,45.354235447018894,0.8357082000002265,0.8685026000021026,0.10050452656689246,0
848,gpu,2,118.70996636482468,0.60512349300552,0.0002841514338352901,0,0,0,0,118.98795987763285,112.88577597740198,0.7941537000006065,0.837234599981457,0.05405626924558179,1
849,gpu,2,46.86878106768239,0.7928046183424585,0.004521406296735571,0,0,0,0,47.064767481903274,45.305216386154164,0.8206904999678954,0.8583694999106228,0.03883771530306278,1
850,gpu,2,49.909652019497415,0.6714830577040433,0.0025562775491063355,1,1,1,1,49.91276900310484,45.76535534591379,0.8270035000750795,0.8703728000400588,0.09062343394568133,1
851,gpu,2,117.40014328014358,0.3616319327312436,0.00081692151611383,0,0,0,0,117.501971144624,110.58987716145083,0.8216177000431344,0.8821943999500945,0.06250204955994441,1
852,gpu,2,70.07753026695613,0.7302950992363559,0.006324302768128766,0,0,0,0,70.36383871226195,43.48840045760003,0.7969567000400275,0.8352116000605747,0.6179909578616193,0
853,gpu,2,51.64501842699658,0.6920263650878943,0.0029677649534329744,0,0,0,0,52.00740679128022,46.8842453788066,0.802771299961023,0.8018852999666706,0.10927255778738583,0
854,gpu,2,99.55244514934896,0.7380261693189477,0.00797580376557282,0,0,0,0,99.86132284070806,65.74727313580318,0.7927710999501869,0.836629300029017,0.5188663814914599,0
855,gpu,2,105.66543338969183,0.22143766178612206,0.002386073494655901,1,0,1,0,105.66958321223586,102.80253524536226,0.8164556999690831,0.8639987000497058,0.027888883868775412,0
856,gpu,2,87.6802034247059,0.23636473180926384,0.0020652860729856036,0,0,0,0,87.732329419666,86.27270432237793,0.7874868999933824,0.8942388000432402,0.01691873587077833,1
857,gpu,2,64.74785112970594,0.24064128087047093,0.0036744766231889777,0,0,0,0,65.08818876530262,63.529684068873394,0.8772048999089748,0.8408186000306159,0.02453191321933269,1
858,gpu,2,44.73628443436834,0.6008829502096372,0.002700089531213854,1,1,1,1,45.02143955450007,40.42905211852247,0.9056031999643892,0.8715985999442637,0.11359127150729335,0
859,gpu,2,34.271573807107,0.7680139648435232,0.0016398005247598938,1,0,1,0,34.33967608718342,29.464219431491564,0.8727379000047222,0.8318698999937624,0.1654704163138608,0
860,gpu,2,97.27218192333656,0.4790388402118353,0.003650607982250331,0,0,0,0,97.39105118072845,96.02750951111783,0.8108020999934524,0.9727708999998868,0.01419949008937651,1
861,gpu,2,82.8706292251508,0.3364590052350185,0.0025001681940907475,0,0,0,0,82.89515953464938,81.77965331424873,0.8263779000844806,0.85759229992982,0.013640388228526382,1
862,gpu,2,26.034685024232957,0.5392818083657079,0.007971657280248465,0,0,0,0,26.081965905094997,13.16255325489864,0.8132900999626145,0.8500354000134394,0.9815278540573581,0
863,gpu,2,88.83680056456541,0.5648473969443095,0.007757494942933642,0,0,0,0,89.15353973941507,86.82027192131044,0.8511101000476629,0.8859427999705076,0.02687468913043014,1
864,gpu,2,45.59342700997806,0.27425265563565515,0.005217048975779042,1,1,1,1,45.63128485379094,41.070258030532585,0.8590761000523344,0.8707298999652267,0.11105425293085762,0
865,gpu,2,46.327586204103596,0.5517428969572242,0.007453086829129058,0,0,0,0,46.60515593864449,26.681523749624482,0.7992947000311688,0.8219741999637336,0.7467201789515643,0
866,gpu,2,23.224521572091156,0.45873003137095536,0.0068228267036427185,0,0,0,0,23.447441996393124,14.817571400248216,0.7985846999799833,0.8241320999804884,0.5824078968838541,0
867,gpu,2,60.741679897859754,0.6349392255626451,0.0036838451596567325,1,1,1,1,61.07521645495479,60.71327091343451,0.8680792000377551,0.9098927999148145,0.005961555621609366,1
868,gpu,2,41.59147224558623,0.3670369506474661,0.0010223510950306037,0,1,0,1,41.61841101992603,37.299543135790415,0.8035516000818461,0.8583160999696702,0.11578876096183295,0
869,gpu,2,58.176395920564694,0.19200315091590345,0.004175808840624522,0,0,0,0,58.552045811467444,58.072157544484256,0.804769100039266,0.8709337000036612,0.008263654861033634,1
870,gpu,2,81.30589363790196,0.5016644277613178,0.006915748889857837,0,0,0,0,83.51228732699968,52.733574981893454,0.7882717999164015,0.8380444999784231,0.5836644368540228,0
871,gpu,2,43.90337119414301,0.1557573902786571,0.0011267868576901796,1,1,1,1,44.24435545708927,39.65160950086617,0.7971511000068858,0.8239523000083864,0.1158274787338146,0
872,gpu,2,109.86518118082431,0.684944010800387,0.0007578747023481582,1,0,1,0,110.05577491756723,106.33013533398332,0.813998099998571,0.8531199999852106,0.035038416643425364,0
873,gpu,2,103.85956844016718,0.11490635972270916,0.0030405951836585047,0,0,0,0,103.96905034459127,101.07773724077455,0.8021492999978364,0.8368103998946026,0.02860484596058373,1
874,gpu,2,106.9417928361833,0.25172965532618485,0.006168620523741321,1,1,1,1,107.09188332910821,102.22305819687537,0.9074888000031933,0.967170299962163,0.04762942156216636,1
875,gpu,2,69.56969984495416,0.7395424078936909,0.0005416461708118615,1,1,1,1,69.6669357498641,67.11835689099516,0.8388191999401897,0.8375279000028968,0.03797141314123652,1
876,gpu,2,33.96749582085929,0.3170561435671053,0.006109611888305381,1,0,1,0,33.97872153491641,25.333092949363447,0.8101659000385553,0.8465145999798551,0.3412780509207505,0
877,gpu,2,66.39128649404067,0.744412634372504,0.006790297617249301,0,0,0,0,66.77882272276547,40.64686664220157,0.793833400006406,0.8343552999431267,0.642902103884003,0
878,gpu,2,27.955009782341783,0.6024018323279532,0.0030755942111478705,1,1,1,1,27.96724574056544,23.915462531082902,0.8263481999747455,0.8786320000654086,0.16942106824053427,0
879,gpu,2,31.599567602813945,0.26448990150997076,0.007053150166122365,0,0,0,0,31.919116341280017,15.943129601024733,0.8653992000035942,0.9182557000312954,1.002060896452127,0
880,gpu,2,88.4130122168314,0.7895874701260428,0.0024059122620837367,0,0,0,0,88.7028769472713,86.57731011336139,0.8139304999494925,0.904307399992831,0.024551084240510238,1
881,gpu,2,107.84285835799358,0.41553905046969186,0.0010929487494455424,0,0,0,0,108.12484447418242,104.57432064175826,0.8273648000322282,0.8782495999475941,0.03395215776335035,1
882,gpu,2,92.34214572589848,0.5336183624089227,0.0007433744831192012,0,1,0,1,92.71860190116445,91.24778648610058,0.8216121000004932,0.928005599998869,0.01611891610420502,0
883,gpu,2,94.44014467470093,0.3998439042801649,0.007376451461049916,0,0,0,0,96.7291054685607,61.632712250662976,0.8267954000039026,0.8471284999977797,0.5694442437509344,0
884,gpu,2,86.13535495366192,0.23060843567410008,0.004575549814958891,0,1,0,1,86.67207671419672,80.01487634247287,0.8275412000948563,0.890598600031808,0.08319953333715424,0
885,gpu,2,70.66891779431097,0.7143324890648818,0.004361351748417087,1,1,1,1,71.1763140129269,63.96562762041033,0.8661927999928594,0.9556794000091031,0.11272751727391413,0
886,gpu,2,61.497558292426625,0.18401213545393058,0.006083329150269931,0,0,0,0,61.64167577567676,57.57122292276824,0.847989600035362,0.849236199981533,0.0707029075684049,1
887,gpu,2,50.20567485655446,0.6373670565272811,0.005049715427531197,1,1,1,1,50.84817679251738,45.29334591147965,0.8405394000001252,0.8805271999444813,0.12264121294757013,0
888,gpu,2,119.28860818949867,0.3008640402585576,0.006261915384378372,0,0,0,0,119.36187421730352,82.05664634756366,0.8429780000587925,0.8749953000806272,0.4546277423004565,0
889,gpu,2,100.24478296691164,0.7621236337440294,0.0013406733593274416,0,0,0,0,100.78601730421123,98.00699652242923,0.8287445999449119,0.8673495999537408,0.02835533054159053,1
890,gpu,2,113.64885392292925,0.6178869863363468,9.878175747568577e-05,0,0,0,0,113.85429712300441,109.66815710475886,0.8184368000365794,0.8651950999628752,0.0381709707608819,1
891,gpu,2,20.142991119771665,0.5377509719513587,0.0065326008715069165,1,1,1,1,20.20159092079945,12.488447039207756,0.91634029999841,0.9345271999482065,0.6176223398614823,0
892,gpu,2,78.63173937821247,0.4357131579396851,0.004558623693545191,1,1,1,1,78.81342677439287,78.50647129165151,0.8258343000197783,0.9456452999729663,0.003909938603672796,1
893,gpu,2,70.56829705571516,0.6272492152965866,0.007331241832054534,0,0,0,0,70.83030586352147,43.48235613170551,0.825153199955821,0.8431188999675214,0.6289436029864763,0
894,gpu,2,59.19484255913536,0.40666753035464265,0.007521023215434225,0,0,0,0,59.29963273130081,35.42307150792572,0.8254668000154197,0.8918002999853343,0.6740398335596856,0
895,gpu,2,29.134103720335464,0.1893848917148337,0.00528541324373816,1,1,1,1,29.218555046410177,19.90725553684835,0.8905843000393361,0.8657456000801176,0.46773396223937563,0
896,gpu,2,117.28983737816452,0.2763159671991505,0.0008447273759671801,0,0,0,0,117.50253584599841,110.59062458984914,1.004340499988757,1.0393415000289679,0.06249997485576816,1
897,gpu,2,37.58096651548723,0.13244596934869196,0.0012369961040063643,0,1,0,1,37.77013078633588,32.633865227594136,0.897157600033097,0.9480814000125974,0.15739065914872655,0
898,gpu,2,55.18298371563054,0.16677697982782658,0.003494599558238653,0,0,0,0,55.2435715752778,51.73975859943529,0.7982153999619186,0.8498047000030056,0.06771993280774119,1
899,gpu,2,22.83130631587018,0.33459515024677555,0.00016243345696631054,1,1,1,1,22.96359277488076,20.04686749339828,0.9212115999544039,0.8902900998946279,0.14549531404060995,0
