case_id,seed,timestamp,S,mu,delta,lf_success,lf_peak_force,lf_safety_violated,lf_max_rotation_deg,lf_wall_time,lf_connector_failed_t,hf_success,hf_peak_force,hf_safety_violated,hf_max_rotation_deg,hf_wall_time,hf_connector_failed_t,hf_failure_sequence,hf_n_failed,force_discrepancy,adequate_label,success_agree,safety_agree,speedup_ratio,phase
0,42,2026-09-21T15:18:14,30.0,0.15,0.0,1,30.82900357531184,0,0.00031400077596992947,0.017593164986465126,0.99,0,30.10247985608158,1,0.22430432004952316,0.02319835702655837,0.196,"[[0, 0.196], [1, 0.196], [3, 0.196], [6, 0.196], [4, 0.202], [5, 0.202], [7, 0.202], [2, 0.21]]",8,0.02413501222170845,0,0,0,1.318600549952522,pilot
1,42,2026-09-21T15:18:14,30.0,0.15,0.004,1,1.2188412242005873,0,0.00035608119343133715,0.005821009981445968,0.0,1,1.4594445084625607,0,0.00715431840561398,0.008848491008393466,0.0,"[[0, 0.0], [1, 0.0], [2, 0.0], [3, 0.0], [4, 0.0], [5, 0.0], [6, 0.0], [7, 0.0]]",8,0.16485949473710027,0,1,1,1.520095487999053,pilot
2,42,2026-09-21T15:18:14,30.0,0.15,0.008,1,1.3299698207690924,0,0.0003388180523931298,0.005649359954986721,0.0,1,1.598575208892173,0,0.011612179927404423,0.008914253965485841,0.0,"[[0, 0.0], [1, 0.0], [2, 0.0], [3, 0.0], [4, 0.0], [5, 0.0], [6, 0.0], [7, 0.0]]",8,0.16802799557314949,0,1,1,1.5779228154186173,pilot
3,42,2026-09-21T15:18:14,30.0,0.45,0.0,1,30.82900269832555,0,0.004575787359572969,0.01512270700186491,0.99,0,29.700964589032708,1,0.01146741567523072,0.024881325021851808,0.196,"[[1, 0.196], [3, 0.196], [6, 0.196], [2, 0.202], [4, 0.202], [7, 0.20800000000000002], [0, 0.23], [5, 0.23]]",8,0.03797984762115698,0,0,0,1.6452957145029312,pilot
4,42,2026-09-21T15:18:14,30.0,0.45,0.004,1,1.1855054980245874,0,0.0005931330954373235,0.0056847319938242435,0.0,1,1.1842694098078546,0,0.10155629341171014,0.008986743981949985,0.0,"[[0, 0.0], [1, 0.0], [2, 0.0], [3, 0.0], [4, 0.0], [5, 0.0], [6, 0.0], [7, 0.0]]",8,0.0010437559279128687,1,1,1,1.5808562288799135,pilot
5,42,2026-09-21T15:18:14,30.0,0.45,0.008,1,1.2253521003665193,0,0.0008612391560253351,0.0056135049671866,0.0,1,1.1850444627012473,0,0.06352649396178121,0.00874023896176368,0.0,"[[0, 0.0], [1, 0.0], [2, 0.0], [3, 0.0], [4, 0.0], [5, 0.0], [6, 0.0], [7, 0.0]]",8,0.034013607872056414,1,1,1,1.5570020892212997,pilot
6,42,2026-09-21T15:18:14,30.0,0.75,0.0,1,30.82900269548484,0,0.001952767406976928,0.015329112997278571,0.99,0,27.956326035049585,1,0.5116309118929087,0.02967768395319581,0.276,"[[6, 0.276], [0, 0.28], [3, 0.28], [5, 0.28], [1, 0.28400000000000003], [4, 0.28400000000000003], [7, 0.28400000000000003], [2, 0.292]]",8,0.10275587202816645,0,0,0,1.9360340000406149,pilot
7,42,2026-09-21T15:18:14,30.0,0.75,0.004,1,1.2259201830679993,0,0.004245280128593056,0.005610694992356002,0.0,1,1.2118180965324632,0,0.01335899644743827,0.009648435981944203,0.0,"[[0, 0.0], [1, 0.0], [2, 0.0], [3, 0.0], [4, 0.0], [5, 0.0], [6, 0.0], [7, 0.0]]",8,0.011637131493487603,1,1,1,1.7196507732267055,pilot
8,42,2026-09-21T15:18:14,30.0,0.75,0.008,1,1.20883608776564,0,0.0029555171321125617,0.0056591269676573575,0.0,1,1.1980115064164845,0,0.15700866280037357,0.008966286026407033,0.0,"[[0, 0.0], [1, 0.0], [2, 0.0], [3, 0.0], [4, 0.0], [5, 0.0], [6, 0.0], [7, 0.0]]",8,0.009035456914378352,1,1,1,1.5843938610408492,pilot
9,42,2026-09-21T15:18:14,70.0,0.15,0.0,1,70.8290035747366,0,0.0005417313975187253,0.03147210803581402,2.15,0,67.47597354718096,1,0.011267289339893072,0.03225339500932023,0.292,"[[1, 0.292], [6, 0.292], [3, 0.298], [0, 0.304], [2, 0.304], [5, 0.304], [4, 0.314], [7, 0.314]]",8,0.04969220674098346,0,0,0,1.0248247423597154,pilot
10,42,2026-09-21T15:18:14,70.0,0.15,0.004,1,1.2188412242005873,0,0.00035608119343133715,0.005743553978390992,0.0,1,1.4594445084625607,0,0.00715431840561398,0.008835614018607885,0.0,"[[0, 0.0], [1, 0.0], [2, 0.0], [3, 0.0], [4, 0.0], [5, 0.0], [6, 0.0], [7, 0.0]]",8,0.16485949473710027,0,1,1,1.5383530914569914,pilot
11,42,2026-09-21T15:18:14,70.0,0.15,0.008,1,1.3299698207690924,0,0.0003388180523931298,0.005635570036247373,0.0,1,1.598575208892173,0,0.011612179927404423,0.008975438016932458,0.0,"[[0, 0.0], [1, 0.0], [2, 0.0], [3, 0.0], [4, 0.0], [5, 0.0], [6, 0.0], [7, 0.0]]",8,0.16802799557314949,0,1,1,1.5926406661976371,pilot
12,42,2026-09-21T15:18:14,70.0,0.45,0.0,1,70.8290027054779,0,0.00915657383947024,0.03149624197976664,2.15,0,65.65508452360281,1,0.011474385437442699,0.031863084994256496,0.28600000000000003,"[[6, 0.28600000000000003], [1, 0.292], [3, 0.298], [0, 0.304], [2, 0.304], [5, 0.314], [4, 0.326], [7, 0.326]]",8,0.07880453158224306,0,0,0,1.0116471995206768,pilot
13,42,2026-09-21T15:18:14,70.0,0.45,0.004,1,1.1855054980245874,0,0.0005931330954373235,0.0056265880120918155,0.0,1,1.1842694098078546,0,0.10155629341171014,0.008969706017524004,0.0,"[[0, 0.0], [1, 0.0], [2, 0.0], [3, 0.0], [4, 0.0], [5, 0.0], [6, 0.0], [7, 0.0]]",8,0.0010437559279128687,1,1,1,1.5941643493797062,pilot
14,42,2026-09-21T15:18:14,70.0,0.45,0.008,1,1.2253521003665193,0,0.0008612391560253351,0.00560580100864172,0.0,1,1.1850444627012473,0,0.06352649396178121,0.008604698989074677,0.0,"[[0, 0.0], [1, 0.0], [2, 0.0], [3, 0.0], [4, 0.0], [5, 0.0], [6, 0.0], [7, 0.0]]",8,0.034013607872056414,1,1,1,1.5349633309869462,pilot
15,42,2026-09-21T15:18:14,70.0,0.75,0.0,1,70.82900270693239,0,0.003143730572452768,0.03116948902606964,2.15,1,66.12382162075157,0,0.004696047658645582,0.04427797201788053,0.468,"[[6, 0.468], [1, 0.47200000000000003], [3, 0.47200000000000003], [0, 0.48], [5, 0.48], [2, 0.496], [4, 0.496], [7, 0.496]]",8,0.07115712569014905,1,1,1,1.4205549529813328,pilot
16,42,2026-09-21T15:18:14,70.0,0.75,0.004,1,1.2259201830679993,0,0.004245280128593056,0.005722075991798192,0.0,1,1.2118180965324632,0,0.01335899644743827,0.00978938996559009,0.0,"[[0, 0.0], [1, 0.0], [2, 0.0], [3, 0.0], [4, 0.0], [5, 0.0], [6, 0.0], [7, 0.0]]",8,0.011637131493487603,1,1,1,1.7108108979366634,pilot
17,42,2026-09-21T15:18:14,70.0,0.75,0.008,1,1.20883608776564,0,0.0029555171321125617,0.006029762967955321,0.0,1,1.1980115064164845,0,0.15700866280037357,0.008942195971030742,0.0,"[[0, 0.0], [1, 0.0], [2, 0.0], [3, 0.0], [4, 0.0], [5, 0.0], [6, 0.0], [7, 0.0]]",8,0.009035456914378352,1,1,1,1.4830095342973357,pilot
18,42,2026-09-21T15:18:14,110.0,0.15,0.0,1,110.82900357504857,0,0.0007676209811730216,0.047405199031345546,3.31,0,104.49204956117794,1,0.06447003999837524,0.038772570027504116,0.382,"[[1, 0.382], [6, 0.382], [3, 0.388], [0, 0.4], [2, 0.4], [5, 0.41000000000000003], [4, 0.42], [7, 0.42]]",8,0.06064532220856174,0,0,0,0.817896999058409,pilot
19,42,2026-09-21T15:18:14,110.0,0.15,0.004,0,21.195076038156472,1,0.06257237403175174,0.0013016050215810537,0.0,1,1.4594445084625607,0,0.00715431840561398,0.00874879804905504,0.0,"[[0, 0.0], [1, 0.0], [2, 0.0], [3, 0.0], [4, 0.0], [5, 0.0], [6, 0.0], [7, 0.0]]",8,13.522700873693543,0,0,0,6.721546017414649,pilot
20,42,2026-09-21T15:18:14,110.0,0.15,0.008,1,1.3299698207690924,0,0.0003388180523931298,0.005632952030282468,0.0,1,1.598575208892173,0,0.011612179927404423,0.009059389994945377,0.0,"[[0, 0.0], [1, 0.0], [2, 0.0], [3, 0.0], [4, 0.0], [5, 0.0], [6, 0.0], [7, 0.0]]",8,0.16802799557314949,0,1,1,1.608284598598133,pilot
21,42,2026-09-21T15:18:14,110.0,0.45,0.0,1,110.82900270360277,0,0.013700131122639804,0.04698008601553738,3.31,0,104.04492168188517,1,0.017267210706466883,0.03917498601367697,0.382,"[[6, 0.382], [1, 0.388], [3, 0.394], [0, 0.406], [2, 0.406], [5, 0.406], [4, 0.42]]",7,0.06520338438486946,0,0,0,0.8338636502436567,pilot
22,42,2026-09-21T15:18:14,110.0,0.45,0.004,0,20.873854902045913,1,0.10911913673126994,0.0012864560121670365,0.0,1,1.1842694098078546,0,0.10155629341171014,0.008932414988521487,0.0,"[[0, 0.0], [1, 0.0], [2, 0.0], [3, 0.0], [4, 0.0], [5, 0.0], [6, 0.0], [7, 0.0]]",8,16.625934377071054,0,0,0,6.943428227658421,pilot
23,42,2026-09-21T15:18:14,110.0,0.45,0.008,1,1.2253521003665193,0,0.0008612391560253351,0.005589267995674163,0.0,1,1.1850444627012473,0,0.06352649396178121,0.00871431000996381,0.0,"[[0, 0.0], [1, 0.0], [2, 0.0], [3, 0.0], [4, 0.0], [5, 0.0], [6, 0.0], [7, 0.0]]",8,0.034013607872056414,1,1,1,1.5591147206947826,pilot
24,42,2026-09-21T15:18:14,110.0,0.75,0.0,1,110.82900270273609,0,0.004324568099980235,0.047592350048944354,3.31,0,102.82578952214139,1,0.03709719159429119,0.058479298022575676,0.652,"[[6, 0.652], [1, 0.664], [3, 0.664], [0, 0.68], [2, 0.684], [4, 0.684], [5, 0.684]]",7,0.07783274232843478,0,0,0,1.2287541582299486,pilot
25,42,2026-09-21T15:18:14,110.0,0.75,0.004,0,20.225024670051308,1,0.22576674851374015,0.0012835950474254787,0.0,1,1.2118180965324632,0,0.01335899644743827,0.009535657009109855,0.0,"[[0, 0.0], [1, 0.0], [2, 0.0], [3, 0.0], [4, 0.0], [5, 0.0], [6, 0.0], [7, 0.0]]",8,15.689818981845434,0,0,0,7.4288670934307754,pilot
26,42,2026-09-21T15:18:14,110.0,0.75,0.008,1,1.20883608776564,0,0.0029555171321125617,0.005618032009806484,0.0,1,1.1980115064164845,0,0.15700866280037357,0.009021960955578834,0.0,"[[0, 0.0], [1, 0.0], [2, 0.0], [3, 0.0], [4, 0.0], [5, 0.0], [6, 0.0], [7, 0.0]]",8,0.009035456914378352,1,1,1,1.6058934765467099,pilot
100,42,2026-09-21T15:19:18,116.6452087902888,0.19598557018434715,0.004386262433281417,0,23.07214630708901,1,0.022436937152280876,0.004117275006137788,0.0,0,1.7203070549364496,1,0.00836431190352861,0.0064958559814840555,0.0,"[[0, 0.0], [1, 0.0], [2, 0.0], [3, 0.0], [4, 0.0], [5, 0.0], [6, 0.0], [7, 0.0]]",8,12.411644299709813,0,1,1,1.5777075788720503,lhs_main
102,44,2026-09-21T15:19:18,34.44777205960193,0.41809950997261225,0.0073579501818771915,1,1.2237888939886565,0,0.0010957810375002326,0.008835788001306355,0.0,0,1.6389747200404594,1,0.011475230870273263,0.007080865034367889,0.0,"[[0, 0.0], [1, 0.0], [2, 0.0], [3, 0.0], [4, 0.0], [5, 0.0], [6, 0.0], [7, 0.0]]",8,0.25332045758555305,0,0,0,0.8013846680478296,lhs_main
103,45,2026-09-21T15:19:18,99.10992281242089,0.7896808827660744,0.005713171760178422,1,1.2655483652298678,0,0.005888958644193988,0.008523455006070435,0.0,0,1.231535412160116,1,0.008169712921793585,0.007058701012283564,0.0,"[[0, 0.0], [1, 0.0], [2, 0.0], [3, 0.0], [4, 0.0], [5, 0.0], [6, 0.0], [7, 0.0]]",8,0.027618331339813375,0,0,0,0.8281502051992217,lhs_main
101,43,2026-09-21T15:19:18,52.46052639418813,0.7480681517129574,0.0071843900423738125,1,1.221966942427786,0,0.004159037024828974,0.008609245007392019,0.0,1,1.2051694307457324,0,0.027370912614231687,0.010013080958742648,0.0,"[[0, 0.0], [1, 0.0], [2, 0.0], [3, 0.0], [4, 0.0], [5, 0.0], [6, 0.0], [7, 0.0]]",8,0.013937883963468636,1,1,1,1.1630614473331025,lhs_main
105,47,2026-09-21T15:19:18,68.35455225564304,0.22522358129817785,0.003358978923902333,1,1.1999993502583568,0,0.0009054030888218865,0.005788151000160724,0.0,1,1.7497425739153716,0,0.0061335513910601635,0.009926295024342835,0.0,"[[0, 0.0], [1, 0.0], [2, 0.0], [3, 0.0], [4, 0.0], [5, 0.0], [6, 0.0], [7, 0.0]]",8,0.31418520178477627,0,1,1,1.7149336677752884,lhs_main
104,46,2026-09-21T15:19:18,47.271226975983865,0.37744813374142083,0.0005209053728187627,1,48.070383995122114,0,0.0009161602797881946,0.02222338499268517,1.49,1,1.1858351547903623,0,0.0023744150530742338,0.00947482098126784,0.0,"[[0, 0.0], [1, 0.0], [2, 0.0], [3, 0.0], [4, 0.0], [5, 0.0], [6, 0.0], [7, 0.0]]",8,39.537155439299006,0,1,1,0.4263446358143226,lhs_main
106,48,2026-09-21T15:19:18,106.83447376560149,0.43931566984122916,0.003043870596158634,1,107.65558762712256,0,0.06779823308068454,0.045855369011405855,3.218,1,1.1854522853901188,0,0.007685878028692056,0.009024258994031698,0.0,"[[0, 0.0], [1, 0.0], [2, 0.0], [3, 0.0], [4, 0.0], [5, 0.0], [6, 0.0], [7, 0.0]]",8,89.81393570530284,0,1,1,0.19679830712488747,lhs_main
107,49,2026-09-21T15:19:18,115.72909480637402,0.24564102276584715,0.001665710062058845,1,116.55301226666991,0,0.09024412694908186,0.049416604975704104,3.476,1,1.1854790857547501,0,0.002414712876750541,0.009532459022011608,0.0,"[[0, 0.0], [1, 0.0], [2, 0.0], [3, 0.0], [4, 0.0], [5, 0.0], [6, 0.0], [7, 0.0]]",8,97.31722353200772,0,1,1,0.19289991748114393,lhs_main
109,51,2026-09-21T15:19:18,38.59123924684255,0.16978399471110545,0.0008050712167481207,1,39.38072248950147,0,0.0002699076988994501,0.019161712960340083,1.238,1,1.1854814407464824,0,0.000705794152669238,0.00967603299068287,0.0,"[[0, 0.0], [1, 0.0], [2, 0.0], [3, 0.0], [4, 0.0], [5, 0.0], [6, 0.0], [7, 0.0]]",8,32.21918094702852,0,1,1,0.5049670147293105,lhs_main
108,50,2026-09-21T15:19:18,72.24432330058525,0.6443275058090072,0.0019445324639403676,1,73.03464716250302,0,0.11847417003114802,0.032786394003778696,2.214,1,1.1870021664843795,0,0.006378258125931078,0.01004597800783813,0.0,"[[0, 0.0], [1, 0.0], [2, 0.0], [3, 0.0], [4, 0.0], [5, 0.0], [6, 0.0], [7, 0.0]]",8,60.52865531729771,0,1,1,0.30640692009863335,lhs_main
110,52,2026-09-21T15:19:18,82.85104756881843,0.6866454863745921,0.006250786794269789,1,1.208095352572606,0,0.0027950025628000925,0.0058185699745081365,0.0,1,1.1974207997187511,0,0.03237830692278894,0.009278994053602219,0.0,"[[0, 0.0], [1, 0.0], [2, 0.0], [3, 0.0], [4, 0.0], [5, 0.0], [6, 0.0], [7, 0.0]]",8,0.00891462120614741,1,1,1,1.5947207121774976,lhs_main
112,54,2026-09-21T15:19:18,102.57401569893291,0.1273340131032837,0.0035163694504151857,0,18.78775141590637,1,0.0051865992788566444,0.001504251966252923,0.0,1,1.7053340676777822,0,0.011687421812760978,0.009355009999126196,0.0,"[[0, 0.0], [1, 0.0], [2, 0.0], [3, 0.0], [4, 0.0], [5, 0.0], [6, 0.0], [7, 0.0]]",8,10.017050425486639,0,0,0,6.2190445543703925,lhs_main
113,55,2026-09-21T15:19:18,29.066037201063494,0.4157879873135788,0.0020186771488630746,1,1.189657173688124,0,0.0005067138529348309,0.006314083992037922,0.0,1,1.185942809883057,0,0.000822140835205777,0.009126066986937076,0.0,"[[0, 0.0], [1, 0.0], [2, 0.0], [3, 0.0], [4, 0.0], [5, 0.0], [6, 0.0], [7, 0.0]]",8,0.003131992347450079,1,1,1,1.4453509010087722,lhs_main
114,56,2026-09-21T15:19:18,118.85994697959954,0.7393626867020652,0.007218683843177677,1,1.216652117059374,0,0.0037807684839318255,0.00585370697081089,0.0,1,1.202052552051993,0,0.033368477247502915,0.00945096998475492,0.0,"[[0, 0.0], [1, 0.0], [2, 0.0], [3, 0.0], [4, 0.0], [5, 0.0], [6, 0.0], [7, 0.0]]",8,0.012145529729510237,1,1,1,1.61452734683877,lhs_main
115,57,2026-09-21T15:19:18,73.83904712850064,0.3080575302693578,0.006091386750337116,1,1.2312604327910184,0,0.0017896842045409616,0.0059397839941084385,0.0,1,1.7011246375503937,0,0.04731546401541518,0.009266764973290265,0.0,"[[0, 0.0], [1, 0.0], [2, 0.0], [3, 0.0], [4, 0.0], [5, 0.0], [6, 0.0], [7, 0.0]]",8,0.2762079828765376,0,1,1,1.5601181764323075,lhs_main
111,53,2026-09-21T15:19:18,92.12590805879303,0.12314262186421387,0.0025729684582546514,1,92.96547227927101,0,0.0003110291119425805,0.04042554402258247,2.7920000000000003,1,1.1854719414862385,0,0.00034770404696194806,0.009486283990554512,0.0,"[[0, 0.0], [1, 0.0], [2, 0.0], [3, 0.0], [4, 0.0], [5, 0.0], [6, 0.0], [7, 0.0]]",8,77.420643311658,0,1,1,0.23466063895776626,lhs_main
117,59,2026-09-21T15:19:18,25.598527546049798,0.149298305871497,0.002821362386294527,1,1.2005090875658646,0,0.00026327227036406674,0.00589233502978459,0.0,1,1.1854639107059939,0,0.0006616338992595914,0.009341905999463052,0.0,"[[0, 0.0], [1, 0.0], [2, 0.0], [3, 0.0], [4, 0.0], [5, 0.0], [6, 0.0], [7, 0.0]]",8,0.012691383283790297,1,1,1,1.5854336103160396,lhs_main
119,61,2026-09-21T15:19:18,110.68625176080943,0.3812042842026213,0.004030167518823425,0,21.126519937956008,1,0.09248482260187674,0.0013683279976248741,0.0,0,1.6467686954029355,1,0.01062095513507098,0.007258844038005918,0.0,"[[0, 0.0], [1, 0.0], [2, 0.0], [3, 0.0], [4, 0.0], [5, 0.0], [6, 0.0], [7, 0.0]]",8,11.829075508255709,0,1,1,5.304900616376867,lhs_main
118,60,2026-09-21T15:19:18,77.25896692427472,0.4895069793565693,0.006824657347591386,1,1.1961639496173206,0,0.0013049520170992728,0.005990435020066798,0.0,1,1.186151398256658,0,0.14318215641129942,0.00986902799922973,0.0,"[[0, 0.0], [1, 0.0], [2, 0.0], [3, 0.0], [4, 0.0], [5, 0.0], [6, 0.0], [7, 0.0]]",8,0.008441208580437965,1,1,1,1.6474643270764804,lhs_main
116,58,2026-09-21T15:19:18,60.46350089920501,0.281804346522947,0.00012480146876039827,1,61.311756609245236,0,0.0010423489716239796,0.028245680034160614,1.874,1,1.1854955436188244,0,0.0006987457339465873,0.009405313991010189,0.0,"[[0, 0.0], [1, 0.0], [2, 0.0], [3, 0.0], [4, 0.0], [5, 0.0], [6, 0.0], [7, 0.0]]",8,50.71825144284049,0,1,1,0.3329823880903312,lhs_main
120,62,2026-09-21T15:19:18,33.66631940764191,0.33174046531139967,0.001862956222296301,1,1.1856569303510982,0,0.0005590005288226443,0.005936787987593561,0.0,1,1.1854232957013373,0,0.008456320809879039,0.0092565729864873,0.0,"[[0, 0.0], [1, 0.0], [2, 0.0], [3, 0.0], [4, 0.0], [5, 0.0], [6, 0.0], [7, 0.0]]",8,0.00019708963929434845,1,1,1,1.5591887407519485,lhs_main
121,63,2026-09-21T15:19:18,105.8470002285168,0.7655113943519991,0.004423142729589472,1,1.2347500809217897,0,0.004768416242153959,0.006075063953176141,0.0,1,1.216600223126959,0,0.011683986954147614,0.010214309033472091,0.0,"[[0, 0.0], [1, 0.0], [2, 0.0], [3, 0.0], [4, 0.0], [5, 0.0], [6, 0.0], [7, 0.0]]",8,0.014918506054668587,1,1,1,1.6813500421064516,lhs_main
122,64,2026-09-21T15:19:18,41.08815856785092,0.5489744698627124,0.005839506914646913,1,1.1854958311030344,0,0.0036481485972530182,0.005830075009725988,0.0,0,1.6329725029285627,1,0.010037689415894462,0.006517286994494498,0.0,"[[0, 0.0], [1, 0.0], [2, 0.0], [3, 0.0], [4, 0.0], [5, 0.0], [6, 0.0], [7, 0.0]]",8,0.2740258461321464,0,0,0,1.1178736094513488,lhs_main
123,65,2026-09-21T15:19:18,29.512656522153527,0.39649958145805264,0.002713463541700406,1,1.1857464424892608,0,0.0006264729372392648,0.005763093009591103,0.0,1,1.185778514350369,0,0.008496048228075606,0.010375248966738582,0.0,"[[0, 0.0], [1, 0.0], [2, 0.0], [3, 0.0], [4, 0.0], [5, 0.0], [6, 0.0], [7, 0.0]]",8,2.7047092454511014e-05,1,1,1,1.8002917789929467,lhs_main
125,67,2026-09-21T15:19:18,51.5437232215956,0.5321889687391267,0.00446940933576437,1,1.1877975216389705,0,0.0006450106548825267,0.0060986269963905215,0.0,1,1.185466501883744,0,0.01205049309221039,0.009201419015880674,0.0,"[[0, 0.0], [1, 0.0], [2, 0.0], [3, 0.0], [4, 0.0], [5, 0.0], [6, 0.0], [7, 0.0]]",8,0.0019663311882051177,1,1,1,1.5087689444405343,lhs_main
126,68,2026-09-21T15:19:18,49.088593569531746,0.34810254250725103,0.004677370983354762,1,1.19859212240903,0,0.0009248088347868285,0.0060845100088045,0.0,1,1.1846718679357853,0,0.04770328324445378,0.009550083021167666,0.0,"[[0, 0.0], [1, 0.0], [2, 0.0], [3, 0.0], [4, 0.0], [5, 0.0], [6, 0.0], [7, 0.0]]",8,0.011750303902716776,1,1,1,1.569573064609699,lhs_main
127,69,2026-09-21T15:19:18,86.518722627712,0.26546037146146756,0.0032613284332814766,0,17.266065385528474,1,151.16782431114186,0.0015965329948812723,0.0,1,1.3187677739731365,0,0.0058870455700321305,0.009727911034133285,0.0,"[[0, 0.0], [1, 0.0], [2, 0.0], [3, 0.0], [4, 0.0], [5, 0.0], [6, 0.0], [7, 0.0]]",8,12.092574542908256,0,0,0,6.09314750482605,lhs_main
129,71,2026-09-21T15:19:18,110.90762455394972,0.37277421950935297,0.0038479832835983463,0,20.2304144882639,1,0.0991511047486961,0.0014923569979146123,0.0,0,1.6507839609997579,1,0.011229000560258984,0.005933766020461917,0.0,"[[0, 0.0], [1, 0.0], [2, 0.0], [3, 0.0], [4, 0.0], [5, 0.0], [6, 0.0], [7, 0.0]]",8,11.255034557042723,0,1,1,3.9761035923399257,lhs_main
128,70,2026-09-21T15:19:18,50.19545758537323,0.5128739329949141,0.0035564422503904566,1,1.1913555590307965,0,0.0007328834576600665,0.006026779999956489,0.0,1,1.189360181243202,0,0.019885339534175168,0.009170720994006842,0.0,"[[0, 0.0], [1, 0.0], [2, 0.0], [3, 0.0], [4, 0.0], [5, 0.0], [6, 0.0], [7, 0.0]]",8,0.0016776900883875249,1,1,1,1.521661815110731,lhs_main
124,66,2026-09-21T15:19:18,98.02931938534637,0.2648724847197885,0.0009110671561329749,1,98.82905043983983,0,0.004757327819415469,0.04383943899301812,2.962,1,1.1854946352202669,0,0.0020558747621218913,0.009636151022277772,0.0,"[[0, 0.0], [1, 0.0], [2, 0.0], [3, 0.0], [4, 0.0], [5, 0.0], [6, 0.0], [7, 0.0]]",8,82.36524477099572,0,1,1,0.2198055277078803,lhs_main
131,73,2026-09-21T15:19:18,106.1237957547807,0.42157788307519306,0.004533915478510099,1,1.1878206348173406,0,0.0010598816465354616,0.006051352946087718,0.0,1,1.6966538478953492,0,0.08180524410008386,0.009036684001330286,0.0,"[[0, 0.0], [1, 0.0], [2, 0.0], [3, 0.0], [4, 0.0], [5, 0.0], [6, 0.0], [7, 0.0]]",8,0.29990396315029244,0,1,1,1.493332826863557,lhs_main
133,75,2026-09-21T15:19:18,94.2076204670901,0.7721279870330093,0.005668804685859028,1,1.2638897077793523,0,0.004121466799943455,0.0058530609821900725,0.0,0,1.2300746876259523,1,0.009029184390389255,0.0065024279756471515,0.0,"[[0, 0.0], [1, 0.0], [2, 0.0], [3, 0.0], [4, 0.0], [5, 0.0], [6, 0.0], [7, 0.0]]",8,0.02749021705231824,0,0,0,1.1109448535446664,lhs_main
132,74,2026-09-21T15:19:18,39.92763747788932,0.6066772901129575,0.006814111905566073,1,1.1857057135904048,0,0.0035086137871103216,0.005862327991053462,0.0,1,1.185858660303364,0,0.06417300524744834,0.009080184972845018,0.0,"[[0, 0.0], [1, 0.0], [2, 0.0], [3, 0.0], [4, 0.0], [5, 0.0], [6, 0.0], [7, 0.0]]",8,0.00012897549942432712,1,1,1,1.5489042896784944,lhs_main
130,72,2026-09-21T15:19:18,104.76953757945736,0.7766251514748912,0.0025848614995908157,1,105.5874815188257,0,0.002859342288258805,0.04592891101492569,3.158,1,1.186677054697381,0,0.009933555506468364,0.01158903504256159,0.0,"[[0, 0.0], [1, 0.0], [2, 0.0], [3, 0.0], [4, 0.0], [5, 0.0], [6, 0.0], [7, 0.0]]",8,87.97743585827735,0,1,1,0.2523254914272942,lhs_main
134,76,2026-09-21T15:19:18,106.7468260077081,0.6250431530717132,0.007091539985536547,1,1.186007117107393,0,0.00280108309621258,0.0059692199574783444,0.0,1,1.185482668533505,0,0.011629584752704633,0.008986947010271251,0.0,"[[0, 0.0], [1, 0.0], [2, 0.0], [3, 0.0], [4, 0.0], [5, 0.0], [6, 0.0], [7, 0.0]]",8,0.00044239244301797317,1,1,1,1.5055479734855883,lhs_main
136,78,2026-09-21T15:19:18,55.5807218075693,0.5621363566448386,0.004648707579362662,1,1.1909425746489144,0,0.0007639720204477432,0.006141924008261412,0.0,1,1.1987440474578048,0,0.20306309968246797,0.00959523394703865,0.0,"[[0, 0.0], [1, 0.0], [2, 0.0], [3, 0.0], [4, 0.0], [5, 0.0], [6, 0.0], [7, 0.0]]",8,0.00650803883067043,1,1,1,1.5622521434866732,lhs_main
135,77,2026-09-21T15:19:18,48.05662196216821,0.38217089389699876,0.0025236441350104774,1,1.185707995565296,0,0.0006416124201624055,0.0061274339677765965,0.0,1,1.1857329569713828,0,0.0030051521574994073,0.009971457999199629,0.0,"[[0, 0.0], [1, 0.0], [2, 0.0], [3, 0.0], [4, 0.0], [5, 0.0], [6, 0.0], [7, 0.0]]",8,2.105145677195491e-05,1,1,1,1.627346463729886,lhs_main
138,80,2026-09-21T15:19:18,51.96464544341215,0.4264007400022707,0.007027863687522637,1,1.2149573481599603,0,0.0008542569125868548,0.005930790037382394,0.0,0,1.3735625053638325,1,0.03829864982607325,0.006881153967697173,0.0,"[[0, 0.0], [1, 0.0], [2, 0.0], [3, 0.0], [4, 0.0], [5, 0.0], [6, 0.0], [7, 0.0]]",8,0.1154699233449595,0,0,0,1.1602423832785405,lhs_main
137,79,2026-09-21T15:19:18,119.75952732704096,0.5713716607261892,0.0007427324868969297,1,120.55295800973968,0,0.0069660755731779335,0.05314183299196884,3.592,1,1.1864178688347329,0,0.00251282806510466,0.010313293023500592,0.0,"[[0, 0.0], [1, 0.0], [2, 0.0], [3, 0.0], [4, 0.0], [5, 0.0], [6, 0.0], [7, 0.0]]",8,100.61087520381288,0,1,1,0.19407108191129213,lhs_main
139,81,2026-09-21T15:19:18,90.05610740880982,0.16659506974431487,0.0021819630585487608,1,90.8975631782928,0,0.05781050991025022,0.04126230097608641,2.732,1,1.1854818935732516,0,0.0005670470654333287,0.00959364598384127,0.0,"[[0, 0.0], [1, 0.0], [2, 0.0], [3, 0.0], [4, 0.0], [5, 0.0], [6, 0.0], [7, 0.0]]",8,75.67562336554252,0,1,1,0.23250390203399646,lhs_main
140,82,2026-09-21T15:19:18,101.08318040621747,0.31329021475782326,0.002670648890861762,1,101.93230210381445,0,0.0685100836539652,0.045801348984241486,3.052,1,1.1856332250470254,0,0.002080793964646568,0.009342519042547792,0.0,"[[0, 0.0], [1, 0.0], [2, 0.0], [3, 0.0], [4, 0.0], [5, 0.0], [6, 0.0], [7, 0.0]]",8,84.97287926017047,0,1,1,0.2039791239721389,lhs_main
141,83,2026-09-21T15:19:18,74.31683851956588,0.3841417401565934,0.0015280961468920877,1,75.10461371885287,0,0.08740699413502306,0.03454145399155095,2.274,1,1.1859241042427788,0,0.0009699563443307584,0.00954286998603493,0.0,"[[0, 0.0], [1, 0.0], [2, 0.0], [3, 0.0], [4, 0.0], [5, 0.0], [6, 0.0], [7, 0.0]]",8,62.330033895219394,0,1,1,0.2762729672112,lhs_main
142,84,2026-09-21T15:19:18,65.13402775753343,0.6191976661355876,0.003390345552516439,1,1.2138189744364478,0,0.004227173501362096,0.005949567013885826,0.0,0,1.20389658852287,1,0.015241033746481746,0.007799100014381111,0.0,"[[0, 0.0], [1, 0.0], [2, 0.0], [3, 0.0], [4, 0.0], [5, 0.0], [6, 0.0], [7, 0.0]]",8,0.008241892209157343,0,0,0,1.3108685045783364,lhs_main
146,88,2026-09-21T15:19:18,82.44345295454994,0.7522841780001086,0.00724021346670659,1,1.2232907824338162,0,0.00429191465763601,0.0059943050146102905,0.0,1,1.2059022332139642,0,0.024505795750691402,0.009911965986248106,0.0,"[[0, 0.0], [1, 0.0], [2, 0.0], [3, 0.0], [4, 0.0], [5, 0.0], [6, 0.0], [7, 0.0]]",8,0.014419534802177232,1,1,1,1.6535638346879342,lhs_main
143,85,2026-09-21T15:19:18,79.08247108556445,0.6345611698440484,0.0003691980781059713,1,79.9324417088474,0,0.0024363329149678973,0.03647027903934941,2.414,1,1.1863691327714998,0,0.004265593276449129,0.011203853995539248,0.0,"[[0, 0.0], [1, 0.0], [2, 0.0], [3, 0.0], [4, 0.0], [5, 0.0], [6, 0.0], [7, 0.0]]",8,66.37569235480333,0,1,1,0.3072050527348834,lhs_main
144,86,2026-09-21T15:19:18,87.88378777205992,0.5895143822736513,0.0017025453521362975,1,88.69093461476827,0,0.11509976636830867,0.03985088801709935,2.668,1,1.1865472778487427,0,0.0027293436027589803,0.01004598499275744,0.0,"[[0, 0.0], [1, 0.0], [2, 0.0], [3, 0.0], [4, 0.0], [5, 0.0], [6, 0.0], [7, 0.0]]",8,73.74707183650402,0,1,1,0.2520893634402043,lhs_main
145,87,2026-09-21T15:19:18,81.59543922579407,0.709058017101462,0.0014162831450089135,1,82.41504304524673,0,0.10952081584625213,0.03765006497269496,2.486,1,1.1868436399848048,0,0.18348587763491137,0.010970394010655582,0.0,"[[0, 0.0], [1, 0.0], [2, 0.0], [3, 0.0], [4, 0.0], [5, 0.0], [6, 0.0], [7, 0.0]]",8,68.44052297091292,0,1,1,0.29137782414483654,lhs_main
147,89,2026-09-21T15:19:18,35.90185860112909,0.7398870429630351,0.002854852351161983,1,1.2060260878211628,0,0.005046658274877294,0.006040570035111159,0.0,1,1.187084385979383,0,0.00516739374042542,0.010535413981415331,0.0,"[[0, 0.0], [1, 0.0], [2, 0.0], [3, 0.0], [4, 0.0], [5, 0.0], [6, 0.0], [7, 0.0]]",8,0.015956491438603487,1,1,1,1.7441092347539444,lhs_main
148,90,2026-09-21T15:19:18,60.10530211978861,0.22142623407167136,0.005274694896042519,1,1.2338155977838157,0,0.0010329547723677461,0.006029135955031961,0.0,1,1.7466407820593377,0,0.7181159118980238,0.009686034987680614,0.0,"[[0, 0.0], [1, 0.0], [2, 0.0], [3, 0.0], [4, 0.0], [5, 0.0], [6, 0.0], [7, 0.0]]",8,0.2936065558201882,0,1,1,1.6065378289564989,lhs_main
149,91,2026-09-21T15:19:18,87.0958655195057,0.40318552395557294,0.005791654206721915,1,1.2019926435889476,0,0.0008175669647841779,0.006238826957996935,0.0,1,1.708579332836054,0,0.01099365362348462,0.00927844300167635,0.0,"[[0, 0.0], [1, 0.0], [2, 0.0], [3, 0.0], [4, 0.0], [5, 0.0], [6, 0.0], [7, 0.0]]",8,0.2964958544864452,0,1,1,1.4872095450224394,lhs_main
150,92,2026-09-21T15:19:18,105.63474161516112,0.6139453749194244,0.007053756014576023,1,1.1856233368051252,0,0.0045799411552729635,0.006032317003700882,0.0,1,1.1855892950528004,0,0.13771943540802548,0.009487964969594032,0.0,"[[0, 0.0], [1, 0.0], [2, 0.0], [3, 0.0], [4, 0.0], [5, 0.0], [6, 0.0], [7, 0.0]]",8,2.8712938339479667e-05,1,1,1,1.5728558303174514,lhs_main
151,93,2026-09-21T15:19:18,77.68919277129218,0.2146479939624104,0.005845244158511363,1,1.248725221016724,0,0.0011266058873834574,0.006095038028433919,0.0,1,1.484710314938483,0,0.026314469859202022,0.009497241990175098,0.0,"[[0, 0.0], [1, 0.0], [2, 0.0], [3, 0.0], [4, 0.0], [5, 0.0], [6, 0.0], [7, 0.0]]",8,0.15894352692736352,0,1,1,1.5581924092794142,lhs_main
152,94,2026-09-21T15:19:18,115.1437532432322,0.6772768083114313,0.00744436808617141,1,1.1909461291287362,0,0.0004884686760335858,0.006038774037733674,0.0,1,1.1889750288787253,0,0.011714828239697056,0.008941372972913086,0.0,"[[0, 0.0], [1, 0.0], [2, 0.0], [3, 0.0], [4, 0.0], [5, 0.0], [6, 0.0], [7, 0.0]]",8,0.0016578146740977141,1,1,1,1.4806602991008329,lhs_main
153,95,2026-09-21T15:19:18,90.64627050161647,0.7088491626756617,0.0032973438104777985,0,16.409389146624424,1,0.0922240061441341,0.0014795750030316412,0.0,1,1.2043923021736351,0,0.30187226264209643,0.009657415968831629,0.0,"[[0, 0.0], [1, 0.0], [2, 0.0], [3, 0.0], [4, 0.0], [5, 0.0], [6, 0.0], [7, 0.0]]",8,12.624621410324083,0,0,0,6.5271553987081665,lhs_main
154,96,2026-09-21T15:19:18,61.35395720182103,0.13494762242135336,0.005095122360489736,1,1.2441993864247434,0,0.00038394296384467315,0.005906236998271197,0.0,1,1.7177234970222741,0,0.00933227106081754,0.009294406976550817,0.0,"[[0, 0.0], [1, 0.0], [2, 0.0], [3, 0.0], [4, 0.0], [5, 0.0], [6, 0.0], [7, 0.0]]",8,0.2756695774485237,0,1,1,1.5736596718471278,lhs_main
155,97,2026-09-21T15:19:18,64.12581554322752,0.5216382943596146,0.005619067976446972,1,1.1856826441321442,0,0.0010963924524693273,0.00609924498712644,0.0,0,1.3929768239915787,1,0.015362223603832999,0.00785863003693521,0.0,"[[0, 0.0], [1, 0.0], [2, 0.0], [3, 0.0], [4, 0.0], [5, 0.0], [6, 0.0], [7, 0.0]]",8,0.14881380385456272,0,0,0,1.2884594820379032,lhs_main
157,99,2026-09-21T15:19:18,85.29698857415366,0.16404164887320538,0.007601023302879217,1,1.3127334918743503,0,0.0003602948666488676,0.005958106019534171,0.0,1,1.7481683485536643,0,0.5224314520210965,0.009739177010487765,0.0,"[[0, 0.0], [1, 0.0], [2, 0.0], [3, 0.0], [4, 0.0], [5, 0.0], [6, 0.0], [7, 0.0]]",8,0.24908062031872857,0,1,1,1.6346095518537305,lhs_main
159,101,2026-09-21T15:19:18,39.401524887188835,0.40395165182724313,0.007636022271688689,1,1.2346521932248518,0,0.001406045729811632,0.006056579004507512,0.0,1,1.1853832829816606,0,0.0785712863522436,0.00900696701137349,0.0,"[[0, 0.0], [1, 0.0], [2, 0.0], [3, 0.0], [4, 0.0], [5, 0.0], [6, 0.0], [7, 0.0]]",8,0.04156369585309344,1,1,1,1.4871377067268832,lhs_main
156,98,2026-09-21T15:19:18,77.53657222143545,0.17566594084690237,0.0006193453145897582,1,78.34624544541064,0,0.001270611799881313,0.035384449001867324,2.368,1,1.1854766927680649,0,0.0018456149219529385,0.009813404991291463,0.0,"[[0, 0.0], [1, 0.0], [2, 0.0], [3, 0.0], [4, 0.0], [5, 0.0], [6, 0.0], [7, 0.0]]",8,65.08838952579801,0,1,1,0.27733666252012534,lhs_main
160,102,2026-09-21T15:19:18,84.42184150182429,0.4991491747044231,0.007799698266233817,1,1.2056098538308153,0,0.0007819550870742601,0.005899925017729402,0.0,1,1.1851739645790893,0,0.03225116313442373,0.009341610013507307,0.0,"[[0, 0.0], [1, 0.0], [2, 0.0], [3, 0.0], [4, 0.0], [5, 0.0], [6, 0.0], [7, 0.0]]",8,0.01724294480176482,1,1,1,1.5833438535973876,lhs_main
158,100,2026-09-21T15:19:18,100.16707843648359,0.42893712513285076,0.0015450384470399512,1,100.96670253482385,0,0.09796131614818682,0.04500276001635939,3.024,1,1.185983919839974,0,0.0007094030652015281,0.009359537973068655,0.0,"[[0, 0.0], [1, 0.0], [2, 0.0], [3, 0.0], [4, 0.0], [5, 0.0], [6, 0.0], [7, 0.0]]",8,84.13328119022675,0,1,1,0.2079769767380107,lhs_main
162,104,2026-09-21T15:19:18,53.12526845422526,0.4022677466647139,0.002324051366218416,1,1.186981913672961,0,0.0005422364400707914,0.006082499981857836,0.0,1,1.1857993587205686,0,0.011250551092442222,0.011005215987097472,0.0,"[[0, 0.0], [1, 0.0], [2, 0.0], [3, 0.0], [4, 0.0], [5, 0.0], [6, 0.0], [7, 0.0]]",8,0.000997263950006019,1,1,1,1.8093244586802355,lhs_main
163,105,2026-09-21T15:19:18,89.54750789681543,0.5676884615892528,0.0060601444707999086,1,1.1855828615271882,0,0.0038507136836276835,0.0059661290142685175,0.0,1,1.186097844924502,0,0.010772414250495323,0.010535506997257471,0.0,"[[0, 0.0], [1, 0.0], [2, 0.0], [3, 0.0], [4, 0.0], [5, 0.0], [6, 0.0], [7, 0.0]]",8,0.00043418289605501163,1,1,1,1.7658865525805574,lhs_main
164,106,2026-09-21T15:19:18,69.7754484135177,0.5370364422590252,0.003821547450934008,1,1.193446501560089,0,0.0009947208535673073,0.006461269047576934,0.0,1,1.1893032694048251,0,0.06830788914021092,0.010179419012274593,0.0,"[[0, 0.0], [1, 0.0], [2, 0.0], [3, 0.0], [4, 0.0], [5, 0.0], [6, 0.0], [7, 0.0]]",8,0.003483747385422852,1,1,1,1.5754519642069411,lhs_main
165,107,2026-09-21T15:19:18,94.56414633836846,0.7809608640918708,0.0037140070073466004,0,18.675042014054245,1,0.22117174041313153,0.0017404379905201495,0.0,1,1.2092893400007687,0,0.03662586598314863,0.012471513007767498,0.0,"[[0, 0.0], [1, 0.0], [2, 0.0], [3, 0.0], [4, 0.0], [5, 0.0], [6, 0.0], [7, 0.0]]",8,14.442989031923803,0,0,0,7.165732462574117,lhs_main
161,103,2026-09-21T15:19:18,95.33681418963386,0.5833191825950446,0.0021014134197893156,1,96.13843093266627,0,0.0961290729663346,0.055126202991232276,2.884,1,1.1864923105510723,0,0.0024270474044236026,0.010466007050126791,0.0,"[[0, 0.0], [1, 0.0], [2, 0.0], [3, 0.0], [4, 0.0], [5, 0.0], [6, 0.0], [7, 0.0]]",8,80.02743699031163,0,1,1,0.1898553951156656,lhs_main
169,111,2026-09-21T15:19:18,90.26446826527743,0.12502943449352005,0.004359898721094069,1,1.228733753212608,0,0.00034665678834964065,0.005892810004297644,0.0,1,1.6231180435334998,0,0.010608892360074037,0.012794581998605281,0.0,"[[0, 0.0], [1, 0.0], [2, 0.0], [3, 0.0], [4, 0.0], [5, 0.0], [6, 0.0], [7, 0.0]]",8,0.2429794258600712,0,1,1,2.1712191618725454,lhs_main
166,108,2026-09-21T15:19:18,119.36071306685709,0.3753655468579399,0.0035235615225881413,1,120.20745078008184,0,0.08503659709269151,0.0575323179946281,3.5820000000000003,1,1.2709319062989792,0,0.008453154264804367,0.01804239203920588,0.0,"[[0, 0.0], [1, 0.0], [2, 0.0], [3, 0.0], [4, 0.0], [5, 0.0], [6, 0.0], [7, 0.0]]",8,93.58213314522277,0,1,1,0.3136044690723313,lhs_main
168,110,2026-09-21T15:19:18,91.99721274245836,0.3530784815580016,0.0010058908445154159,1,92.82895106687427,0,0.011630464868621296,0.04944394901394844,2.7880000000000003,1,1.1859214213804092,0,0.0005616096615462506,0.011182424961589277,0.0,"[[0, 0.0], [1, 0.0], [2, 0.0], [3, 0.0], [4, 0.0], [5, 0.0], [6, 0.0], [7, 0.0]]",8,77.27580258970416,0,1,1,0.22616366986452976,lhs_main
167,109,2026-09-21T15:19:18,110.2056347147878,0.7614989623393168,0.00127769763995918,1,111.03578029264978,0,0.09284876489358568,0.06092193198855966,3.3160000000000003,1,1.1863793095044324,0,0.005324892995225703,0.01166112901410088,0.0,"[[0, 0.0], [1, 0.0], [2, 0.0], [3, 0.0], [4, 0.0], [5, 0.0], [6, 0.0], [7, 0.0]]",8,92.59214157151055,0,1,1,0.19141101789566828,lhs_main
170,112,2026-09-21T15:19:18,109.86114751287143,0.48698643674709086,0.0034528035895734395,0,17.92682947253105,1,0.05882831258074558,0.003402556001674384,0.0,1,1.1944844168289626,0,0.15297534981798527,0.010658056999091059,0.0,"[[0, 0.0], [1, 0.0], [2, 0.0], [3, 0.0], [4, 0.0], [5, 0.0], [6, 0.0], [7, 0.0]]",8,14.008006148897278,0,0,0,3.132367841659703,lhs_main
173,115,2026-09-21T15:19:18,40.92048436123501,0.11497867183150669,0.007496182655274375,1,1.3187496879326954,0,0.00020305724019903978,0.005916488997172564,0.0,1,1.186156678293458,0,0.012101973797720532,0.009545145032461733,0.0,"[[0, 0.0], [1, 0.0], [2, 0.0], [3, 0.0], [4, 0.0], [5, 0.0], [6, 0.0], [7, 0.0]]",8,0.11178372306599578,0,1,1,1.6133123947366876,lhs_main
174,116,2026-09-21T15:19:18,28.067427157447284,0.34646212744013427,0.0015794168603698872,1,1.1867721309410186,0,0.0005067138529348312,0.005841534992214292,0.0,1,1.1855437185695328,0,0.06313091001140211,0.009285707958042622,0.0,"[[0, 0.0], [1, 0.0], [2, 0.0], [3, 0.0], [4, 0.0], [5, 0.0], [6, 0.0], [7, 0.0]]",8,0.0010361594871997183,1,1,1,1.5896006735248163,lhs_main
171,113,2026-09-21T15:19:18,67.23917509476355,0.5455984300185379,0.0018121762559373514,1,68.07030734411155,0,0.09749946693299412,0.03191963100107387,2.07,1,1.1862472261944443,0,0.001712984914955723,0.009740378998685628,0.0,"[[0, 0.0], [1, 0.0], [2, 0.0], [3, 0.0], [4, 0.0], [5, 0.0], [6, 0.0], [7, 0.0]]",8,56.38290117017629,0,1,1,0.3051532456110766,lhs_main
172,114,2026-09-21T15:19:18,44.97378844968854,0.23702674467488954,0.0002891589991838959,1,45.79449439368493,0,0.0006026208553862215,0.021842344023752958,1.424,1,1.1855454943931363,0,0.009668740007962575,0.009386322984937578,0.0,"[[0, 0.0], [1, 0.0], [2, 0.0], [3, 0.0], [4, 0.0], [5, 0.0], [6, 0.0], [7, 0.0]]",8,37.62736150595931,0,1,1,0.42973057171566414,lhs_main
175,117,2026-09-21T15:19:18,57.4150383141376,0.7929651967120592,0.00523911683132277,1,1.2537862259588988,0,0.005737249482060806,0.0059406490181572735,0.0,0,1.2264693057642357,1,0.019880925554369093,0.007188085000962019,0.0,"[[0, 0.0], [1, 0.0], [2, 0.0], [3, 0.0], [4, 0.0], [5, 0.0], [6, 0.0], [7, 0.0]]",8,0.02227281193771201,0,0,0,1.2099831144698205,lhs_main
178,120,2026-09-21T15:19:18,70.61339535567996,0.39287389471814194,0.007000521894375116,1,1.2249725034562062,0,0.0013065576544917601,0.005970783997327089,0.0,0,1.396335556159907,1,0.039572736409343855,0.007249785994645208,0.0,"[[0, 0.0], [1, 0.0], [2, 0.0], [3, 0.0], [4, 0.0], [5, 0.0], [6, 0.0], [7, 0.0]]",8,0.1227234040898951,0,0,0,1.214210059833128,lhs_main
179,121,2026-09-21T15:19:18,115.84304731014956,0.4821750285024323,0.007822253696051749,1,1.211104520281669,0,0.0007670735753642344,0.006053911987692118,0.0,1,1.5227338101564367,0,0.28052344180659333,0.011065521975979209,0.0,"[[0, 0.0], [1, 0.0], [2, 0.0], [3, 0.0], [4, 0.0], [5, 0.0], [6, 0.0], [7, 0.0]]",8,0.20465119234645004,0,1,1,1.8278300045451479,lhs_main
180,122,2026-09-21T15:19:18,119.43411427702345,0.6532844560763448,0.005740277748128538,1,1.2027342917546102,0,0.00223628093695302,0.006110964983236045,0.0,1,1.1943380292601058,0,0.12733561020658282,0.009154978033620864,0.0,"[[0, 0.0], [1, 0.0], [2, 0.0], [3, 0.0], [4, 0.0], [5, 0.0], [6, 0.0], [7, 0.0]]",8,0.007030055385329999,1,1,1,1.4981231374644322,lhs_main
176,118,2026-09-21T15:19:18,100.67320497766379,0.19225174363474895,0.0019657545664469775,1,101.51814771285733,0,0.0005108534901132019,0.048378729028627276,3.04,1,1.185475850157388,0,0.0005099991258391917,0.010540395975112915,0.0,"[[0, 0.0], [1, 0.0], [2, 0.0], [3, 0.0], [4, 0.0], [5, 0.0], [6, 0.0], [7, 0.0]]",8,84.63493528727676,0,1,1,0.21787252759112002,lhs_main
177,119,2026-09-21T15:19:18,107.31617713613674,0.5242472753229996,0.00112646331914825,1,108.13876235494162,0,0.10892672125167331,0.04767373198410496,3.232,1,1.1862063358558346,0,0.0026397818180102293,0.009745697025209665,0.0,"[[0, 0.0], [1, 0.0], [2, 0.0], [3, 0.0], [4, 0.0], [5, 0.0], [6, 0.0], [7, 0.0]]",8,90.16353461130413,0,1,1,0.20442488178729132,lhs_main
182,124,2026-09-21T15:19:19,65.87937856853226,0.13162239980301685,0.007290013055305485,1,1.308779544840785,0,0.0002316030678558287,0.0059958359925076365,0.0,1,1.5059209033386018,0,0.021080584512343,0.009516661986708641,0.0,"[[0, 0.0], [1, 0.0], [2, 0.0], [3, 0.0], [4, 0.0], [5, 0.0], [6, 0.0], [7, 0.0]]",8,0.13091083207674295,0,1,1,1.5872118581296435,lhs_main
183,125,2026-09-21T15:19:19,102.91482358272529,0.782287296564188,0.006130120149891963,1,1.2691978228536525,0,0.0072177200802740335,0.006008078984450549,0.0,0,1.2325019033803506,1,0.01915380954200759,0.007359605981037021,0.0,"[[0, 0.0], [1, 0.0], [2, 0.0], [3, 0.0], [4, 0.0], [5, 0.0], [6, 0.0], [7, 0.0]]",8,0.029773519515594198,0,0,0,1.2249516026810476,lhs_main
184,126,2026-09-21T15:19:19,71.30922062358474,0.1262530246118681,0.006124213402192038,1,1.2729211400711464,0,0.0003040165369580153,0.005880429991520941,0.0,1,1.5091303400269613,0,0.011569211356718111,0.009503118984866887,0.0,"[[0, 0.0], [1, 0.0], [2, 0.0], [3, 0.0], [4, 0.0], [5, 0.0], [6, 0.0], [7, 0.0]]",8,0.15652007894268094,0,1,1,1.6160585192867771,lhs_main
181,123,2026-09-21T15:19:19,94.6938460818802,0.5443515778510201,0.0001461161767395838,1,95.51858353768787,0,0.002739621191355761,0.04246589500689879,2.866,1,1.1862984652698683,0,0.013405787914378435,0.009462597023230046,0.0,"[[0, 0.0], [1, 0.0], [2, 0.0], [3, 0.0], [4, 0.0], [5, 0.0], [6, 0.0], [7, 0.0]]",8,79.51817171992933,0,1,1,0.22282815472728884,lhs_main
185,127,2026-09-21T15:19:19,46.450797143951306,0.6938568037312066,0.003758315550722334,1,1.2208999276124857,0,0.005655613795164473,0.005905158002860844,0.0,1,1.2084398917134282,0,0.015024611730502896,0.009945642959792167,0.0,"[[0, 0.0], [1, 0.0], [2, 0.0], [3, 0.0], [4, 0.0], [5, 0.0], [6, 0.0], [7, 0.0]]",8,0.010310844572823996,1,1,1,1.6842297792834413,lhs_main
186,128,2026-09-21T15:19:19,36.38668822860896,0.549967792870741,0.0008776612280929169,1,37.17388880679846,0,0.004934943127747366,0.02082477998919785,1.174,1,1.1863016073834944,0,0.005165844008943285,0.010301046015229076,0.0,"[[0, 0.0], [1, 0.0], [2, 0.0], [3, 0.0], [4, 0.0], [5, 0.0], [6, 0.0], [7, 0.0]]",8,30.33595080326086,0,1,1,0.49465329384379547,lhs_main
189,131,2026-09-21T15:19:19,113.56927732096159,0.5730383139108686,0.005391661631738617,1,1.1875826950306048,0,0.0005252374089977587,0.006022228044457734,0.0,1,1.1859488637744673,0,0.01120197133407378,0.00932120595825836,0.0,"[[0, 0.0], [1, 0.0], [2, 0.0], [3, 0.0], [4, 0.0], [5, 0.0], [6, 0.0], [7, 0.0]]",8,0.0013776574235566546,1,1,1,1.5478002309853878,lhs_main
187,129,2026-09-21T15:19:19,106.23506716190873,0.38516553145650634,0.002045698049072462,1,107.03509062484456,0,0.056733572625354854,0.047430478036403656,3.2,1,1.1856933655320518,0,0.0070759068080556604,0.009793160017579794,0.0,"[[0, 0.0], [1, 0.0], [2, 0.0], [3, 0.0], [4, 0.0], [5, 0.0], [6, 0.0], [7, 0.0]]",8,89.27215107745424,0,1,1,0.20647398936319777,lhs_main
190,132,2026-09-21T15:19:19,58.98892091816715,0.47355550194068985,0.003775145889077965,1,1.186215108723031,0,0.0005887792672584406,0.006885708018671721,0.0,1,1.1845136294223202,0,0.009486299065276572,0.009176079998724163,0.0,"[[0, 0.0], [1, 0.0], [2, 0.0], [3, 0.0], [4, 0.0], [5, 0.0], [6, 0.0], [7, 0.0]]",8,0.0014364370813872791,1,1,1,1.3326269388480783,lhs_main
188,130,2026-09-21T15:19:19,76.61580590550251,0.6835682555881707,0.0008434444786825931,1,77.44971804860735,0,0.018514430544032442,0.03613671998027712,2.342,1,1.187248050754092,0,0.0008004082850142983,0.011229260009713471,0.0,"[[0, 0.0], [1, 0.0], [2, 0.0], [3, 0.0], [4, 0.0], [5, 0.0], [6, 0.0], [7, 0.0]]",8,64.23465589134,0,1,1,0.3107437536069193,lhs_main
191,133,2026-09-21T15:19:19,20.281771236777807,0.6380469996624807,0.0012577019126906877,1,1.1887537221059283,0,0.000506713852934831,0.005929463019128889,0.0,1,1.1869848338933808,0,0.0009715010577606134,0.010224143043160439,0.0,"[[0, 0.0], [1, 0.0], [2, 0.0], [3, 0.0], [4, 0.0], [5, 0.0], [6, 0.0], [7, 0.0]]",8,0.001490236574249601,1,1,1,1.724294933651933,lhs_main
192,134,2026-09-21T15:19:19,97.9364017806096,0.4954936632681689,0.005873999920924246,1,1.1877681074481887,0,0.0007348683416864385,0.00600712897721678,0.0,1,1.1859252304805925,0,0.04203462919467705,0.009259698970708996,0.0,"[[0, 0.0], [1, 0.0], [2, 0.0], [3, 0.0], [4, 0.0], [5, 0.0], [6, 0.0], [7, 0.0]]",8,0.001553957130037109,1,1,1,1.5414516661500408,lhs_main
194,136,2026-09-21T15:19:19,67.15265102577912,0.4356508573938349,0.0021348602775721156,0,10.729827046439231,1,0.0002251630965194579,0.0015159909962676466,0.0,1,1.186001492523562,0,0.0007112688272077337,0.009428664983715862,0.0,"[[0, 0.0], [1, 0.0], [2, 0.0], [3, 0.0], [4, 0.0], [5, 0.0], [6, 0.0], [7, 0.0]]",8,8.047060323346148,0,0,0,6.219472943394211,lhs_main
193,135,2026-09-21T15:19:19,37.029773674635564,0.6473391349131821,0.003213096025446456,1,1.2112523139733997,0,0.005163985399329502,0.0067162790219299495,0.0,1,1.2029568890821194,0,0.01667697878052911,0.012146627996116877,0.0,"[[0, 0.0], [1, 0.0], [2, 0.0], [3, 0.0], [4, 0.0], [5, 0.0], [6, 0.0], [7, 0.0]]",8,0.006895862159790199,1,1,1,1.8085353447133135,lhs_main
196,138,2026-09-21T15:19:19,87.49524941025648,0.5786576593359348,0.007122664663139383,1,1.1860897737623084,0,0.001012160250090961,0.005946688004769385,0.0,1,1.18595994041872,0,0.3479179867619944,0.009775140963029116,0.0,"[[0, 0.0], [1, 0.0], [2, 0.0], [3, 0.0], [4, 0.0], [5, 0.0], [6, 0.0], [7, 0.0]]",8,0.00010947531966599486,1,1,1,1.6437958331073064,lhs_main
198,140,2026-09-21T15:19:19,91.63128500968044,0.24993628559850134,0.0029763268691106143,0,15.6914958827005,1,56.740341391693335,0.0015862929867580533,0.0,1,1.1853439984887568,0,0.0027071171221543996,0.009471905999816954,0.0,"[[0, 0.0], [1, 0.0], [2, 0.0], [3, 0.0], [4, 0.0], [5, 0.0], [6, 0.0], [7, 0.0]]",8,12.237925785853074,0,0,0,5.971094923123203,lhs_main
197,139,2026-09-21T15:19:19,36.18960762670697,0.7861052213833748,0.007790414189734722,1,1.2330436100699589,0,0.005368508228008651,0.0059211820480413735,0.0,1,1.2109779165589356,0,0.1597376641990108,0.009755046979989856,0.0,"[[0, 0.0], [1, 0.0], [2, 0.0], [3, 0.0], [4, 0.0], [5, 0.0], [6, 0.0], [7, 0.0]]",8,0.01822138389915832,1,1,1,1.6474830364684803,lhs_main
195,137,2026-09-21T15:19:19,95.51674751485936,0.3197310442321014,0.0014820221737846468,1,96.34598439885802,0,0.07090873214738758,0.04223637701943517,2.89,1,1.1854757471144077,0,0.0003085016866142038,0.00966552400495857,0.0,"[[0, 0.0], [1, 0.0], [2, 0.0], [3, 0.0], [4, 0.0], [5, 0.0], [6, 0.0], [7, 0.0]]",8,80.27199956083106,0,1,1,0.22884358666726923,lhs_main
199,141,2026-09-21T15:19:19,58.23959482394528,0.5651087314429202,0.004965720267584071,1,1.1890444101570046,0,0.0005796411943733304,0.005923650984186679,0.0,1,1.186462494091045,0,0.01136550939503212,0.009307813015766442,0.0,"[[0, 0.0], [1, 0.0], [2, 0.0], [3, 0.0], [4, 0.0], [5, 0.0], [6, 0.0], [7, 0.0]]",8,0.0021761463837400917,1,1,1,1.571296661571362,lhs_main
201,143,2026-09-21T15:19:19,108.29715542596193,0.15479939899822842,0.005352595210150504,1,1.2476526826271468,0,0.0004268532160071491,0.006022193003445864,0.0,1,1.6929730952309527,0,0.011399761959385586,0.009415297012310475,0.0,"[[0, 0.0], [1, 0.0], [2, 0.0], [3, 0.0], [4, 0.0], [5, 0.0], [6, 0.0], [7, 0.0]]",8,0.26304045460513126,0,1,1,1.5634332886579851,lhs_main
200,142,2026-09-21T15:19:19,64.64420072908437,0.1040116269082216,0.004551422911424838,1,1.235019992846066,0,0.00036609562065915524,0.006226213998161256,0.0,1,1.4590148980509985,0,0.011726006048724301,0.010739087010733783,0.0,"[[0, 0.0], [1, 0.0], [2, 0.0], [3, 0.0], [4, 0.0], [5, 0.0], [6, 0.0], [7, 0.0]]",8,0.15352475530178106,0,1,1,1.724818166209077,lhs_main
202,144,2026-09-21T15:19:19,21.72298210077993,0.18450461142026808,0.0018037365869199864,1,1.1888154334317251,0,0.0012805905670016935,0.005968543002381921,0.0,1,1.1854689837681023,0,0.0007707385496153907,0.009616185969207436,0.0,"[[0, 0.0], [1, 0.0], [2, 0.0], [3, 0.0], [4, 0.0], [5, 0.0], [6, 0.0], [7, 0.0]]",8,0.002822890948176401,1,1,1,1.611144623632571,lhs_main
203,145,2026-09-21T15:19:19,25.97204631780921,0.6845309718163668,0.0038333297701024817,1,1.2221802998173161,0,0.005431530938602909,0.005954870954155922,0.0,1,1.20893465314194,0,0.11474438101862892,0.010202837991528213,0.0,"[[0, 0.0], [1, 0.0], [2, 0.0], [3, 0.0], [4, 0.0], [5, 0.0], [6, 0.0], [7, 0.0]]",8,0.010956462072578978,1,1,1,1.7133600492900056,lhs_main
204,146,2026-09-21T15:19:19,78.75348601189421,0.6818854834658389,0.0034981377208027804,1,1.216199819761235,0,0.0056700478399009015,0.005898045026697218,0.0,1,1.2058721642231218,0,0.029871132301088045,0.010117855039425194,0.0,"[[0, 0.0], [1, 0.0], [2, 0.0], [3, 0.0], [4, 0.0], [5, 0.0], [6, 0.0], [7, 0.0]]",8,0.008564469638261076,1,1,1,1.715459104436675,lhs_main
205,147,2026-09-21T15:19:19,51.73450088711749,0.6804687502883824,0.006917028106472706,1,1.1969804107011408,0,0.001324660143688636,0.006856250984128565,0.0,1,1.1915047907361254,0,0.24534287628640175,0.01120199600700289,0.0,"[[0, 0.0], [1, 0.0], [2, 0.0], [3, 0.0], [4, 0.0], [5, 0.0], [6, 0.0], [7, 0.0]]",8,0.004595550104026474,1,1,1,1.6338369223842923,lhs_main
206,148,2026-09-21T15:19:19,67.74062470508574,0.5592715989025986,0.007681338431687389,1,1.1909556075830632,0,0.0010837410705644233,0.00602352200075984,0.0,0,1.5190645257771531,1,0.011547639622840538,0.007749606971628964,0.0,"[[0, 0.0], [1, 0.0], [2, 0.0], [3, 0.0], [4, 0.0], [5, 0.0], [6, 0.0], [7, 0.0]]",8,0.21599406254729664,0,0,0,1.2865574278057565,lhs_main
207,149,2026-09-21T15:19:19,54.70381791433998,0.5531402943129935,0.00733543304336272,1,1.189342877599053,0,0.0006367875981882024,0.0059233480133116245,0.0,1,1.1856686945243284,0,0.03396219587565918,0.009544542001094669,0.0,"[[0, 0.0], [1, 0.0], [2, 0.0], [3, 0.0], [4, 0.0], [5, 0.0], [6, 0.0], [7, 0.0]]",8,0.0030988277684085206,1,1,1,1.6113424333071573,lhs_main
208,150,2026-09-21T15:19:19,83.43028790224528,0.45468637772321585,0.007891129730752847,1,1.2214970429396192,0,0.0007956348813789314,0.005920239025726914,0.0,0,1.4122773932070045,1,0.029602402092766704,0.007306845975108445,0.0,"[[0, 0.0], [1, 0.0], [2, 0.0], [3, 0.0], [4, 0.0], [5, 0.0], [6, 0.0], [7, 0.0]]",8,0.13508702411086576,0,0,0,1.2342146902102953,lhs_main
210,152,2026-09-21T15:19:19,80.45302136753794,0.596716633569624,0.0031888832299389043,0,16.004028316818886,1,0.24906201230138958,0.0016255929949693382,0.0,0,1.201968315735533,1,0.013961821218189691,0.007869541004765779,0.0,"[[0, 0.0], [1, 0.0], [2, 0.0], [3, 0.0], [4, 0.0], [5, 0.0], [6, 0.0], [7, 0.0]]",8,12.31485040604034,0,1,1,4.8410278766698385,lhs_main
212,154,2026-09-21T15:19:19,42.380980850354014,0.70658399812042,0.0016466481084988235,0,6.2983884282774305,1,0.02418575742549748,0.0015339450328610837,0.0,1,1.18736591343524,0,0.006131253677480473,0.010579596040770411,0.0,"[[0, 0.0], [1, 0.0], [2, 0.0], [3, 0.0], [4, 0.0], [5, 0.0], [6, 0.0], [7, 0.0]]",8,4.30450500305772,0,0,0,6.896985103199923,lhs_main
213,155,2026-09-21T15:19:19,43.41281203545987,0.7438076288979472,0.005120657916065455,1,1.2499814076804547,0,0.004225230669502441,0.006030271993950009,0.0,0,1.223060189676758,1,0.008757131586594342,0.006742508034221828,0.0,"[[0, 0.0], [1, 0.0], [2, 0.0], [3, 0.0], [4, 0.0], [5, 0.0], [6, 0.0], [7, 0.0]]",8,0.02201135989130007,0,0,0,1.1181101019964579,lhs_main
209,151,2026-09-21T15:19:19,84.29345554478687,0.47711391531902536,0.0007953895101730806,1,85.10483887569822,0,0.001735713510115553,0.041055912035517395,2.564,1,1.186094598612824,0,0.004500828557667912,0.010786026017740369,0.0,"[[0, 0.0], [1, 0.0], [2, 0.0], [3, 0.0], [4, 0.0], [5, 0.0], [6, 0.0], [7, 0.0]]",8,70.75215111444828,0,1,1,0.26271553798170155,lhs_main
214,156,2026-09-21T15:19:19,85.83982316478297,0.1005688451937471,0.004131478014325928,1,1.2263253033974602,0,0.00038264123876165283,0.006031698954757303,0.0,1,1.6262188733172969,0,1.2692587778085738,0.00940531597007066,0.0,"[[0, 0.0], [1, 0.0], [2, 0.0], [3, 0.0], [4, 0.0], [5, 0.0], [6, 0.0], [7, 0.0]]",8,0.2459039041307524,0,1,1,1.5593145547578313,lhs_main
215,157,2026-09-21T15:19:19,74.04097703220339,0.40807556211205576,0.006555945866338573,1,1.21221214533918,0,0.0009101608995223595,0.006073874013964087,0.0,1,1.1863811920831517,0,0.06530224357329971,0.00904578302288428,0.0,"[[0, 0.0], [1, 0.0], [2, 0.0], [3, 0.0], [4, 0.0], [5, 0.0], [6, 0.0], [7, 0.0]]",8,0.02177289511027405,1,1,1,1.48929381842423,lhs_main
211,153,2026-09-21T15:19:19,106.42785618633482,0.17121505602777787,0.001990169924151329,1,107.24202226372488,0,0.04993538249514087,0.0470591860357672,3.206,1,1.1854785889586765,0,0.000600545314801996,0.009718299028463662,0.0,"[[0, 0.0], [1, 0.0], [2, 0.0], [3, 0.0], [4, 0.0], [5, 0.0], [6, 0.0], [7, 0.0]]",8,89.4630613007749,0,1,1,0.20651226353718266,lhs_main
216,158,2026-09-21T15:19:19,43.681984820928335,0.4148669311234099,0.005958141348799614,1,1.2016232101134752,0,0.0008075201324873776,0.006028438976500183,0.0,1,1.1859691963586498,0,0.03862527676343511,0.010299464978743345,0.0,"[[0, 0.0], [1, 0.0], [2, 0.0], [3, 0.0], [4, 0.0], [5, 0.0], [6, 0.0], [7, 0.0]]",8,0.013199342616055092,1,1,1,1.7084795946168323,lhs_main
217,159,2026-09-21T15:19:19,69.96574173918144,0.4114090691439386,0.004310841111775458,1,1.1875738259641002,0,0.001029593933544795,0.005991009995341301,0.0,1,1.720407385470464,0,0.011755315491178413,0.009516773046925664,0.0,"[[0, 0.0], [1, 0.0], [2, 0.0], [3, 0.0], [4, 0.0], [5, 0.0], [6, 0.0], [7, 0.0]]",8,0.3097135969110332,0,1,1,1.5885089583102097,lhs_main
218,160,2026-09-21T15:19:19,61.906802969403756,0.5402683155142817,0.006851777225759895,1,1.188027899061333,0,0.0008221695941477358,0.005968978977762163,0.0,0,1.4428201472829048,1,0.0236817947342962,0.007640504976734519,0.0,"[[0, 0.0], [1, 0.0], [2, 0.0], [3, 0.0], [4, 0.0], [5, 0.0], [6, 0.0], [7, 0.0]]",8,0.17659321482403212,0,0,0,1.2800354977291326,lhs_main
219,161,2026-09-21T15:19:19,36.840151056697586,0.5179109854981944,0.001462406504935638,0,6.343683781190374,1,0.000526062302725237,0.0018903430318459868,0.0,1,1.1862149873190067,0,0.001573962714851943,0.009396415029186755,0.0,"[[0, 0.0], [1, 0.0], [2, 0.0], [3, 0.0], [4, 0.0], [5, 0.0], [6, 0.0], [7, 0.0]]",8,4.347836479058394,0,0,0,4.970745981490366,lhs_main
221,163,2026-09-21T15:19:19,69.18245819761785,0.2586789914009433,0.006393302267187355,1,1.2518740329471891,0,0.0010064925742062243,0.006039911997504532,0.0,1,1.679282965396936,0,0.020370670318309265,0.009082908043637872,0.0,"[[0, 0.0], [1, 0.0], [2, 0.0], [3, 0.0], [4, 0.0], [5, 0.0], [6, 0.0], [7, 0.0]]",8,0.2545187090305053,0,1,1,1.5038146329599822,lhs_main
222,164,2026-09-21T15:19:19,77.04513571677163,0.342660276021368,0.003082661795866748,1,1.1868125519901145,0,0.00095407432725553,0.00596293096896261,0.0,1,1.2933717238636893,0,0.006804767134231959,0.009521431988105178,0.0,"[[0, 0.0], [1, 0.0], [2, 0.0], [3, 0.0], [4, 0.0], [5, 0.0], [6, 0.0], [7, 0.0]]",8,0.0823886666976533,1,1,1,1.5967704536015537,lhs_main
223,165,2026-09-21T15:19:19,84.62032669052769,0.4405324549941011,0.004219671440945438,1,1.18583800597922,0,0.0005708598895521293,0.005885291029699147,0.0,0,1.625309218597319,1,0.00989381939927264,0.00693188002333045,0.0,"[[0, 0.0], [1, 0.0], [2, 0.0], [3, 0.0], [4, 0.0], [5, 0.0], [6, 0.0], [7, 0.0]]",8,0.2703923706267865,0,0,0,1.1778313066167612,lhs_main
224,166,2026-09-21T15:19:19,103.92716159644559,0.32215978402771406,0.004509478213622,1,1.2008782763924286,0,0.0011961174698409047,0.006073783966712654,0.0,1,1.6020556793717373,0,0.6834990058423068,0.009629268024582416,0.0,"[[0, 0.0], [1, 0.0], [2, 0.0], [3, 0.0], [4, 0.0], [5, 0.0], [6, 0.0], [7, 0.0]]",8,0.25041414486707136,0,1,1,1.5853820414679838,lhs_main
220,162,2026-09-21T15:19:19,91.41375275286198,0.33363237297609843,0.0025101263429455982,1,92.206853475207,0,0.0022358194528819216,0.04669416800606996,2.77,1,1.1854851628053122,0,0.00699113769775911,0.009528946015052497,0.0,"[[0, 0.0], [1, 0.0], [2, 0.0], [3, 0.0], [4, 0.0], [5, 0.0], [6, 0.0], [7, 0.0]]",8,76.77984606488896,0,1,1,0.2040714380822417,lhs_main
226,168,2026-09-21T15:19:19,20.723336035444518,0.4671784400078517,0.004887152110955953,1,1.186215326635079,0,0.0007275125386203327,0.005899999989196658,0.0,0,1.7249690235123865,1,0.07830607729377853,0.007578613993246108,0.0,"[[0, 0.0], [1, 0.0], [2, 0.0], [3, 0.0], [4, 0.0], [5, 0.0], [6, 0.0], [7, 0.0]]",8,0.31232659226557924,0,0,0,1.2845108486649353,lhs_main
225,167,2026-09-21T15:19:19,24.970443325491562,0.455689421551274,0.004280993535404821,1,1.1856016834499425,0,0.0007154162086142635,0.005934780987445265,0.0,1,1.5654965017664324,0,0.2085835942989529,0.009491558012086898,0.0,"[[0, 0.0], [1, 0.0], [2, 0.0], [3, 0.0], [4, 0.0], [5, 0.0], [6, 0.0], [7, 0.0]]",8,0.242667305795851,0,1,1,1.5993105781267782,lhs_main
229,171,2026-09-21T15:19:19,58.00976106799923,0.11243412999189614,0.007138391461132948,1,1.3068785373014367,0,0.00023266263282549311,0.00591091497335583,0.0,1,1.1859317489905339,0,0.012056410167326965,0.009357015020214021,0.0,"[[0, 0.0], [1, 0.0], [2, 0.0], [3, 0.0], [4, 0.0], [5, 0.0], [6, 0.0], [7, 0.0]]",8,0.10198461118344523,0,1,1,1.5830061948770888,lhs_main
230,172,2026-09-21T15:19:19,38.672585223201764,0.3000293096503309,0.004070587872000493,1,1.1989219068417156,0,0.0012984364576722274,0.005866278021130711,0.0,1,1.184417662992945,0,0.04472666014371774,0.0092494209529832,0.0,"[[0, 0.0], [1, 0.0], [2, 0.0], [3, 0.0], [4, 0.0], [5, 0.0], [6, 0.0], [7, 0.0]]",8,0.012245886144689296,1,1,1,1.5767102956365504,lhs_main
227,169,2026-09-21T15:19:19,74.81277200263231,0.7961075779085269,0.0006323300869740074,1,75.65658710810622,0,0.013198254886095261,0.034172985004261136,2.29,1,1.187058517938006,0,0.18990937947552558,0.01158975501311943,0.0,"[[0, 0.0], [1, 0.0], [2, 0.0], [3, 0.0], [4, 0.0], [5, 0.0], [6, 0.0], [7, 0.0]]",8,62.73450505163501,0,1,1,0.33914962394049764,lhs_main
231,173,2026-09-21T15:19:19,90.8627807269789,0.328182776239756,0.006776730912610532,1,1.2408598736333936,0,0.0017618225887664838,0.005906631995458156,0.0,1,1.644605948418791,0,0.011392996491311091,0.009234294993802905,0.0,"[[0, 0.0], [1, 0.0], [2, 0.0], [3, 0.0], [4, 0.0], [5, 0.0], [6, 0.0], [7, 0.0]]",8,0.24549715095800284,0,1,1,1.5633774037223789,lhs_main
232,174,2026-09-21T15:19:19,47.43492009776074,0.46918649736451834,0.0022646632306912236,1,1.1953114859185217,0,0.001411782802261828,0.0059453140129335225,0.0,1,1.1860724600988046,0,0.004844092124172804,0.009178526990581304,0.0,"[[0, 0.0], [1, 0.0], [2, 0.0], [3, 0.0], [4, 0.0], [5, 0.0], [6, 0.0], [7, 0.0]]",8,0.007789596445859117,1,1,1,1.54382543472291,lhs_main
228,170,2026-09-21T15:19:19,85.12472810530384,0.717418715837106,0.0013005158362239418,1,85.93208386520976,0,0.10783147040180725,0.039998726977501065,2.588,1,1.187493179508051,0,0.0008792803181812131,0.013564565975684673,0.0,"[[0, 0.0], [1, 0.0], [2, 0.0], [3, 0.0], [4, 0.0], [5, 0.0], [6, 0.0], [7, 0.0]]",8,71.36427572645873,0,1,1,0.3391249422341522,lhs_main
233,175,2026-09-21T15:19:19,27.71153717458642,0.6889773016519805,0.0068813049296717515,1,1.200166823473325,0,0.00204533752941135,0.005999892018735409,0.0,1,1.1931227935909052,0,0.14333998973908363,0.00925612001447007,0.0,"[[0, 0.0], [1, 0.0], [2, 0.0], [3, 0.0], [4, 0.0], [5, 0.0], [6, 0.0], [7, 0.0]]",8,0.005903859954950235,1,1,1,1.5427144331209104,lhs_main
234,176,2026-09-21T15:19:19,62.44374119291369,0.11104517622460545,0.0032800474454745994,1,1.2099708435644756,0,0.00030455153487421715,0.005966736003756523,0.0,1,1.2186208122787536,0,0.011044020303616564,0.009552514995448291,0.0,"[[0, 0.0], [1, 0.0], [2, 0.0], [3, 0.0], [4, 0.0], [5, 0.0], [6, 0.0], [7, 0.0]]",8,0.007098162633627658,1,1,1,1.6009615624747335,lhs_main
235,177,2026-09-21T15:19:19,31.02415999513845,0.27600252818699034,0.006962609654725425,1,1.2619847163483282,0,0.001063334259553278,0.0060084290453232825,0.0,1,1.5005481633173006,0,0.062062644337477685,0.009261475002858788,0.0,"[[0, 0.0], [1, 0.0], [2, 0.0], [3, 0.0], [4, 0.0], [5, 0.0], [6, 0.0], [7, 0.0]]",8,0.15898419844223727,0,1,1,1.5414137261165703,lhs_main
236,178,2026-09-21T15:19:19,66.57871609362573,0.5102012533773361,0.0033653490442222956,1,1.1925396620451763,0,0.000885261351468021,0.005927165038883686,0.0,1,1.1889262521350956,0,0.023236045235372895,0.011895237024873495,0.0,"[[0, 0.0], [1, 0.0], [2, 0.0], [3, 0.0], [4, 0.0], [5, 0.0], [6, 0.0], [7, 0.0]]",8,0.0030392212331013854,1,1,1,2.00690160419657,lhs_main
238,180,2026-09-21T15:19:19,46.19420009935911,0.16826284071874242,0.003037711649997334,1,1.2017149137314445,0,0.000385031439293817,0.005887866020202637,0.0,1,1.7834830909067958,0,0.04827338069804298,0.009612352005206048,0.0,"[[0, 0.0], [1, 0.0], [2, 0.0], [3, 0.0], [4, 0.0], [5, 0.0], [6, 0.0], [7, 0.0]]",8,0.3261977532287994,0,1,1,1.6325697582492256,lhs_main
240,182,2026-09-21T15:19:19,66.6687461921345,0.2889493722053075,0.0007199131226539408,1,67.51862678067106,0,0.0009830902641167296,0.03205156000331044,2.054,1,1.1855811300261752,0,0.01500396821048229,0.009631772991269827,0.0,"[[0, 0.0], [1, 0.0], [2, 0.0], [3, 0.0], [4, 0.0], [5, 0.0], [6, 0.0], [7, 0.0]]",8,55.949815639508685,0,1,1,0.30050871128503603,lhs_main
239,181,2026-09-21T15:19:19,103.64464641186156,0.31112251408190195,0.001969429788365906,1,104.4836199071205,0,0.002155239483227219,0.04578813002444804,3.126,1,1.1855806067500607,0,0.0069177920831530945,0.009337457013316453,0.0,"[[0, 0.0], [1, 0.0], [2, 0.0], [3, 0.0], [4, 0.0], [5, 0.0], [6, 0.0], [7, 0.0]]",8,87.12865132260661,0,1,1,0.20392745911070898,lhs_main
237,179,2026-09-21T15:19:19,113.06997499688823,0.5814733829822223,0.000673647465617654,1,113.86323706312646,0,0.006743794914256961,0.04976656794315204,3.398,1,1.1865038526985268,0,0.00597697012552587,0.010492990026250482,0.0,"[[0, 0.0], [1, 0.0], [2, 0.0], [3, 0.0], [4, 0.0], [5, 0.0], [6, 0.0], [7, 0.0]]",8,94.96533277507818,0,1,1,0.21084415622625496,lhs_main
241,183,2026-09-21T15:19:19,49.58966841659712,0.3399517047512932,8.317629102624937e-05,1,50.415167974643325,0,0.0009116894026413464,0.024086611985694617,1.558,1,1.185445658413385,0,0.0075790126197283845,0.009975677996408194,0.0,"[[0, 0.0], [1, 0.0], [2, 0.0], [3, 0.0], [4, 0.0], [5, 0.0], [6, 0.0], [7, 0.0]]",8,41.528451318569594,0,1,1,0.41415862066167264,lhs_main
243,185,2026-09-21T15:19:19,102.03980722927167,0.1799010863977588,0.00331564626561433,0,17.636710686921827,1,0.006539387428420582,0.0014374739839695394,0.0,1,1.7532685123949012,0,0.0059916386029035765,0.009348557970952243,0.0,"[[0, 0.0], [1, 0.0], [2, 0.0], [3, 0.0], [4, 0.0], [5, 0.0], [6, 0.0], [7, 0.0]]",8,9.059332362520284,0,0,0,6.503462375810442,lhs_main
244,186,2026-09-21T15:19:19,85.66037584320426,0.39702682769388253,0.005647357579207247,1,1.2014180196674977,0,0.0008250536472402946,0.006002495996654034,0.0,1,1.7346758006542222,0,0.0878180997536458,0.009357795002870262,0.0,"[[0, 0.0], [1, 0.0], [2, 0.0], [3, 0.0], [4, 0.0], [5, 0.0], [6, 0.0], [7, 0.0]]",8,0.30741063015095366,0,1,1,1.5589839640187297,lhs_main
245,187,2026-09-21T15:19:19,51.15964357785619,0.14742510684897212,0.002295927504156912,1,1.1947183280439613,0,0.0002342855411113448,0.005923514952883124,0.0,1,1.185458676191941,0,0.0043063578897502095,0.009339117968920618,0.0,"[[0, 0.0], [1, 0.0], [2, 0.0], [3, 0.0], [4, 0.0], [5, 0.0], [6, 0.0], [7, 0.0]]",8,0.007811028792471388,1,1,1,1.5766176068104687,lhs_main
247,189,2026-09-21T15:19:19,28.56895740151178,0.7135715304712908,0.006956911336146098,1,1.2086952897541783,0,0.0028867992880687397,0.005919785005971789,0.0,1,1.2025268450146342,0,0.015688906461048785,0.009203887020703405,0.0,"[[0, 0.0], [1, 0.0], [2, 0.0], [3, 0.0], [4, 0.0], [5, 0.0], [6, 0.0], [7, 0.0]]",8,0.005129569260858342,1,1,1,1.5547671091802597,lhs_main
246,188,2026-09-21T15:19:19,28.85096237433423,0.21811798341759306,0.000770381902403809,1,29.65654916676851,0,0.0006261357436575192,0.015509253018535674,0.9560000000000001,1,1.1854785022114547,0,0.0009755872987224093,0.009660487005021423,0.0,"[[0, 0.0], [1, 0.0], [2, 0.0], [3, 0.0], [4, 0.0], [5, 0.0], [6, 0.0], [7, 0.0]]",8,24.01652211444206,0,1,1,0.6228853829050195,lhs_main
248,190,2026-09-21T15:19:19,35.74584824973644,0.7640061334238062,0.007648316723441622,1,1.2222334539376762,0,0.004359449478908967,0.005893433990422636,0.0,1,1.2051487319537424,0,0.037196766714727346,0.00952743599191308,0.0,"[[0, 0.0], [1, 0.0], [2, 0.0], [3, 0.0], [4, 0.0], [5, 0.0], [6, 0.0], [7, 0.0]]",8,0.014176442733534416,1,1,1,1.6166187671561312,lhs_main
242,184,2026-09-21T15:19:19,93.95228943587453,0.5580108276199077,0.0008310842889575478,1,94.7598403870487,0,0.004785475487012464,0.04672541102627292,2.844,1,1.1863743488500273,0,0.0015940151316060792,0.012500784010626376,0.0,"[[0, 0.0], [1, 0.0], [2, 0.0], [3, 0.0], [4, 0.0], [5, 0.0], [6, 0.0], [7, 0.0]]",8,78.87347373019402,0,1,1,0.26753716523964644,lhs_main
249,191,2026-09-21T15:19:19,70.4776912788046,0.7859236995590122,0.007590139056481159,1,1.23724539612213,0,0.005814716722945513,0.0059804790071211755,0.0,1,1.2135119903001181,0,0.014237235270271065,0.009683448006398976,0.0,"[[0, 0.0], [1, 0.0], [2, 0.0], [3, 0.0], [4, 0.0], [5, 0.0], [6, 0.0], [7, 0.0]]",8,0.019557619546999434,1,1,1,1.6191759882224384,lhs_main
251,193,2026-09-21T15:19:19,65.5653744307155,0.43027159059184616,0.0022210634683379146,0,11.246572142827754,1,0.003858578767197633,0.0015316220233216882,0.0,1,1.1854985558964295,0,0.0005303653046061052,0.009237398044206202,0.0,"[[0, 0.0], [1, 0.0], [2, 0.0], [3, 0.0], [4, 0.0], [5, 0.0], [6, 0.0], [7, 0.0]]",8,8.486786877039691,0,0,0,6.031121192794485,lhs_main
250,192,2026-09-21T15:19:19,22.391529889683966,0.19956219600408648,0.00736464674743839,1,1.2961027983952946,0,0.001381288435342478,0.006057269987650216,0.0,1,1.2783635749601774,0,0.011534968455130997,0.00921718799509108,0.0,"[[0, 0.0], [1, 0.0], [2, 0.0], [3, 0.0], [4, 0.0], [5, 0.0], [6, 0.0], [7, 0.0]]",8,0.013876508829399215,1,1,1,1.5216736275390434,lhs_main
254,196,2026-09-21T15:19:19,36.41079510928839,0.4537781203144794,0.00394275172454708,1,1.1855093425533187,0,0.0046434818475377,0.0060747130191884935,0.0,0,1.677862430414021,1,0.00951484984632217,0.006054856989067048,0.0,"[[0, 0.0], [1, 0.0], [2, 0.0], [3, 0.0], [4, 0.0], [5, 0.0], [6, 0.0], [7, 0.0]]",8,0.29344067721881806,0,0,0,0.9967313632662604,lhs_main
252,194,2026-09-21T15:19:19,44.003994564089155,0.615958015100558,0.0009314547048265375,1,44.82905709864283,0,0.007426031540688498,0.024646359030157328,1.3960000000000001,1,1.186760880748043,0,0.0009232552425681536,0.01039361604489386,0.0,"[[0, 0.0], [1, 0.0], [2, 0.0], [3, 0.0], [4, 0.0], [5, 0.0], [6, 0.0], [7, 0.0]]",8,36.77429625956834,0,1,1,0.42170999911898605,lhs_main
253,195,2026-09-21T15:19:19,92.87271833157844,0.35959862159005795,0.005053677915925359,1,1.2011902534182062,0,0.0009455076279632335,0.0060560620040632784,0.0,1,1.1849983434841198,0,0.0461036923458056,0.009332247951533645,0.0,"[[0, 0.0], [1, 0.0], [2, 0.0], [3, 0.0], [4, 0.0], [5, 0.0], [6, 0.0], [7, 0.0]]",8,0.013664078117171947,1,1,1,1.540976288761943,lhs_main
255,197,2026-09-21T15:19:19,46.86004481108218,0.4518910735826567,0.007968950489444872,1,1.2240321020418414,0,0.0008337320459269631,0.006048978015314788,0.0,1,1.536862270191605,0,0.16016369628515476,0.009661789983510971,0.0,"[[0, 0.0], [1, 0.0], [2, 0.0], [3, 0.0], [4, 0.0], [5, 0.0], [6, 0.0], [7, 0.0]]",8,0.20355120573736393,0,1,1,1.5972598939935432,lhs_main
256,198,2026-09-21T15:19:19,23.770312202015987,0.3092883061661743,0.005433535449748147,1,1.2178212831709623,0,0.0018298231699961176,0.0059885099763050675,0.0,1,1.3471324299740408,0,0.375523121844332,0.01028579700505361,0.0,"[[0, 0.0], [1, 0.0], [2, 0.0], [3, 0.0], [4, 0.0], [5, 0.0], [6, 0.0], [7, 0.0]]",8,0.09598992936839205,1,1,1,1.7175886899665789,lhs_main
258,200,2026-09-21T15:19:19,63.34438489084375,0.28577341355473485,0.006281153548581098,1,1.2416774376031752,0,0.0015423079928038265,0.005977430031634867,0.0,1,1.348447003023134,0,0.06725257406863144,0.009785281028598547,0.0,"[[0, 0.0], [1, 0.0], [2, 0.0], [3, 0.0], [4, 0.0], [5, 0.0], [6, 0.0], [7, 0.0]]",8,0.0791796527268688,1,1,1,1.6370381546602908,lhs_main
257,199,2026-09-21T15:19:19,93.70516625410347,0.3742330954633232,0.005421854486242036,1,1.2031733334882495,0,0.0009194597690213859,0.0060825139516964555,0.0,1,1.1854636966654706,0,0.15749659059875737,0.010389818984549493,0.0,"[[0, 0.0], [1, 0.0], [2, 0.0], [3, 0.0], [4, 0.0], [5, 0.0], [6, 0.0], [7, 0.0]]",8,0.014938995493993995,1,1,1,1.7081455245411643,lhs_main
259,201,2026-09-21T15:19:19,53.677802490592676,0.5051115192356145,0.003177411025654631,1,1.1933114261904025,0,0.0009753069290038,0.005852592003066093,0.0,1,1.189763684926286,0,0.048873947021800465,0.009493967983871698,0.0,"[[0, 0.0], [1, 0.0], [2, 0.0], [3, 0.0], [4, 0.0], [5, 0.0], [6, 0.0], [7, 0.0]]",8,0.0029818873353293735,1,1,1,1.622181757911356,lhs_main
261,203,2026-09-21T15:19:19,107.73659181773655,0.2959495162320117,0.005817305599293491,1,1.228595812483016,0,0.0008721327892839987,0.005991339043248445,0.0,1,1.7600726120018486,0,0.8248362072996854,0.009731010999530554,0.0,"[[0, 0.0], [1, 0.0], [2, 0.0], [3, 0.0], [4, 0.0], [5, 0.0], [6, 0.0], [7, 0.0]]",8,0.3019629962393133,0,1,1,1.6241796582178558,lhs_main
262,204,2026-09-21T15:19:19,84.10517346498197,0.7884841699845141,0.004262840673070046,1,1.2315326567862745,0,0.004829273071879039,0.005995236977469176,0.0,1,1.2153484150320575,0,0.013113885037812733,0.010994576034136117,0.0,"[[0, 0.0], [1, 0.0], [2, 0.0], [3, 0.0], [4, 0.0], [5, 0.0], [6, 0.0], [7, 0.0]]",8,0.013316544913410834,1,1,1,1.8338851450668354,lhs_main
263,205,2026-09-21T15:19:19,22.686845619913615,0.6898171969464456,0.0010776328242847806,1,1.1876223368368315,0,0.0007442295367774283,0.005907370999921113,0.0,1,1.1873494968086569,0,0.001289740741159701,0.010694616998080164,0.0,"[[0, 0.0], [1, 0.0], [2, 0.0], [3, 0.0], [4, 0.0], [5, 0.0], [6, 0.0], [7, 0.0]]",8,0.00022978914709439953,1,1,1,1.8103851947377234,lhs_main
260,202,2026-09-21T15:19:19,58.71824337811426,0.5756953200626242,0.0018305871000254559,1,59.51857424517874,0,0.10439209958021746,0.027677833975758404,1.822,1,1.186134864285379,0,0.00135371421499759,0.009928304993081838,0.0,"[[0, 0.0], [1, 0.0], [2, 0.0], [3, 0.0], [4, 0.0], [5, 0.0], [6, 0.0], [7, 0.0]]",8,49.17858933017487,0,1,1,0.35870960862679974,lhs_main
265,207,2026-09-21T15:19:19,55.090171123280065,0.3065960145267482,0.003157983800304943,1,1.1896603455347425,0,0.0007905377096188616,0.005904707009904087,0.0,1,1.2627557402804355,0,0.017677756487874532,0.009616008959710598,0.0,"[[0, 0.0], [1, 0.0], [2, 0.0], [3, 0.0], [4, 0.0], [5, 0.0], [6, 0.0], [7, 0.0]]",8,0.057885616682652935,1,1,1,1.6285327863993029,lhs_main
266,208,2026-09-21T15:19:19,119.92786853310996,0.27708216505755057,0.005156212708984285,1,1.2198140370132569,0,0.0006902035754092954,0.005916258960496634,0.0,1,1.7715205236658078,0,0.24293917729453937,0.009560880018398166,0.0,"[[0, 0.0], [1, 0.0], [2, 0.0], [3, 0.0], [4, 0.0], [5, 0.0], [6, 0.0], [7, 0.0]]",8,0.31143104428217666,0,1,1,1.616034741250675,lhs_main
264,206,2026-09-21T15:19:19,26.269513388695792,0.35155730018744635,0.0005474010844482248,1,27.1048458142845,0,0.001299009511039803,0.014504088030662388,0.882,1,1.1857929909476113,0,0.0077672023827292,0.009406608995050192,0.0,"[[0, 0.0], [1, 0.0], [2, 0.0], [3, 0.0], [4, 0.0], [5, 0.0], [6, 0.0], [7, 0.0]]",8,21.85799125243944,0,1,1,0.6485488074234063,lhs_main
267,209,2026-09-21T15:19:19,101.62271942265525,0.3451105199237867,0.004487941873197071,1,1.1969136368723596,0,0.0008846636876516742,0.005894215952139348,0.0,1,1.526873218965948,0,0.11464093613656515,0.009961885982193053,0.0,"[[0, 0.0], [1, 0.0], [2, 0.0], [3, 0.0], [4, 0.0], [5, 0.0], [6, 0.0], [7, 0.0]]",8,0.21610149290394165,0,1,1,1.6901121477534795,lhs_main
268,210,2026-09-21T15:19:19,37.89594497705188,0.24028018142493066,0.0020109687889320925,1,1.1873747226450677,0,0.0007314577985404494,0.006152802030555904,0.0,1,1.1854784367519842,0,0.06654262596837016,0.009575566044077277,0.0,"[[0, 0.0], [1, 0.0], [2, 0.0], [3, 0.0], [4, 0.0], [5, 0.0], [6, 0.0], [7, 0.0]]",8,0.0015995954327765423,1,1,1,1.5562935385411918,lhs_main
269,211,2026-09-21T15:19:19,76.23252352753099,0.17350820169487563,0.0067341462924106355,1,1.282513381947653,0,0.0003909050279900928,0.006052006967365742,0.0,1,1.7032406675429812,0,0.05400830943169253,0.00920916098402813,0.0,"[[0, 0.0], [1, 0.0], [2, 0.0], [3, 0.0], [4, 0.0], [5, 0.0], [6, 0.0], [7, 0.0]]",8,0.24701575861398994,0,1,1,1.521670585259852,lhs_main
270,212,2026-09-21T15:19:19,31.985588170585412,0.17722120950454476,0.00348711091332949,1,1.2071589989425886,0,0.000658734870741766,0.00592710601631552,0.0,1,1.7674987203869241,0,0.17981500419733473,0.009714193001855165,0.0,"[[0, 0.0], [1, 0.0], [2, 0.0], [3, 0.0], [4, 0.0], [5, 0.0], [6, 0.0], [7, 0.0]]",8,0.31702411717824114,0,1,1,1.638943689401699,lhs_main
271,213,2026-09-21T15:19:19,73.54387771277327,0.21293221794329786,0.0038692320888769347,1,1.2086722604239768,0,0.0010717360411703432,0.005913206026889384,0.0,1,1.3897599878298528,0,0.007416966912376347,0.009485177986789495,0.0,"[[0, 0.0], [1, 0.0], [2, 0.0], [3, 0.0], [4, 0.0], [5, 0.0], [6, 0.0], [7, 0.0]]",8,0.1303014398109484,0,1,1,1.6040668875153554,lhs_main
273,215,2026-09-21T15:19:19,21.834565315095862,0.17160083276699561,0.0009220438148289352,1,1.1857727888387573,0,0.0002977687619438992,0.006056315964087844,0.0,1,1.1854742956008555,0,0.0005587029191194813,0.00969068199628964,0.0,"[[0, 0.0], [1, 0.0], [2, 0.0], [3, 0.0], [4, 0.0], [5, 0.0], [6, 0.0], [7, 0.0]]",8,0.00025179224805585,1,1,1,1.6000951822448677,lhs_main
272,214,2026-09-21T15:19:19,66.33722132603961,0.7989602304065849,0.003407765074503039,1,1.2150617293050063,0,0.005720889200392454,0.0060042450204491615,0.0,1,1.2062783165740878,0,0.01450284302744107,0.009706868033390492,0.0,"[[0, 0.0], [1, 0.0], [2, 0.0], [3, 0.0], [4, 0.0], [5, 0.0], [6, 0.0], [7, 0.0]]",8,0.007281414753324942,1,1,1,1.616667541103169,lhs_main
275,217,2026-09-21T15:19:19,114.72701612778435,0.26665819914673866,0.006576072568438661,1,1.2543992056320543,0,0.0010443569809121436,0.006189587991684675,0.0,1,1.5613681407326299,0,0.011423969571447277,0.009070981002878398,0.0,"[[0, 0.0], [1, 0.0], [2, 0.0], [3, 0.0], [4, 0.0], [5, 0.0], [6, 0.0], [7, 0.0]]",8,0.19660253536141623,0,1,1,1.465522586489552,lhs_main
274,216,2026-09-21T15:19:19,57.36927742018787,0.4309588234288769,0.0013260852391061618,1,58.20825998708303,0,0.05660834502347193,0.02721714199287817,1.784,1,1.1859643583408297,0,0.0006105863559802694,0.009449662000406533,0.0,"[[0, 0.0], [1, 0.0], [2, 0.0], [3, 0.0], [4, 0.0], [5, 0.0], [6, 0.0], [7, 0.0]]",8,48.08095220375483,0,1,1,0.3471952346384936,lhs_main
276,218,2026-09-21T15:19:19,34.04557902172908,0.27176465388611093,0.006756997359213343,1,1.2577002589551802,0,0.0010620066708707779,0.005995937972329557,0.0,1,1.5056722346755929,0,0.014637778468329943,0.009570640977472067,0.0,"[[0, 0.0], [1, 0.0], [2, 0.0], [3, 0.0], [4, 0.0], [5, 0.0], [6, 0.0], [7, 0.0]]",8,0.1646918698569479,0,1,1,1.596187455847489,lhs_main
277,219,2026-09-21T15:19:19,71.45891872690319,0.46625702162677085,0.006677745781846622,1,1.1990868325791446,0,0.0008247476910712357,0.005928320984821767,0.0,1,1.498773412340711,0,0.2070085781098347,0.011324204970151186,0.0,"[[0, 0.0], [1, 0.0], [2, 0.0], [3, 0.0], [4, 0.0], [5, 0.0], [6, 0.0], [7, 0.0]]",8,0.19995456103903697,0,1,1,1.9101875554890597,lhs_main
278,220,2026-09-21T15:19:19,112.59785447100487,0.5617073192779568,0.0064555985871525235,1,1.1856605838629322,0,0.001455332678072083,0.006435521005187184,0.0,0,1.6397034384452236,1,0.01146512703967306,0.0058807129971683025,0.0,"[[0, 0.0], [1, 0.0], [2, 0.0], [3, 0.0], [4, 0.0], [5, 0.0], [6, 0.0], [7, 0.0]]",8,0.27690547201194965,0,0,0,0.9137897292897199,lhs_main
279,221,2026-09-21T15:19:19,37.76724973914834,0.11376773038497286,0.0012346191313511964,0,6.291027047688532,1,0.0015031636223842202,0.0016364399925805628,0.0,1,1.185486218729439,0,0.0001658283835830479,0.009547579975333065,0.0,"[[0, 0.0], [1, 0.0], [2, 0.0], [3, 0.0], [4, 0.0], [5, 0.0], [6, 0.0], [7, 0.0]]",8,4.306706183755578,0,0,0,5.83435996346993,lhs_main
280,222,2026-09-21T15:19:19,88.40217339946328,0.6662216428007601,0.0056825748843058925,1,1.208413617392861,0,0.0027206605083635303,0.005997916974592954,0.0,1,1.1975376269628004,0,0.22276699190415797,0.009600625955499709,0.0,"[[0, 0.0], [1, 0.0], [2, 0.0], [3, 0.0], [4, 0.0], [5, 0.0], [6, 0.0], [7, 0.0]]",8,0.009081961338988847,1,1,1,1.6006600285011867,lhs_main
281,223,2026-09-21T15:19:19,31.601935667134747,0.7536017657560038,0.0018968280701879303,1,1.194102791230746,0,0.000506713852934831,0.005856549018062651,0.0,1,1.1870104326824396,0,0.009611367110819252,0.010772667010314763,0.0,"[[0, 0.0], [1, 0.0], [2, 0.0], [3, 0.0], [4, 0.0], [5, 0.0], [6, 0.0], [7, 0.0]]",8,0.005974975748341963,1,1,1,1.83942232483497,lhs_main
282,224,2026-09-21T15:19:19,41.92148545683162,0.11668793100289535,0.006595914717235285,1,1.28860847586481,0,0.00026810445466352896,0.005884204991161823,0.0,1,1.1868518327700859,0,0.011839621772687098,0.009319411998149008,0.0,"[[0, 0.0], [1, 0.0], [2, 0.0], [3, 0.0], [4, 0.0], [5, 0.0], [6, 0.0], [7, 0.0]]",8,0.08573660189513829,1,1,1,1.5838013821997914,lhs_main
284,226,2026-09-21T15:19:19,80.76381466955382,0.44733005492898126,0.005615285614576413,1,1.191970080372845,0,0.0013589316673154246,0.006185568985529244,0.0,0,1.38557578559617,1,0.031048126282253175,0.007496079022530466,0.0,"[[0, 0.0], [1, 0.0], [2, 0.0], [3, 0.0], [4, 0.0], [5, 0.0], [6, 0.0], [7, 0.0]]",8,0.13972942312933276,0,0,0,1.211865721660704,lhs_main
285,227,2026-09-21T15:19:19,55.753429543011265,0.14859111693755966,0.0021201568393215747,0,11.33840117398712,1,0.0013817573572743652,0.0015366640291176736,0.0,1,1.1854713094033598,0,0.0007048487647043341,0.009597551019396633,0.0,"[[0, 0.0], [1, 0.0], [2, 0.0], [3, 0.0], [4, 0.0], [5, 0.0], [6, 0.0], [7, 0.0]]",8,8.564466962674674,0,0,0,6.24570552673598,lhs_main
283,225,2026-09-21T15:19:19,32.91324419453548,0.5333429422921335,0.0009735892324189881,1,33.725603710346824,0,0.010050193600576997,0.017165853001642972,1.074,1,1.1862674254561103,0,0.0008907136892888313,0.010128580033779144,0.0,"[[0, 0.0], [1, 0.0], [2, 0.0], [3, 0.0], [4, 0.0], [5, 0.0], [6, 0.0], [7, 0.0]]",8,27.43001753789168,0,1,1,0.5900423377043786,lhs_main
286,228,2026-09-21T15:19:19,42.682710965397035,0.10210939403380907,0.00487865415464709,1,1.2427980068538722,0,0.00038513185527646454,0.00620643503498286,0.0,1,1.5741097494111405,0,0.011780273982204166,0.009504143963567913,0.0,"[[0, 0.0], [1, 0.0], [2, 0.0], [3, 0.0], [4, 0.0], [5, 0.0], [6, 0.0], [7, 0.0]]",8,0.21047563086449902,0,1,1,1.5313370574246508,lhs_main
287,229,2026-09-21T15:19:19,102.35126650918886,0.7414189762613325,0.005461798580792345,1,1.253977383277952,0,0.005069030878846632,0.006211408996023238,0.0,0,1.224125262785431,1,0.018406296064341108,0.0070087360218167305,0.0,"[[0, 0.0], [1, 0.0], [2, 0.0], [3, 0.0], [4, 0.0], [5, 0.0], [6, 0.0], [7, 0.0]]",8,0.02438649164432237,0,0,0,1.128364921115961,lhs_main
288,230,2026-09-21T15:19:19,86.27017018997314,0.6212617154425082,0.004435793551695368,1,1.2098288304531029,0,0.002993841942196347,0.006140811019577086,0.0,1,1.198814767046096,0,0.012017236872301693,0.010075547965243459,0.0,"[[0, 0.0], [1, 0.0], [2, 0.0], [3, 0.0], [4, 0.0], [5, 0.0], [6, 0.0], [7, 0.0]]",8,0.00918746057336757,1,1,1,1.6407520005292975,lhs_main
289,231,2026-09-21T15:19:19,111.58837830365572,0.40608674826109437,0.005111367561035813,1,1.193765616428298,0,0.0008209647228071844,0.005953137995675206,0.0,1,1.185033471130212,0,0.048632599007742895,0.009210699005052447,0.0,"[[0, 0.0], [1, 0.0], [2, 0.0], [3, 0.0], [4, 0.0], [5, 0.0], [6, 0.0], [7, 0.0]]",8,0.007368690852046387,1,1,1,1.547200654804873,lhs_main
290,232,2026-09-21T15:19:19,21.532308703340533,0.14221772957739795,0.00013627883986260328,1,22.346241464439608,0,0.00041552206083707706,0.012728501984383911,0.744,1,1.1854956715073512,0,0.007617279872548169,0.009244273009244353,0.0,"[[0, 0.0], [1, 0.0], [2, 0.0], [3, 0.0], [4, 0.0], [5, 0.0], [6, 0.0], [7, 0.0]]",8,17.849703125466906,0,1,1,0.7262655904509251,lhs_main
291,233,2026-09-21T15:19:19,88.84627448210813,0.27380717827636636,0.004839923336273544,1,1.2147431983747807,0,0.001615232889590505,0.005951909988652915,0.0,1,1.7123529648405926,0,0.018487760503443005,0.009115255030337721,0.0,"[[0, 0.0], [1, 0.0], [2, 0.0], [3, 0.0], [4, 0.0], [5, 0.0], [6, 0.0], [7, 0.0]]",8,0.29059999701179345,0,1,1,1.5314840190318066,lhs_main
293,235,2026-09-21T15:19:19,26.531881840881695,0.18330165625805594,0.0011434974233439268,1,1.1860620031993423,0,0.0006433002431629157,0.0060582339647226036,0.0,1,1.1854388984109119,0,0.06298648978548782,0.009713607956655324,0.0,"[[0, 0.0], [1, 0.0], [2, 0.0], [3, 0.0], [4, 0.0], [5, 0.0], [6, 0.0], [7, 0.0]]",8,0.0005256321428845412,1,1,1,1.6033728662871298,lhs_main
294,236,2026-09-21T15:19:20,67.9790040568208,0.31644202649061787,0.003985322597239173,1,1.1956670326160141,0,0.0009971571285105104,0.005821514991112053,0.0,1,1.447315953363018,0,0.0071917970681477745,0.009247292997315526,0.0,"[[0, 0.0], [1, 0.0], [2, 0.0], [3, 0.0], [4, 0.0], [5, 0.0], [6, 0.0], [7, 0.0]]",8,0.17387283002185278,0,1,1,1.5884684676469525,lhs_main
292,234,2026-09-21T15:19:20,116.01808955122573,0.2601780264832483,0.0014263956112186605,1,116.82897669984064,0,0.04808644173808507,0.05087954900227487,3.484,1,1.185507825541535,0,0.002994093171426953,0.009698787005618215,0.0,"[[0, 0.0], [1, 0.0], [2, 0.0], [3, 0.0], [4, 0.0], [5, 0.0], [6, 0.0], [7, 0.0]]",8,97.54762168817709,0,1,1,0.19062250345781512,lhs_main
297,239,2026-09-21T15:19:20,105.51035853434861,0.3305694508986109,0.007878424364935077,1,1.2687580584934248,0,0.0010483078554439623,0.005877727991901338,0.0,1,1.374691672636071,0,0.18598708573606842,0.009845870023127645,0.0,"[[0, 0.0], [1, 0.0], [2, 0.0], [3, 0.0], [4, 0.0], [5, 0.0], [6, 0.0], [7, 0.0]]",8,0.07705990823346645,1,1,1,1.675114948615151,lhs_main
295,237,2026-09-21T15:19:20,100.27383355192705,0.7171514907845883,0.0017545783098302464,1,101.10461664950776,0,0.12610434725662983,0.04474289098288864,3.028,1,1.1874136554797898,0,0.007269252561316851,0.010585503012407571,0.0,"[[0, 0.0], [1, 0.0], [2, 0.0], [3, 0.0], [4, 0.0], [5, 0.0], [6, 0.0], [7, 0.0]]",8,84.14692094277385,0,1,1,0.23658513743458967,lhs_main
296,238,2026-09-21T15:19:20,99.36167939806747,0.771965247615482,0.0011531606326639354,1,100.20803797597524,0,0.10623594163925053,0.04437820799648762,3.0020000000000002,1,1.1873389351315007,0,0.007001337410590656,0.010923684982117265,0.0,"[[0, 0.0], [1, 0.0], [2, 0.0], [3, 0.0], [4, 0.0], [5, 0.0], [6, 0.0], [7, 0.0]]",8,83.39716327914148,0,1,1,0.2461497540185002,lhs_main
299,241,2026-09-21T15:19:20,83.87324604538614,0.5914254716734405,0.005910074276645472,1,1.1871250921832324,0,0.0005524788966797861,0.006294948048889637,0.0,1,1.1861478622019184,0,0.01358213044400078,0.009094098990317434,0.0,"[[0, 0.0], [1, 0.0], [2, 0.0], [3, 0.0], [4, 0.0], [5, 0.0], [6, 0.0], [7, 0.0]]",8,0.0008238686022667588,1,1,1,1.4446662497749347,lhs_main
300,242,2026-09-21T15:19:20,40.104498825274455,0.5861339944115425,0.0043695467540485755,1,1.1992083283863226,0,0.0017857794121758149,0.005932066997047514,0.0,1,1.1917775159192912,0,0.6438439686588528,0.009382380987517536,0.0,"[[0, 0.0], [1, 0.0], [2, 0.0], [3, 0.0], [4, 0.0], [5, 0.0], [6, 0.0], [7, 0.0]]",8,0.0062350668373699234,1,1,1,1.5816377313653571,lhs_main
301,243,2026-09-21T15:19:20,59.65586081065633,0.5536515042870309,0.003907487917268189,1,1.1961802875190746,0,0.0012881087317364647,0.006039443949703127,0.0,1,1.1904737195486923,0,0.014257861989781047,0.0093992649926804,0.0,"[[0, 0.0], [1, 0.0], [2, 0.0], [3, 0.0], [4, 0.0], [5, 0.0], [6, 0.0], [7, 0.0]]",8,0.004793527044465649,1,1,1,1.556312976982331,lhs_main
302,244,2026-09-21T15:19:20,41.426639712347615,0.776040254300343,0.0023082813839520994,1,1.198624561779805,0,0.0033670152590161394,0.00587493198690936,0.0,1,1.1865946387296396,0,0.009625183877239344,0.011484382033813745,0.0,"[[0, 0.0], [1, 0.0], [2, 0.0], [3, 0.0], [4, 0.0], [5, 0.0], [6, 0.0], [7, 0.0]]",8,0.010138190968943394,1,1,1,1.9548110615413885,lhs_main
298,240,2026-09-21T15:19:20,113.7985371087414,0.7940107690507588,0.003332751464548818,1,114.62100005810598,0,0.001861796479863229,0.04972600605105981,3.42,1,1.2054746521230522,0,0.01109911378163787,0.009634700021706522,0.0,"[[0, 0.0], [1, 0.0], [2, 0.0], [3, 0.0], [4, 0.0], [5, 0.0], [6, 0.0], [7, 0.0]]",8,94.08370819431026,0,1,1,0.19375575854238905,lhs_main
303,245,2026-09-21T15:19:20,20.911982260094526,0.7306256546766242,0.0020855343614482823,1,1.1960345411299886,0,0.003241084917395349,0.0060099149704910815,0.0,1,1.187368841611068,0,0.0027246796263143834,0.010401164996437728,0.0,"[[0, 0.0], [1, 0.0], [2, 0.0], [3, 0.0], [4, 0.0], [5, 0.0], [6, 0.0], [7, 0.0]]",8,0.0072982372580728625,1,1,1,1.7306675797424518,lhs_main
304,246,2026-09-21T15:19:20,112.00603697665889,0.19242159068599574,0.004923388348072193,1,1.2314714399573636,0,0.0012165702543827624,0.005995800951495767,0.0,1,1.619790103937037,0,0.013571020606578393,0.0103846580022946,0.0,"[[0, 0.0], [1, 0.0], [2, 0.0], [3, 0.0], [4, 0.0], [5, 0.0], [6, 0.0], [7, 0.0]]",8,0.23973394024067193,0,1,1,1.7319884509681645,lhs_main
305,247,2026-09-21T15:19:20,29.653249300512414,0.20115002304689064,0.004986456114218991,1,1.231323767453033,0,0.001140041966970395,0.005909757979679853,0.0,1,1.559214443961735,0,0.8374297325735371,0.009604027029126883,0.0,"[[0, 0.0], [1, 0.0], [2, 0.0], [3, 0.0], [4, 0.0], [5, 0.0], [6, 0.0], [7, 0.0]]",8,0.21029222617742038,0,1,1,1.6251134246359034,lhs_main
307,249,2026-09-21T15:19:20,39.10206005163662,0.23722024376270712,0.005704560424700902,1,1.2402620304177117,0,0.0010013381152943238,0.005995844025164843,0.0,1,1.7706602135600318,0,0.15247286473818544,0.009339486015960574,0.0,"[[0, 0.0], [1, 0.0], [2, 0.0], [3, 0.0], [4, 0.0], [5, 0.0], [6, 0.0], [7, 0.0]]",8,0.2995482583730273,0,1,1,1.5576599352421956,lhs_main
308,250,2026-09-21T15:19:20,101.20441660418524,0.6090237935969284,0.006099301085591041,1,1.1881912392078264,0,0.000535549180526277,0.006018765969201922,0.0,1,1.1868927696472875,0,0.010106234980225845,0.009090139996260405,0.0,"[[0, 0.0], [1, 0.0], [2, 0.0], [3, 0.0], [4, 0.0], [5, 0.0], [6, 0.0], [7, 0.0]]",8,0.0010940074737541686,1,1,1,1.5102996266634605,lhs_main
306,248,2026-09-21T15:19:20,55.375226045027155,0.5073426742556,0.0008835625099595331,1,56.20837013598122,0,0.008404715109390847,0.026070850028190762,1.726,1,1.1861731804409283,0,0.00524993219499528,0.01006291899830103,0.0,"[[0, 0.0], [1, 0.0], [2, 0.0], [3, 0.0], [4, 0.0], [5, 0.0], [6, 0.0], [7, 0.0]]",8,46.38631007918022,0,1,1,0.38598354052207196,lhs_main
311,253,2026-09-21T15:19:20,68.52545953173865,0.19933182213876063,0.002158251483342167,0,11.454435991359436,1,0.0016099595511238603,0.0015589399845339358,0.0,1,1.1854669355612835,0,0.0006642025558373329,0.0098375310190022,0.0,"[[0, 0.0], [1, 0.0], [2, 0.0], [3, 0.0], [4, 0.0], [5, 0.0], [6, 0.0], [7, 0.0]]",8,8.66238335946173,0,0,0,6.310397524342959,lhs_main
309,251,2026-09-21T15:19:20,43.38303614553763,0.7838223536058072,0.00022716704340822842,1,44.20817703687839,0,0.001316815187696576,0.02153458504471928,1.3780000000000001,0,5.856854536611761,1,0.07453929775038771,0.015153757005464286,0.0,"[[0, 0.0], [1, 0.0], [2, 0.0], [3, 0.0], [4, 0.0], [5, 0.0], [6, 0.0], [7, 0.234]]",8,6.54810910199815,0,0,0,0.7036939404216799,lhs_main
310,252,2026-09-21T15:19:20,35.01505966655602,0.5566483836731356,0.001519408468364781,1,1.1906947768212894,0,0.0007812798547524862,0.005982709990348667,0.0,1,1.1863925030268778,0,0.0007835897501137253,0.009933302993886173,0.0,"[[0, 0.0], [1, 0.0], [2, 0.0], [3, 0.0], [4, 0.0], [5, 0.0], [6, 0.0], [7, 0.0]]",8,0.0036263494445852437,1,1,1,1.6603350337740956,lhs_main
312,254,2026-09-21T15:19:20,89.6649388742665,0.2838014385251636,0.006531620469075974,1,1.2483487405248452,0,0.0014363479596671868,0.006145832012407482,0.0,1,1.298338009179192,0,0.1136102529498495,0.009878939017653465,0.0,"[[0, 0.0], [1, 0.0], [2, 0.0], [3, 0.0], [4, 0.0], [5, 0.0], [6, 0.0], [7, 0.0]]",8,0.03850250728309956,1,1,1,1.6074209314067518,lhs_main
313,255,2026-09-21T15:19:20,107.42690869038887,0.15636479594413288,0.007507186054526294,1,1.3112339627637961,0,0.00032951421308643,0.005906072037760168,0.0,1,1.677958473006599,0,0.011551117336536467,0.009628831001464278,0.0,"[[0, 0.0], [1, 0.0], [2, 0.0], [3, 0.0], [4, 0.0], [5, 0.0], [6, 0.0], [7, 0.0]]",8,0.21855398458443298,0,1,1,1.6303273884745801,lhs_main
314,256,2026-09-21T15:19:20,25.790207258035345,0.4132716507893822,0.005014049635625997,1,1.1918520829762769,0,0.0009981001452106612,0.005864785984158516,0.0,1,1.73855630893631,0,0.02134713284179224,0.009485898015554994,0.0,"[[0, 0.0], [1, 0.0], [2, 0.0], [3, 0.0], [4, 0.0], [5, 0.0], [6, 0.0], [7, 0.0]]",8,0.31445873978883077,0,1,1,1.6174329363727051,lhs_main
315,257,2026-09-21T15:19:20,22.828374939075037,0.5521936998250845,0.0027597659305261387,1,1.2039425505521466,0,0.003464997223233919,0.005872729001566768,0.0,1,1.1863330877643241,0,0.0018685040948839928,0.009518667007796466,0.0,"[[0, 0.0], [1, 0.0], [2, 0.0], [3, 0.0], [4, 0.0], [5, 0.0], [6, 0.0], [7, 0.0]]",8,0.014843607557981872,1,1,1,1.6208251743366686,lhs_main
316,258,2026-09-21T15:19:20,46.26454252012712,0.2539585497952199,0.0054975783110791454,1,1.2318023702679175,0,0.0012091176818432958,0.006407338951248676,0.0,1,1.2684948126220463,0,0.0926501299921325,0.00959104299545288,0.0,"[[0, 0.0], [1, 0.0], [2, 0.0], [3, 0.0], [4, 0.0], [5, 0.0], [6, 0.0], [7, 0.0]]",8,0.028925969573563803,1,1,1,1.4968839745217097,lhs_main
317,259,2026-09-21T15:19:20,38.820873023723266,0.7276597420676019,0.0052921974661862305,1,1.248543708287615,0,0.0051355518754825765,0.006137303018476814,0.0,0,1.2212125683862454,1,0.01863494802421027,0.007369061990175396,0.0,"[[0, 0.0], [1, 0.0], [2, 0.0], [3, 0.0], [4, 0.0], [5, 0.0], [6, 0.0], [7, 0.0]]",8,0.02238032968943806,0,0,0,1.2007003675702959,lhs_main
319,261,2026-09-21T15:19:20,86.74021126977621,0.7109735516487636,0.004345648958916035,1,1.23246596287435,0,0.005547954708574744,0.005919207993429154,0.0,0,1.2143194615377821,1,0.028180715413999274,0.007227453985251486,0.0,"[[0, 0.0], [1, 0.0], [2, 0.0], [3, 0.0], [4, 0.0], [5, 0.0], [6, 0.0], [7, 0.0]]",8,0.014943762256422672,0,0,0,1.2210170673635057,lhs_main
320,262,2026-09-21T15:19:20,54.545034989848986,0.39135881941295936,0.004828998501088968,1,1.19336505708433,0,0.000802189620004361,0.0061312500038184226,0.0,1,1.4969996985695775,0,0.017515429659983546,0.00938801997108385,0.0,"[[0, 0.0], [1, 0.0], [2, 0.0], [3, 0.0], [4, 0.0], [5, 0.0], [6, 0.0], [7, 0.0]]",8,0.2028287926680135,0,1,1,1.531175529498418,lhs_main
318,260,2026-09-21T15:19:20,70.02944377407361,0.3641127560072267,0.002066346485261695,1,70.82859349360928,0,0.0014760640031495926,0.03254000697052106,2.15,1,1.1856445827952518,0,0.009259616908847303,0.009254142991267145,0.0,"[[0, 0.0], [1, 0.0], [2, 0.0], [3, 0.0], [4, 0.0], [5, 0.0], [6, 0.0], [7, 0.0]]",8,58.738470129577294,0,1,1,0.2843927783927871,lhs_main
323,265,2026-09-21T15:19:20,118.51841160977374,0.42460845021075855,0.0060708020491260315,1,1.200927235126124,0,0.0008048582304507325,0.005919472954701632,0.0,1,1.3585633035770344,0,0.026358804654652304,0.009852507035247982,0.0,"[[0, 0.0], [1, 0.0], [2, 0.0], [3, 0.0], [4, 0.0], [5, 0.0], [6, 0.0], [7, 0.0]]",8,0.11603144883706332,0,1,1,1.6644230171577143,lhs_main
324,266,2026-09-21T15:19:20,23.200483992547415,0.3580187665858311,0.0049984765945533865,1,1.200779250212897,0,0.0009434067981103073,0.006133029994089156,0.0,1,1.184986437473847,0,0.04670520157058878,0.009251773008145392,0.0,"[[0, 0.0], [1, 0.0], [2, 0.0], [3, 0.0], [4, 0.0], [5, 0.0], [6, 0.0], [7, 0.0]]",8,0.01332742066881136,1,1,1,1.5085158587292078,lhs_main
321,263,2026-09-21T15:19:20,92.38303768175284,0.2311213022860361,0.002372517773637735,1,93.17205737746815,0,0.001392963457715191,0.041474131983704865,2.798,1,1.1853468304801806,0,0.05611319358035815,0.009702428011223674,0.0,"[[0, 0.0], [1, 0.0], [2, 0.0], [3, 0.0], [4, 0.0], [5, 0.0], [6, 0.0], [7, 0.0]]",8,77.6032028614987,0,1,1,0.23393926640913776,lhs_main
322,264,2026-09-21T15:19:20,95.83851367880474,0.7146017592819065,0.0023632582070878217,1,96.69068802238895,0,0.0029891179292636815,0.04263008799171075,2.9,1,1.187416956691367,0,0.0009172959775840806,0.010503726021852344,0.0,"[[0, 0.0], [1, 0.0], [2, 0.0], [3, 0.0], [4, 0.0], [5, 0.0], [6, 0.0], [7, 0.0]]",8,80.42943174048067,0,1,1,0.2463923138956399,lhs_main
325,267,2026-09-21T15:19:20,42.52152618141564,0.5789185817356003,0.004776049334461915,1,1.1931223619652787,0,0.0010199096767860073,0.00600490701617673,0.0,1,1.1922233589449813,0,0.149120200793344,0.009295715019106865,0.0,"[[0, 0.0], [1, 0.0], [2, 0.0], [3, 0.0], [4, 0.0], [5, 0.0], [6, 0.0], [7, 0.0]]",8,0.0007540558684346461,1,1,1,1.5480198101427658,lhs_main
328,270,2026-09-21T15:19:20,77.87309194700964,0.3501193905526695,0.0058972738916559155,1,1.2162891238508744,0,0.0015140716779030354,0.005976518034003675,0.0,1,1.4353463492792424,0,0.025048880599111496,0.009220398962497711,0.0,"[[0, 0.0], [1, 0.0], [2, 0.0], [3, 0.0], [4, 0.0], [5, 0.0], [6, 0.0], [7, 0.0]]",8,0.15261628354603568,0,1,1,1.542771043279352,lhs_main
326,268,2026-09-21T15:19:20,63.973126617337385,0.7574884701515212,0.0014549253332984359,1,64.75997907711609,0,0.00668675114954027,0.029967841983307153,1.974,1,1.1871609821452562,0,0.007513883490492884,0.010736603988334537,0.0,"[[0, 0.0], [1, 0.0], [2, 0.0], [3, 0.0], [4, 0.0], [5, 0.0], [6, 0.0], [7, 0.0]]",8,53.55029271606596,0,1,1,0.35827084226869244,lhs_main
330,272,2026-09-21T15:19:20,79.54309182497764,0.2863442044817178,0.00774023844612991,1,1.2810124516811041,0,0.0010146427497046751,0.006054940982721746,0.0,1,1.6784469912953635,0,0.011551082552476633,0.009544511034619063,0.0,"[[0, 0.0], [1, 0.0], [2, 0.0], [3, 0.0], [4, 0.0], [5, 0.0], [6, 0.0], [7, 0.0]]",8,0.23678706666067187,0,1,1,1.5763177645917743,lhs_main
329,271,2026-09-21T15:19:20,76.40815814543109,0.45034725162979516,0.0004553462938088808,1,77.24280897058345,0,0.0032265458755731287,0.0349454460083507,2.336,1,1.186001158523165,0,0.000680923696947751,0.009894541988614947,0.0,"[[0, 0.0], [1, 0.0], [2, 0.0], [3, 0.0], [4, 0.0], [5, 0.0], [6, 0.0], [7, 0.0]]",8,64.1287803687881,0,1,1,0.28314252982349997,lhs_main
333,275,2026-09-21T15:19:20,65.34012334169704,0.7912620791137228,0.006186840122445301,1,1.2743001169345618,0,0.005637687875110353,0.00595847301883623,0.0,0,1.2354855867670678,1,0.018605309426328057,0.006844061019364744,0.0,"[[0, 0.0], [1, 0.0], [2, 0.0], [3, 0.0], [4, 0.0], [5, 0.0], [6, 0.0], [7, 0.0]]",8,0.031416416818800114,0,0,0,1.1486266695727156,lhs_main
327,269,2026-09-21T15:19:20,97.15960419246225,0.31277526370660014,8.747521335997385e-06,1,98.00141549153527,0,0.0010764008715088444,0.044080485007725656,2.938,0,82.54113339867042,1,0.060532990840332895,0.05401642998913303,0.548,"[[5, 0.548], [3, 0.556], [2, 0.56], [6, 0.5640000000000001], [1, 0.5680000000000001], [4, 0.5680000000000001], [7, 0.5680000000000001], [0, 0.5720000000000001]]",8,0.18730397144163613,0,0,0,1.2254046202002082,lhs_main
332,274,2026-09-21T15:19:20,62.051536410116405,0.3007729572881708,0.0016535449726558483,1,62.896829592496175,0,0.0009585966232217334,0.029692975978832692,1.92,1,1.1854939111950105,0,0.0014775929448303503,0.009493952034972608,0.0,"[[0, 0.0], [1, 0.0], [2, 0.0], [3, 0.0], [4, 0.0], [5, 0.0], [6, 0.0], [7, 0.0]]",8,52.05537970169281,0,1,1,0.3197373022407921,lhs_main
331,273,2026-09-21T15:19:20,99.93493145389667,0.7539273092598079,0.0002795273271154388,1,100.75990867961703,0,0.0028775453989199683,0.0448771680239588,3.0180000000000002,1,1.1855344559573993,0,0.011391477825787854,0.015676980023272336,0.0,"[[0, 0.0], [1, 0.0], [2, 0.0], [3, 0.0], [4, 0.0], [5, 0.0], [6, 0.0], [7, 0.0]]",8,83.99112630028672,0,1,1,0.3493308671996144,lhs_main
336,278,2026-09-21T15:19:20,104.11232274828315,0.5025332397679786,0.00408008477201704,0,21.212946413106128,1,0.050654590651941826,0.0013955020112916827,0.0,1,1.1849324472887328,0,0.009142531201129242,0.008994214003905654,0.0,"[[0, 0.0], [1, 0.0], [2, 0.0], [3, 0.0], [4, 0.0], [5, 0.0], [6, 0.0], [7, 0.0]]",8,16.902241146019662,0,0,0,6.445145855132498,lhs_main
335,277,2026-09-21T15:19:20,27.887702121117123,0.4432912358048021,0.005219458814249989,1,1.1895397484288768,0,0.0012442855775466196,0.006094879005104303,0.0,1,1.185247682668884,0,0.034823405384489345,0.009169352997560054,0.0,"[[0, 0.0], [1, 0.0], [2, 0.0], [3, 0.0], [4, 0.0], [5, 0.0], [6, 0.0], [7, 0.0]]",8,0.0036212395288789585,1,1,1,1.5044356073157414,lhs_main
337,279,2026-09-21T15:19:20,112.26508050460419,0.600059506179635,0.006145559136492493,1,1.1869990080925557,0,0.0005490194474528224,0.005890709988307208,0.0,1,1.186348496786132,0,0.012044838997809114,0.009175444021821022,0.0,"[[0, 0.0], [1, 0.0], [2, 0.0], [3, 0.0], [4, 0.0], [5, 0.0], [6, 0.0], [7, 0.0]]",8,0.000548330703992922,1,1,1,1.5576125866039683,lhs_main
334,276,2026-09-21T15:19:20,78.56891168718332,0.632175959888593,0.002411468049067998,1,79.38028380001813,0,0.10847991187144747,0.0361887090257369,2.398,1,1.1868728277812772,0,0.004848134521053162,0.010134219017345458,0.0,"[[0, 0.0], [1, 0.0], [2, 0.0], [3, 0.0], [4, 0.0], [5, 0.0], [6, 0.0], [7, 0.0]]",8,65.88187811023569,0,1,1,0.28003814698496554,lhs_main
338,280,2026-09-21T15:19:20,78.04248203275412,0.3769407489170651,0.004695005268260199,1,1.1942262785034554,0,0.0008057391979973152,0.005959270987659693,0.0,1,1.5868610875686253,0,0.5601333272035014,0.00974454398965463,0.0,"[[0, 0.0], [1, 0.0], [2, 0.0], [3, 0.0], [4, 0.0], [5, 0.0], [6, 0.0], [7, 0.0]]",8,0.2474285948159215,0,1,1,1.6351906147301214,lhs_main
340,282,2026-09-21T15:19:20,72.49745358713997,0.6103938385099852,0.004191426515977309,1,1.2094682089093338,0,0.0031119146082552586,0.005966968019492924,0.0,1,1.1990448708640338,0,1.0371274608964225,0.009655498957727104,0.0,"[[0, 0.0], [1, 0.0], [2, 0.0], [3, 0.0], [4, 0.0], [5, 0.0], [6, 0.0], [7, 0.0]]",8,0.008693034179604113,1,1,1,1.618158321979348,lhs_main
341,283,2026-09-21T15:19:20,91.00804509553416,0.3266557962422178,0.0032793427345071224,0,17.27131716794493,1,176.99637188110418,0.0016133959870785475,0.0,1,1.2957963522277178,0,0.00701894287631955,0.009492126002442092,0.0,"[[0, 0.0], [1, 0.0], [2, 0.0], [3, 0.0], [4, 0.0], [5, 0.0], [6, 0.0], [7, 0.0]]",8,12.328728035275207,0,0,0,5.88332069650795,lhs_main
339,281,2026-09-21T15:19:20,71.9796211685371,0.24468590902281043,0.0010887144091489948,1,72.8288194808647,0,0.06505610947739061,0.033071670040953904,2.208,1,1.185340580876289,0,0.1015602761694285,0.009806395042687654,0.0,"[[0, 0.0], [1, 0.0], [2, 0.0], [3, 0.0], [4, 0.0], [5, 0.0], [6, 0.0], [7, 0.0]]",8,60.44126055907442,0,1,1,0.2965194993341438,lhs_main
342,284,2026-09-21T15:19:20,78.350786677699,0.1951082573925143,0.006296718114521412,1,1.2650148800009169,0,0.001368748444149079,0.006072682037483901,0.0,1,1.2659749546951458,0,0.011277719583089292,0.009328829997684807,0.0,"[[0, 0.0], [1, 0.0], [2, 0.0], [3, 0.0], [4, 0.0], [5, 0.0], [6, 0.0], [7, 0.0]]",8,0.0007583678418504462,1,1,1,1.5361960234542476,lhs_main
343,285,2026-09-21T15:19:20,54.09678243974858,0.11916240207135999,0.0023511846322788023,1,1.196900414325862,0,0.0002285766323221684,0.006246535980608314,0.0,1,1.1854828851741532,0,0.00023858968600053957,0.009468654985539615,0.0,"[[0, 0.0], [1, 0.0], [2, 0.0], [3, 0.0], [4, 0.0], [5, 0.0], [6, 0.0], [7, 0.0]]",8,0.009631121034726194,1,1,1,1.5158249332004194,lhs_main
346,288,2026-09-21T15:19:20,43.921174844564376,0.2926167465137032,0.0022399734286772032,1,1.1861691221903197,0,0.0008180828993814677,0.006071039009839296,0.0,1,1.1856277833275275,0,0.0050302365695763,0.009215380996465683,0.0,"[[0, 0.0], [1, 0.0], [2, 0.0], [3, 0.0], [4, 0.0], [5, 0.0], [6, 0.0], [7, 0.0]]",8,0.0004565841576965049,1,1,1,1.5179248529832159,lhs_main
347,289,2026-09-21T15:19:20,112.77758592580025,0.7665921296107628,0.00622398027099981,1,1.2548628272021225,0,0.007468436682378983,0.005857988027855754,0.0,0,1.2242385640482998,1,0.016993127570701646,0.007026530045550317,0.0,"[[0, 0.0], [1, 0.0], [2, 0.0], [3, 0.0], [4, 0.0], [5, 0.0], [6, 0.0], [7, 0.0]]",8,0.02501494729307882,0,0,0,1.1994783895320273,lhs_main
344,286,2026-09-21T15:19:20,114.97767992635016,0.4830616938708142,0.0010230315447867756,1,115.79444318562977,0,0.021825063843681044,0.05088739300845191,3.454,1,1.186087926060094,0,0.0009402940920818137,0.009646629972849041,0.0,"[[0, 0.0], [1, 0.0], [2, 0.0], [3, 0.0], [4, 0.0], [5, 0.0], [6, 0.0], [7, 0.0]]",8,96.6272000089165,0,1,1,0.18956817008186738,lhs_main
345,287,2026-09-21T15:19:20,112.86036205487802,0.18231017124186527,0.0001711668548994618,1,113.65657667434552,0,0.0007824153361720759,0.050022260984405875,3.392,1,1.185420501237242,0,0.0007117387369804104,0.009737072046846151,0.0,"[[0, 0.0], [1, 0.0], [2, 0.0], [3, 0.0], [4, 0.0], [5, 0.0], [6, 0.0], [7, 0.0]]",8,94.87870005261453,0,1,1,0.1946547767979065,lhs_main
350,292,2026-09-21T15:19:20,56.34793029131695,0.39074851338264527,0.005804120274351547,1,1.2049292057250782,0,0.0008780397453025489,0.006108886038418859,0.0,1,1.3899148813077107,0,2.0241194190823806,0.010284388961736113,0.0,"[[0, 0.0], [1, 0.0], [2, 0.0], [3, 0.0], [4, 0.0], [5, 0.0], [6, 0.0], [7, 0.0]]",8,0.13309136988920317,0,1,1,1.6835129837187115,lhs_main
351,293,2026-09-21T15:19:20,95.70402731988979,0.7696434382992777,0.0031003479539925853,0,14.805683958939772,1,0.16646968471163917,0.0013910279958508909,0.0,1,1.203045733708383,0,0.0036649895172959357,0.009902434947434813,0.0,"[[0, 0.0], [1, 0.0], [2, 0.0], [3, 0.0], [4, 0.0], [5, 0.0], [6, 0.0], [7, 0.0]]",8,11.30683385019896,0,0,0,7.118789109185038,lhs_main
348,290,2026-09-21T15:19:20,118.29836652883742,0.6117146971908899,0.0003626704934238298,1,119.10486438419308,0,0.027454910370377308,0.05271978402743116,3.5500000000000003,0,13.834379788235204,1,0.03310752246023289,0.0029702449683099985,0.0,"[[0, 0.0], [1, 0.0], [2, 0.0], [3, 0.0], [4, 0.0], [5, 0.0], [6, 0.0], [7, 0.0]]",8,7.609338922839186,0,0,0,0.056340233995733374,lhs_main
349,291,2026-09-21T15:19:20,103.51373459597072,0.5637071864074629,0.002482540740700561,1,104.34602882307114,0,0.11024780796612546,0.046154985029716045,3.122,1,1.186383580450897,0,0.005963104216674217,0.009637869021389633,0.0,"[[0, 0.0], [1, 0.0], [2, 0.0], [3, 0.0], [4, 0.0], [5, 0.0], [6, 0.0], [7, 0.0]]",8,86.95302846606607,0,1,1,0.20881534281041295,lhs_main
352,294,2026-09-21T15:19:20,48.733852851589035,0.6712974615353753,0.003935222891362449,1,1.2239042267997189,0,0.004926296986440688,0.0059884749935008585,0.0,0,1.2095026480460098,1,0.030030414530145294,0.007840667036361992,0.0,"[[0, 0.0], [1, 0.0], [2, 0.0], [3, 0.0], [4, 0.0], [5, 0.0], [6, 0.0], [7, 0.0]]",8,0.011907025401701498,0,0,0,1.3092927740152995,lhs_main
353,295,2026-09-21T15:19:20,96.10784607895208,0.24180381874176454,0.006269592735815081,1,1.253115825422474,0,0.0009883276602772597,0.005980645015370101,0.0,1,1.693383177281705,0,0.07182381311350619,0.009558666031807661,0.0,"[[0, 0.0], [1, 0.0], [2, 0.0], [3, 0.0], [4, 0.0], [5, 0.0], [6, 0.0], [7, 0.0]]",8,0.25999275164996505,0,1,1,1.5982667433432582,lhs_main
354,296,2026-09-21T15:19:20,61.7905251959989,0.24960651247970608,0.0025292988289035093,1,1.1897729317546517,0,0.0009747441941672376,0.006056416023056954,0.0,1,1.1853469547755249,0,0.010835142920980086,0.00949790800223127,0.0,"[[0, 0.0], [1, 0.0], [2, 0.0], [3, 0.0], [4, 0.0], [5, 0.0], [6, 0.0], [7, 0.0]]",8,0.0037339084234328697,1,1,1,1.5682390321392148,lhs_main
356,298,2026-09-21T15:19:20,45.17787410648756,0.17893179099872042,0.0019161337774601746,1,1.1897960339828615,0,0.0011998729495538713,0.005921909993048757,0.0,1,1.18547168834017,0,0.000706123698880854,0.00978922500507906,0.0,"[[0, 0.0], [1, 0.0], [2, 0.0], [3, 0.0], [4, 0.0], [5, 0.0], [6, 0.0], [7, 0.0]]",8,0.0036477848313242107,1,1,1,1.6530519742059278,lhs_main
357,299,2026-09-21T15:19:20,24.286157589913863,0.10757372646412743,0.0012824090346705637,1,1.1884425363047395,0,0.000154995357862382,0.006071467010769993,0.0,1,1.1854852347642666,0,0.0003155901793642114,0.009590666042640805,0.0,"[[0, 0.0], [1, 0.0], [2, 0.0], [3, 0.0], [4, 0.0], [5, 0.0], [6, 0.0], [7, 0.0]]",8,0.002494591626913827,1,1,1,1.5796291119803847,lhs_main
358,300,2026-09-21T15:19:20,82.79905172141764,0.7330052827569207,0.0038780940946171686,1,1.2234417044626444,0,0.00399077345947597,0.005991883983369917,0.0,1,1.2102775238868333,0,0.01378197680818592,0.010132235009223223,0.0,"[[0, 0.0], [1, 0.0], [2, 0.0], [3, 0.0], [4, 0.0], [5, 0.0], [6, 0.0], [7, 0.0]]",8,0.010876993347388694,1,1,1,1.6909931896786687,lhs_main
359,301,2026-09-21T15:19:20,28.76745130277901,0.6743178876566106,0.004578312135331351,1,1.2314646613502243,0,0.004347017960748851,0.005896743037737906,0.0,0,1.2122352290713856,1,0.02003855922768211,0.00782356399577111,0.0,"[[0, 0.0], [1, 0.0], [2, 0.0], [3, 0.0], [4, 0.0], [5, 0.0], [6, 0.0], [7, 0.0]]",8,0.01586278951286466,0,0,0,1.3267602040146498,lhs_main
355,297,2026-09-21T15:19:20,117.99814804363577,0.34193634923526417,0.0002714994637935737,1,118.82900308535513,0,0.002950656613055298,0.052487846987787634,3.5420000000000003,1,1.1855279251094994,0,0.014892537752809652,0.009880191995762289,0.0,"[[0, 0.0], [1, 0.0], [2, 0.0], [3, 0.0], [4, 0.0], [5, 0.0], [6, 0.0], [7, 0.0]]",8,99.23298529587962,0,1,1,0.18823770763661,lhs_main
360,302,2026-09-21T15:19:20,32.149147303249165,0.31431368884673627,0.003144728681115222,1,1.1889522525457759,0,0.0008033620089567349,0.00607560301432386,0.0,1,1.738382953751497,0,0.06607365855552323,0.009288949950132519,0.0,"[[0, 0.0], [1, 0.0], [2, 0.0], [3, 0.0], [4, 0.0], [5, 0.0], [6, 0.0], [7, 0.0]]",8,0.31605849563816113,0,1,1,1.52889349884001,lhs_main
362,304,2026-09-21T15:19:20,45.43736813083598,0.6987542412350403,0.007315212583644136,1,1.1981191709448313,0,0.0013888190575891126,0.005931667983531952,0.0,1,1.1921204195634385,0,0.22599481561777274,0.009223949979059398,0.0,"[[0, 0.0], [1, 0.0], [2, 0.0], [3, 0.0], [4, 0.0], [5, 0.0], [6, 0.0], [7, 0.0]]",8,0.0050320011996687454,1,1,1,1.5550347734680676,lhs_main
363,305,2026-09-21T15:19:20,41.67985321622747,0.22709710202668446,0.0022493755824993726,1,1.189366612991578,0,0.0011190273941919934,0.006112667033448815,0.0,1,1.185354198370289,0,0.0538654548529102,0.009738287015352398,0.0,"[[0, 0.0], [1, 0.0], [2, 0.0], [3, 0.0], [4, 0.0], [5, 0.0], [6, 0.0], [7, 0.0]]",8,0.0033849921203346163,1,1,1,1.5931322550474305,lhs_main
364,306,2026-09-21T15:19:20,95.13647287312729,0.6654906482496875,0.007279522643678405,1,1.1897916359960483,0,0.0005031684539311916,0.00587424699915573,0.0,1,1.1883549018379012,0,0.011680631808222404,0.009163838985841721,0.0,"[[0, 0.0], [1, 0.0], [2, 0.0], [3, 0.0], [4, 0.0], [5, 0.0], [6, 0.0], [7, 0.0]]",8,0.0012090110083486966,1,1,1,1.5600023266231033,lhs_main
361,303,2026-09-21T15:19:20,93.07931510913333,0.7734214906529354,0.0005382154227417728,1,93.93240635698335,0,0.003616866628380654,0.04183820198522881,2.82,1,1.1873620471483868,0,0.006086083187049877,0.011589111003559083,0.0,"[[0, 0.0], [1, 0.0], [2, 0.0], [3, 0.0], [4, 0.0], [5, 0.0], [6, 0.0], [7, 0.0]]",8,78.11016406712253,0,1,1,0.2769983042686843,lhs_main
365,307,2026-09-21T15:19:20,50.73070426891857,0.37157335219305554,0.0027333521958786914,1,1.1855020040766595,0,0.0006041650425349998,0.006015828985255212,0.0,1,1.1854712166455408,0,0.010181384021518722,0.009629544045310467,0.0,"[[0, 0.0], [1, 0.0], [2, 0.0], [3, 0.0], [4, 0.0], [5, 0.0], [6, 0.0], [7, 0.0]]",8,2.59706272800497e-05,1,1,1,1.600701095212724,lhs_main
366,308,2026-09-21T15:19:20,75.25496333582981,0.20680867227004301,0.003572182713816682,1,1.2050118250999773,0,0.0010803174363077709,0.005935607012361288,0.0,1,1.3109071135178725,0,0.006350243093489295,0.00939236901467666,0.0,"[[0, 0.0], [1, 0.0], [2, 0.0], [3, 0.0], [4, 0.0], [5, 0.0], [6, 0.0], [7, 0.0]]",8,0.08078016155829751,1,1,1,1.5823771680160834,lhs_main
368,310,2026-09-21T15:19:20,73.17479473165068,0.4343987938739623,0.007012910473169125,1,1.2123022588285421,0,0.0007965575343631426,0.005988824996165931,0.0,0,1.370183352135315,1,0.029877129235695955,0.007650731015019119,0.0,"[[0, 0.0], [1, 0.0], [2, 0.0], [3, 0.0], [4, 0.0], [5, 0.0], [6, 0.0], [7, 0.0]]",8,0.1152262527936342,0,0,0,1.2775011826054603,lhs_main
369,311,2026-09-21T15:19:20,21.165411212711586,0.2910897902177852,0.00033613160838514064,1,22.00141587665507,0,0.0029971086930379465,0.012555854977108538,0.734,1,1.185561892534361,0,0.022033553896017573,0.009576701035257429,0.0,"[[0, 0.0], [1, 0.0], [2, 0.0], [3, 0.0], [4, 0.0], [5, 0.0], [6, 0.0], [7, 0.0]]",8,17.55779610933927,0,1,1,0.7627279108206797,lhs_main
367,309,2026-09-21T15:19:20,69.33656936577401,0.14495397276003524,0.0012224987112315448,1,70.13932602168039,0,0.032655281482478246,0.031954949954524636,2.13,1,1.1854732151333498,0,0.0004318106904102861,0.00978352699894458,0.0,"[[0, 0.0], [1, 0.0], [2, 0.0], [3, 0.0], [4, 0.0], [5, 0.0], [6, 0.0], [7, 0.0]]",8,58.1656775760983,0,1,1,0.3061662438172365,lhs_main
371,313,2026-09-21T15:19:20,76.88307223317315,0.7060223260342742,0.0055376431648039345,1,1.2302642367121288,0,0.0049522188228680155,0.0060007679858244956,0.0,0,1.2099637190860661,1,0.022527657871839194,0.008426375046838075,0.0,"[[0, 0.0], [1, 0.0], [2, 0.0], [3, 0.0], [4, 0.0], [5, 0.0], [6, 0.0], [7, 0.0]]",8,0.01677779036333127,0,0,0,1.404216104795844,lhs_main
370,312,2026-09-21T15:19:20,56.19919847905333,0.19797678827734344,0.000976110646689112,1,57.03590346427699,0,0.001658017211320858,0.026794250996317714,1.75,1,1.1854654157487419,0,0.046011730306268685,0.009804411965887994,0.0,"[[0, 0.0], [1, 0.0], [2, 0.0], [3, 0.0], [4, 0.0], [5, 0.0], [6, 0.0], [7, 0.0]]",8,47.112667570528004,0,1,1,0.3659147616119367,lhs_main
372,314,2026-09-21T15:19:20,36.62392393997446,0.6228493194216441,0.0028380513275222284,1,1.205488976236609,0,0.005022920940657154,0.006058905040845275,0.0,1,1.1868286308934959,0,0.005840345912640151,0.009844908956438303,0.0,"[[0, 0.0], [1, 0.0], [2, 0.0], [3, 0.0], [4, 0.0], [5, 0.0], [6, 0.0], [7, 0.0]]",8,0.015722864158631562,1,1,1,1.6248660261334686,lhs_main
373,315,2026-09-21T15:19:20,49.74536256169982,0.1363292724250792,0.006406486918257745,1,1.279687108791747,0,0.00029673553467957645,0.005935543042141944,0.0,1,1.5641176203860385,0,0.011428355788197142,0.00971644400851801,0.0,"[[0, 0.0], [1, 0.0], [2, 0.0], [3, 0.0], [4, 0.0], [5, 0.0], [6, 0.0], [7, 0.0]]",8,0.18184726512069566,0,1,1,1.6369932691131934,lhs_main
374,316,2026-09-21T15:19:20,103.14104896135945,0.5820709305346755,0.006482620077170518,1,1.1855198126611595,0,0.007456786817670241,0.006246766017284244,0.0,0,1.465678351238613,1,0.015324427851858103,0.007399885973427445,0.0,"[[0, 0.0], [1, 0.0], [2, 0.0], [3, 0.0], [4, 0.0], [5, 0.0], [6, 0.0], [7, 0.0]]",8,0.19114598939166805,0,0,0,1.1845947091587263,lhs_main
375,317,2026-09-21T15:19:20,58.59636789121713,0.34416600071544,0.00281229951136501,1,1.185985560736929,0,0.0007444413465123678,0.0061345339636318386,0.0,1,1.1854313283159061,0,0.006455537730866446,0.00973372400039807,0.0,"[[0, 0.0], [1, 0.0], [2, 0.0], [3, 0.0], [4, 0.0], [5, 0.0], [6, 0.0], [7, 0.0]]",8,0.00046753650572926137,1,1,1,1.5867096112115087,lhs_main
376,318,2026-09-21T15:19:20,65.62522230041924,0.4650448696908135,0.006310227677868234,1,1.1954506520295232,0,0.0010556601483174028,0.005928788043092936,0.0,1,1.6898234269283179,0,0.02936933676347275,0.009308330016210675,0.0,"[[0, 0.0], [1, 0.0], [2, 0.0], [3, 0.0], [4, 0.0], [5, 0.0], [6, 0.0], [7, 0.0]]",8,0.29255883604208427,0,1,1,1.5700223972511413,lhs_main
377,319,2026-09-21T15:19:20,97.68929183198208,0.42284536689991703,0.003653158067782403,0,19.177648659515683,1,0.07632705965582523,0.001355905958916992,0.0,1,1.719820484951574,0,0.02950864171440653,0.0093504210235551,0.0,"[[0, 0.0], [1, 0.0], [2, 0.0], [3, 0.0], [4, 0.0], [5, 0.0], [6, 0.0], [7, 0.0]]",8,10.150959549162296,0,0,0,6.896068980346984,lhs_main
378,320,2026-09-21T15:19:20,96.45484607305691,0.5360062870865528,0.006019865244205044,1,1.1858077483902127,0,0.0005970362243838847,0.005958599038422108,0.0,1,1.8168421598954918,0,0.09029620664343259,0.011336656985804439,0.0,"[[0, 0.0], [1, 0.0], [2, 0.0], [3, 0.0], [4, 0.0], [5, 0.0], [6, 0.0], [7, 0.0]]",8,0.3473248394574779,0,1,1,1.9025708749160088,lhs_main
379,321,2026-09-21T15:19:20,48.203316584801414,0.7784130186569389,0.004039766671169832,1,1.2269009118375802,0,0.004486556326963861,0.006575247971341014,0.0,1,1.2127268686503163,0,0.014134480805318777,0.010069073003251106,0.0,"[[0, 0.0], [1, 0.0], [2, 0.0], [3, 0.0], [4, 0.0], [5, 0.0], [6, 0.0], [7, 0.0]]",8,0.011687745652933916,1,1,1,1.5313601931270633,lhs_main
380,322,2026-09-21T15:19:20,62.79750602441176,0.6476855600211655,0.0053196763189272646,1,1.2066170757568502,0,0.0025586794395573145,0.0063583109877072275,0.0,1,1.1964092523773833,0,0.7848498876443719,0.009457866952288896,0.0,"[[0, 0.0], [1, 0.0], [2, 0.0], [3, 0.0], [4, 0.0], [5, 0.0], [6, 0.0], [7, 0.0]]",8,0.008532049847644487,1,1,1,1.487481026104914,lhs_main
382,324,2026-09-21T15:19:20,24.12099855199189,0.2726443857625071,0.0017736100134981094,1,1.1857049756081008,0,0.000663219537577977,0.0060037520015612245,0.0,1,1.1855299922472118,0,0.030694283328568397,0.009466488030739129,0.0,"[[0, 0.0], [1, 0.0], [2, 0.0], [3, 0.0], [4, 0.0], [5, 0.0], [6, 0.0], [7, 0.0]]",8,0.0001475992695531654,1,1,1,1.5767620028737779,lhs_main
384,326,2026-09-21T15:19:20,85.42820342788845,0.3563223841582013,0.0039006056414796274,1,1.1901510301617377,0,0.0009271701981974513,0.005918882030528039,0.0,1,1.1842982918183171,0,0.04794183490588241,0.00929273699875921,0.0,"[[0, 0.0], [1, 0.0], [2, 0.0], [3, 0.0], [4, 0.0], [5, 0.0], [6, 0.0], [7, 0.0]]",8,0.004941946115986175,1,1,1,1.5700155790958013,lhs_main
383,325,2026-09-21T15:19:20,22.007690074091794,0.4371501815334494,4.480732811360815e-05,1,22.82895203451718,0,0.0005241668341979446,0.012759006989654154,0.758,1,1.185979202620384,0,0.0017314268103980823,0.010207110026385635,0.0,"[[0, 0.0], [1, 0.0], [2, 0.0], [3, 0.0], [4, 0.0], [5, 0.0], [6, 0.0], [7, 0.0]]",8,18.24903234734414,0,1,1,0.7999925099705827,lhs_main
381,323,2026-09-21T15:19:20,116.91840771392789,0.524068299251675,0.0013617654972531937,1,117.7254829000064,0,0.07569550885690254,0.051911432994529605,3.5100000000000002,1,1.186192329369047,0,0.0031901977320562855,0.009865069994702935,0.0,"[[0, 0.0], [1, 0.0], [2, 0.0], [3, 0.0], [4, 0.0], [5, 0.0], [6, 0.0], [7, 0.0]]",8,98.24653868114818,0,1,1,0.19003655699010485,lhs_main
386,328,2026-09-21T15:19:20,40.32418946099254,0.49127617271841084,0.005940132537431684,1,1.188502113840533,0,0.0010719699833574455,0.00605451496085152,0.0,0,1.391709741119848,1,0.021196255503553228,0.007513638003729284,0.0,"[[0, 0.0], [1, 0.0], [2, 0.0], [3, 0.0], [4, 0.0], [5, 0.0], [6, 0.0], [7, 0.0]]",8,0.14601293737859647,0,0,0,1.240997512156209,lhs_main
387,329,2026-09-21T15:19:20,89.05377280466944,0.6309038558179635,0.006982881058901736,1,1.1866802952937188,0,0.001510054847989401,0.005914676992688328,0.0,1,1.1866390498250503,0,0.011611655154784734,0.009332907036878169,0.0,"[[0, 0.0], [1, 0.0], [2, 0.0], [3, 0.0], [4, 0.0], [5, 0.0], [6, 0.0], [7, 0.0]]",8,3.475822633221231e-05,1,1,1,1.5779233673141284,lhs_main
388,330,2026-09-21T15:19:20,70.97907698063905,0.3857344373927708,0.004050150839370864,1,1.1883236187310133,0,0.0011880761503300378,0.006157850963063538,0.0,1,1.7240183352800602,0,0.014117557795399876,0.009262540959753096,0.0,"[[0, 0.0], [1, 0.0], [2, 0.0], [3, 0.0], [4, 0.0], [5, 0.0], [6, 0.0], [7, 0.0]]",8,0.3107244891696731,0,1,1,1.5041840108363018,lhs_main
385,327,2026-09-21T15:19:20,114.10603982236503,0.6673731071336121,0.0024179461482590277,1,114.89748074320175,0,0.116137211041343,0.05034903099294752,3.428,1,1.1872420386063407,0,0.0017178927180341943,0.010269207996316254,0.0,"[[0, 0.0], [1, 0.0], [2, 0.0], [3, 0.0], [4, 0.0], [5, 0.0], [6, 0.0], [7, 0.0]]",8,95.77679614350215,0,1,1,0.20396038997760813,lhs_main
390,332,2026-09-21T15:19:20,50.25127992697847,0.40796760386758535,0.005552332405860684,1,1.1980546414947624,0,0.000815973732579182,0.005839955003466457,0.0,1,1.4367076260386835,0,0.277470209523748,0.010010602010879666,0.0,"[[0, 0.0], [1, 0.0], [2, 0.0], [3, 0.0], [4, 0.0], [5, 0.0], [6, 0.0], [7, 0.0]]",8,0.1661110306777862,0,1,1,1.7141573873321991,lhs_main
391,333,2026-09-21T15:19:20,38.12457106392886,0.26839296245283284,0.004849798862584191,1,1.2159703313138601,0,0.000688029371020945,0.005977071006782353,0.0,1,1.7765643959202677,0,0.21603943675445667,0.009629281994421035,0.0,"[[0, 0.0], [1, 0.0], [2, 0.0], [3, 0.0], [4, 0.0], [5, 0.0], [6, 0.0], [7, 0.0]]",8,0.31554953250991924,0,1,1,1.611036908126809,lhs_main
389,331,2026-09-21T15:19:21,93.24038051283634,0.736860192531975,0.002060729642126697,1,94.06947824841299,0,0.0019292845360183316,0.04190936801023781,2.824,1,1.1870395620089849,0,0.0030934052548906715,0.01087070198263973,0.0,"[[0, 0.0], [1, 0.0], [2, 0.0], [3, 0.0], [4, 0.0], [5, 0.0], [6, 0.0], [7, 0.0]]",8,78.2471298001279,0,1,1,0.25938596783383094,lhs_main
392,334,2026-09-21T15:19:21,43.12107402236998,0.2437532145159605,0.007750260141937628,1,1.2956822145368427,0,0.0010262578294871036,0.006059338978957385,0.0,1,1.3487193965531128,0,0.026425667329162232,0.00997728604124859,0.0,"[[0, 0.0], [1, 0.0], [2, 0.0], [3, 0.0], [4, 0.0], [5, 0.0], [6, 0.0], [7, 0.0]]",8,0.03932410414784262,1,1,1,1.646596448209497,lhs_main
393,335,2026-09-21T15:19:21,47.083802125250386,0.47602720403132537,0.007414371603906116,1,1.2065231140973656,0,0.0007783511123916642,0.0060207979986444116,0.0,1,1.4511439230217242,0,0.2122166528727901,0.012795810995157808,0.0,"[[0, 0.0], [1, 0.0], [2, 0.0], [3, 0.0], [4, 0.0], [5, 0.0], [6, 0.0], [7, 0.0]]",8,0.1685710183831963,0,1,1,2.125268278065266,lhs_main
394,336,2026-09-21T15:19:21,117.4129237260867,0.6201453036407227,0.00420485212510799,0,21.612177171792652,1,0.16572152084375522,0.0017062900005839765,0.0,1,1.2013884664558292,0,0.019455585496232282,0.010674619989003986,0.0,"[[0, 0.0], [1, 0.0], [2, 0.0], [3, 0.0], [4, 0.0], [5, 0.0], [6, 0.0], [7, 0.0]]",8,16.98933298864598,0,0,0,6.256040875437707,lhs_main
396,338,2026-09-21T15:19:21,23.16742569988909,0.3370416130972489,0.0023945683559326576,1,1.1855609645166498,0,0.0005902512109022724,0.0062904939986765385,0.0,1,1.185485696152384,0,0.0015718084844983636,0.009235567005816847,0.0,"[[0, 0.0], [1, 0.0], [2, 0.0], [3, 0.0], [4, 0.0], [5, 0.0], [6, 0.0], [7, 0.0]]",8,6.349158366907094e-05,1,1,1,1.4681783350814617,lhs_main
397,339,2026-09-21T15:19:21,42.00902032162884,0.15845896455649794,0.006526417207918323,1,1.2793005043791987,0,0.00036155476194326086,0.0059714679955504835,0.0,1,1.7615175935444913,0,1.1421634772934373,0.009832184994593263,0.0,"[[0, 0.0], [1, 0.0], [2, 0.0], [3, 0.0], [4, 0.0], [5, 0.0], [6, 0.0], [7, 0.0]]",8,0.2737509355186086,0,1,1,1.6465272864092235,lhs_main
398,340,2026-09-21T15:19:21,38.24929908739995,0.692366549527315,0.0016915501862900563,1,1.1921581076589467,0,0.0005067138529348317,0.005928398983087391,0.0,1,1.1873064393155464,0,0.004160776604244951,0.010504595004022121,0.0,"[[0, 0.0], [1, 0.0], [2, 0.0], [3, 0.0], [4, 0.0], [5, 0.0], [6, 0.0], [7, 0.0]]",8,0.004086281504711799,1,1,1,1.771910938179053,lhs_main
399,341,2026-09-21T15:19:21,45.7595823796709,0.5743399274111806,0.005575647803178136,1,1.1869700731891613,0,0.0005199086835350516,0.0060119060217402875,0.0,1,1.1857983167300532,0,0.012835830987749344,0.009016258991323411,0.0,"[[0, 0.0], [1, 0.0], [2, 0.0], [3, 0.0], [4, 0.0], [5, 0.0], [6, 0.0], [7, 0.0]]",8,0.0009881583086905354,1,1,1,1.4997338545743673,lhs_main
400,342,2026-09-21T15:19:21,25.306316671750643,0.6708367842242037,0.005759277230128169,1,1.2091132913232496,0,0.0027922990814660594,0.0059140369994565845,0.0,1,1.1978800288927678,0,0.2450324684645781,0.009417037013918161,0.0,"[[0, 0.0], [1, 0.0], [2, 0.0], [3, 0.0], [4, 0.0], [5, 0.0], [6, 0.0], [7, 0.0]]",8,0.009377618926383672,1,1,1,1.5923195973889668,lhs_main
395,337,2026-09-21T15:19:21,102.72455880342339,0.3388482502243697,0.0026219022609115803,1,103.5184159709637,0,0.07302943302384068,0.045767126022838056,3.098,1,1.1854477114740323,0,0.007654424331940831,0.009778623993042856,0.0,"[[0, 0.0], [1, 0.0], [2, 0.0], [3, 0.0], [4, 0.0], [5, 0.0], [6, 0.0], [7, 0.0]]",8,86.32432056597827,0,1,1,0.2136604336519463,lhs_main
401,343,2026-09-21T15:19:21,21.303701731934744,0.5928569347133102,0.0002455596927879574,1,22.139264621969883,0,0.0007318267481193171,0.012537606991827488,0.738,1,1.1865499548181286,0,0.006595037696656269,0.010552630003076047,0.0,"[[0, 0.0], [1, 0.0], [2, 0.0], [3, 0.0], [4, 0.0], [5, 0.0], [6, 0.0], [7, 0.0]]",8,17.65851878555196,0,1,1,0.8416781615466709,lhs_main
402,344,2026-09-21T15:19:21,56.70089868867428,0.6080450310963585,0.0028759610193512066,1,1.2059461119182446,0,0.004656455611742572,0.006023727997671813,0.0,1,1.1866921612958765,0,0.003955374260621594,0.009776582999620587,0.0,"[[0, 0.0], [1, 0.0], [2, 0.0], [3, 0.0], [4, 0.0], [5, 0.0], [6, 0.0], [7, 0.0]]",8,0.01622489070909735,1,1,1,1.6230120289958747,lhs_main
403,345,2026-09-21T15:19:21,52.7410452100851,0.4783292750263499,0.0075219726272437665,1,1.2074953292032846,0,0.0007758212826869807,0.005959500034805387,0.0,0,1.3750331391945887,1,0.032299752257526904,0.007449446013197303,0.0,"[[0, 0.0], [1, 0.0], [2, 0.0], [3, 0.0], [4, 0.0], [5, 0.0], [6, 0.0], [7, 0.0]]",8,0.12184274343339652,0,0,0,1.2500119086651824,lhs_main
404,346,2026-09-21T15:19:21,74.61967162928671,0.261021603948449,0.005584282133070328,1,1.2320783139453713,0,0.0013349466421887799,0.0060058090020902455,0.0,1,1.1856265468734768,0,0.032204856517079807,0.009330762026365846,0.0,"[[0, 0.0], [1, 0.0], [2, 0.0], [3, 0.0], [4, 0.0], [5, 0.0], [6, 0.0], [7, 0.0]]",8,0.03917908821659636,1,1,1,1.5536228380087334,lhs_main
405,347,2026-09-21T15:19:21,96.6094001734464,0.657099449003296,0.003229795303425155,0,16.1953938206122,1,0.036080239317923826,0.0013943620142526925,0.0,1,1.2032142835238144,0,0.03459704065326124,0.010231095016933978,0.0,"[[0, 0.0], [1, 0.0], [2, 0.0], [3, 0.0], [4, 0.0], [5, 0.0], [6, 0.0], [7, 0.0]]",8,12.460107681884624,0,0,0,7.33747399337849,lhs_main
407,349,2026-09-21T15:19:21,23.830840608439573,0.5037365413492918,0.006567322169563164,1,1.191264824272101,0,0.0012286838404486468,0.006045754998922348,0.0,0,1.4388945865543146,1,0.03134812916404081,0.007891486980952322,0.0,"[[0, 0.0], [1, 0.0], [2, 0.0], [3, 0.0], [4, 0.0], [5, 0.0], [6, 0.0], [7, 0.0]]",8,0.17209722282381126,0,0,0,1.30529387683738,lhs_main
408,350,2026-09-21T15:19:21,114.36693773532654,0.22844544233583974,0.004253435007600284,0,22.418534639965607,1,0.07275926304167252,0.0015247430419549346,0.0,1,1.2917299960963597,0,0.012517281958498024,0.009450529993046075,0.0,"[[0, 0.0], [1, 0.0], [2, 0.0], [3, 0.0], [4, 0.0], [5, 0.0], [6, 0.0], [7, 0.0]]",8,16.355433958888447,0,0,0,6.198113211868912,lhs_main
406,348,2026-09-21T15:19:21,117.13910669470481,0.2154259424443098,0.0005744483537807124,1,117.93243455108384,0,0.0014269329637834013,0.05193760397378355,3.516,0,15.725524386479101,1,178.97087885594922,0.003201004001311958,0.0,"[[0, 0.0], [1, 0.0], [2, 0.0], [3, 0.0], [4, 0.0], [5, 0.0], [6, 0.0], [7, 0.0]]",8,6.499427787125678,0,0,0,0.061631722613305816,lhs_main
409,351,2026-09-21T15:19:21,103.22961336844104,0.6759820809959144,0.0026922379291596855,1,104.0702737192643,0,0.15049892521232144,0.04643832700094208,3.114,1,1.1872241436695365,0,0.00140634192684783,0.010150181013159454,0.0,"[[0, 0.0], [1, 0.0], [2, 0.0], [3, 0.0], [4, 0.0], [5, 0.0], [6, 0.0], [7, 0.0]]",8,86.65848831004925,0,1,1,0.21857335672220793,lhs_main
410,352,2026-09-21T15:19:21,68.740793427418,0.5082802463080764,0.0017215223205691754,1,69.58751522493304,0,0.08849335829438013,0.031861653027590364,2.114,1,1.1861780017903056,0,0.005979702166276228,0.009449251985643059,0.0,"[[0, 0.0], [1, 0.0], [2, 0.0], [3, 0.0], [4, 0.0], [5, 0.0], [6, 0.0], [7, 0.0]]",8,57.6653226749309,0,1,1,0.2965713039891731,lhs_main
411,353,2026-09-21T15:19:21,81.24799700565119,0.23191870581725563,0.0024766909835597754,1,82.06993034264464,0,0.04835833878219151,0.03701634902972728,2.476,1,1.1853443245847433,0,0.042296944041630834,0.00958414701744914,0.0,"[[0, 0.0], [1, 0.0], [2, 0.0], [3, 0.0], [4, 0.0], [5, 0.0], [6, 0.0], [7, 0.0]]",8,68.23720697898972,0,1,1,0.25891659411770335,lhs_main
414,356,2026-09-21T15:19:21,84.96410158553078,0.15402100489616605,0.007384802251200894,1,1.3075830139723466,0,0.00031779157236397105,0.0058837420074269176,0.0,1,1.7190753257019211,0,0.016484163702156284,0.009364455007016659,0.0,"[[0, 0.0], [1, 0.0], [2, 0.0], [3, 0.0], [4, 0.0], [5, 0.0], [6, 0.0], [7, 0.0]]",8,0.2393684008939846,0,1,1,1.59158151312483,lhs_main
412,354,2026-09-21T15:19:21,54.81169222865238,0.5562310825275789,0.00030566204668122193,1,55.656589371756965,0,0.0007275868488005281,0.026086611032951623,1.71,1,1.186338492586316,0,0.0013070228823580871,0.010465505009051412,0.0,"[[0, 0.0], [1, 0.0], [2, 0.0], [3, 0.0], [4, 0.0], [5, 0.0], [6, 0.0], [7, 0.0]]",8,45.91459454410941,0,1,1,0.4011830051757885,lhs_main
415,357,2026-09-21T15:19:21,81.95094820539535,0.21660565671812962,0.005922378645609565,1,1.2502391022606838,0,0.0011170028606365524,0.006094539014156908,0.0,1,1.4842484590932226,0,0.02774560446829103,0.009521764994133264,0.0,"[[0, 0.0], [1, 0.0], [2, 0.0], [3, 0.0], [4, 0.0], [5, 0.0], [6, 0.0], [7, 0.0]]",8,0.15766184926713886,0,1,1,1.5623437592269582,lhs_main
416,358,2026-09-21T15:19:21,51.22508497202888,0.7687249489959688,0.003111506393691395,1,1.2100306595200256,0,0.005410926769276913,0.005923276010435075,0.0,1,1.2031448616814129,0,0.003692501954098612,0.009611310961190611,0.0,"[[0, 0.0], [1, 0.0], [2, 0.0], [3, 0.0], [4, 0.0], [5, 0.0], [6, 0.0], [7, 0.0]]",8,0.005723166060809798,1,1,1,1.622634323347131,lhs_main
417,359,2026-09-21T15:19:21,52.95031871922687,0.1178572848978298,0.005149419934994369,1,1.247696728744991,0,0.00036421866828045547,0.006157124997116625,0.0,1,1.5113450831964952,0,0.0315072303123008,0.009789011965040118,0.0,"[[0, 0.0], [1, 0.0], [2, 0.0], [3, 0.0], [4, 0.0], [5, 0.0], [6, 0.0], [7, 0.0]]",8,0.17444616546069538,0,1,1,1.5898673438697932,lhs_main
413,355,2026-09-21T15:19:21,104.57992087087004,0.7128296442643882,0.0011704563434229126,1,105.38044874701407,0,0.10068072484568504,0.046412315976340324,3.152,1,1.1872884705734519,0,0.0007980513277831572,0.0107731600292027,0.0,"[[0, 0.0], [1, 0.0], [2, 0.0], [3, 0.0], [4, 0.0], [5, 0.0], [6, 0.0], [7, 0.0]]",8,87.75724085496768,0,1,1,0.23211856169156803,lhs_main
418,360,2026-09-21T15:19:21,33.4119961978385,0.5341568156399522,0.002163562260586757,1,1.1966992490923207,0,0.003928570257186962,0.005858587974216789,0.0,1,1.186258529248972,0,0.0019399884802323792,0.009830394003074616,0.0,"[[0, 0.0], [1, 0.0], [2, 0.0], [3, 0.0], [4, 0.0], [5, 0.0], [6, 0.0], [7, 0.0]]",8,0.008801386532460844,1,1,1,1.6779459566601118,lhs_main
419,361,2026-09-21T15:19:21,30.496467695742453,0.7251131489182835,0.00474352406934108,1,1.2410879991852637,0,0.005624920847220231,0.006043130008038133,0.0,0,1.2186005756753775,1,0.015523413473393598,0.007145182054955512,0.0,"[[0, 0.0], [1, 0.0], [2, 0.0], [3, 0.0], [4, 0.0], [5, 0.0], [6, 0.0], [7, 0.0]]",8,0.018453481771435343,0,0,0,1.182364444493418,lhs_main
420,362,2026-09-21T15:19:21,53.292686397284584,0.7293916116814233,0.0029098919226737273,1,1.2068402999705368,0,0.005249833723420171,0.006404501968063414,0.0,1,1.187072268418394,0,0.0015778810563628432,0.01042553101433441,0.0,"[[0, 0.0], [1, 0.0], [2, 0.0], [3, 0.0], [4, 0.0], [5, 0.0], [6, 0.0], [7, 0.0]]",8,0.016652761654082603,1,1,1,1.627844142498854,lhs_main
422,364,2026-09-21T15:19:21,27.009358895018963,0.2551709923712059,0.004567129335167361,1,1.213499034611056,0,0.0007419699125951188,0.006231155013665557,0.0,1,1.7176078412235,0,0.275021409730814,0.009788014984223992,0.0,"[[0, 0.0], [1, 0.0], [2, 0.0], [3, 0.0], [4, 0.0], [5, 0.0], [6, 0.0], [7, 0.0]]",8,0.2934947049690652,0,1,1,1.5708187266659037,lhs_main
423,365,2026-09-21T15:19:21,30.158456549329692,0.7212455415514228,0.0011995191267398211,1,3.8428598768647246,0,0.02380332821676152,0.006026023009326309,0.0,1,1.1873487648676564,0,0.0028608167613359643,0.011319934041239321,0.0,"[[0, 0.0], [1, 0.0], [2, 0.0], [3, 0.0], [4, 0.0], [5, 0.0], [6, 0.0], [7, 0.0]]",8,2.2365047158600073,0,1,1,1.8785082671804891,lhs_main
421,363,2026-09-21T15:19:21,67.5748672294263,0.479466850397816,0.0004242875078466184,1,68.41497354601564,0,0.0021719824590894516,0.03269419295247644,2.08,1,1.1860731486270102,0,0.0005622967264343979,0.010324018017854542,0.0,"[[0, 0.0], [1, 0.0], [2, 0.0], [3, 0.0], [4, 0.0], [5, 0.0], [6, 0.0], [7, 0.0]]",8,56.68191753199398,0,1,1,0.31577528256658016,lhs_main
424,366,2026-09-21T15:19:21,99.77620933785195,0.10431641222931913,0.0041708554721362825,1,1.2268125488965778,0,0.00035364453280153116,0.007380767026916146,0.0,1,1.5217835881573558,0,0.011681141276055632,0.009455894003622234,0.0,"[[0, 0.0], [1, 0.0], [2, 0.0], [3, 0.0], [4, 0.0], [5, 0.0], [6, 0.0], [7, 0.0]]",8,0.19383244868473204,0,1,1,1.2811532960109058,lhs_main
426,368,2026-09-21T15:19:21,119.0936227817308,0.5295378654775386,0.006704182337623687,1,1.188470023311786,0,0.0007153036833961908,0.005897600029129535,0.0,1,1.1863104001782,0,0.03540425376758023,0.009273086034227163,0.0,"[[0, 0.0], [1, 0.0], [2, 0.0], [3, 0.0], [4, 0.0], [5, 0.0], [6, 0.0], [7, 0.0]]",8,0.0018204536799655967,1,1,1,1.5723490891931236,lhs_main
428,370,2026-09-21T15:19:21,52.16942457557474,0.518711067798417,0.006442537806921893,1,1.1882451956203972,0,0.0007028896127574567,0.006054316996596754,0.0,1,1.1862970188761397,0,0.012997503246109697,0.009987302997615188,0.0,"[[0, 0.0], [1, 0.0], [2, 0.0], [3, 0.0], [4, 0.0], [5, 0.0], [6, 0.0], [7, 0.0]]",8,0.0016422335327986861,1,1,1,1.6496167946325309,lhs_main
427,369,2026-09-21T15:19:21,56.836338426259225,0.2823617395141759,0.003704499851247777,1,1.1971177145179337,0,0.0013639782239556998,0.0062442399794235826,0.0,1,1.2976728680079532,0,0.013860558617516325,0.010826166020706296,0.0,"[[0, 0.0], [1, 0.0], [2, 0.0], [3, 0.0], [4, 0.0], [5, 0.0], [6, 0.0], [7, 0.0]]",8,0.07748883094425864,1,1,1,1.7337844247468657,lhs_main
425,367,2026-09-21T15:19:21,72.87837415761709,0.43254898021521504,0.0009535927800760755,1,73.725487179116,0,0.01334007627698377,0.03428119502495974,2.234,1,1.1860619691765801,0,0.0066874013364452214,0.010108490008860826,0.0,"[[0, 0.0], [1, 0.0], [2, 0.0], [3, 0.0], [4, 0.0], [5, 0.0], [6, 0.0], [7, 0.0]]",8,61.159894756847905,0,1,1,0.29486982590603833,lhs_main
429,371,2026-09-21T15:19:21,87.78997866206062,0.6959206348524651,0.007155288687512066,1,1.1991110360906057,0,0.0018495044688791973,0.005995106999762356,0.0,1,1.1926347430629605,0,0.09843234273838217,0.00909838400548324,0.0,"[[0, 0.0], [1, 0.0], [2, 0.0], [3, 0.0], [4, 0.0], [5, 0.0], [6, 0.0], [7, 0.0]]",8,0.005430240117785413,1,1,1,1.5176349656217807,lhs_main
431,373,2026-09-21T15:19:21,109.75760907778388,0.18550670335746955,0.007176992166353275,1,1.2936109234420239,0,0.0015268112881071246,0.0059484129888005555,0.0,1,1.6450763000050275,0,0.011506905536615245,0.009289734007325023,0.0,"[[0, 0.0], [1, 0.0], [2, 0.0], [3, 0.0], [4, 0.0], [5, 0.0], [6, 0.0], [7, 0.0]]",8,0.2136468542899375,0,1,1,1.5617163812962178,lhs_main
432,374,2026-09-21T15:19:21,35.27219727014717,0.5983967677183786,0.005984106104025421,1,1.187475713077555,0,0.0005456806162459163,0.005845031002536416,0.0,1,1.1863810012754972,0,0.012842724915973783,0.009198793966788799,0.0,"[[0, 0.0], [1, 0.0], [2, 0.0], [3, 0.0], [4, 0.0], [5, 0.0], [6, 0.0], [7, 0.0]]",8,0.0009227320741658441,1,1,1,1.5737801840224692,lhs_main
433,375,2026-09-21T15:19:21,98.34382072280717,0.6599131116508439,0.003464667807335416,0,17.549009963387938,1,0.09891381612954969,0.001645715965423733,0.0,1,1.2052477207805319,0,0.016914277530448222,0.01016736397286877,0.0,"[[0, 0.0], [1, 0.0], [2, 0.0], [3, 0.0], [4, 0.0], [5, 0.0], [6, 0.0], [7, 0.0]]",8,13.560500435564403,0,0,0,6.178079441704216,lhs_main
430,372,2026-09-21T15:19:21,53.47545825100235,0.6281488259813571,0.0015873018338582018,1,54.27699090780311,0,0.13211678055614315,0.025763206998817623,1.67,1,1.1868616159115086,0,0.0007977759966831777,0.010175953968428075,0.0,"[[0, 0.0], [1, 0.0], [2, 0.0], [3, 0.0], [4, 0.0], [5, 0.0], [6, 0.0], [7, 0.0]]",8,44.73152436656942,0,1,1,0.39498009579688936,lhs_main
434,376,2026-09-21T15:19:21,80.3741939885636,0.1389867426057794,0.007061883474991517,1,1.2998264816135587,0,0.0002523328936980334,0.005975878040771931,0.0,1,1.5602773867667408,0,0.03753319933812855,0.009679078997578472,0.0,"[[0, 0.0], [1, 0.0], [2, 0.0], [3, 0.0], [4, 0.0], [5, 0.0], [6, 0.0], [7, 0.0]]",8,0.16692602697581688,0,1,1,1.6196915217379806,lhs_main
435,377,2026-09-21T15:19:21,41.32141452168595,0.5467094065697831,0.0072108934960862705,1,1.1894466535167234,0,0.0005818929961924037,0.005954894993919879,0.0,1,1.6778793335021989,0,0.031029233300393828,0.00989957299316302,0.0,"[[0, 0.0], [1, 0.0], [2, 0.0], [3, 0.0], [4, 0.0], [5, 0.0], [6, 0.0], [7, 0.0]]",8,0.2911011955585514,0,1,1,1.662426122252495,lhs_main
437,379,2026-09-21T15:19:21,83.6800609286568,0.2631381024381374,0.007712799022486009,1,1.2881421624833662,0,0.0009397299630856572,0.005992981023155153,0.0,1,1.5129889226415207,0,0.011507253408848759,0.009518692968413234,0.0,"[[0, 0.0], [1, 0.0], [2, 0.0], [3, 0.0], [4, 0.0], [5, 0.0], [6, 0.0], [7, 0.0]]",8,0.14861097579326327,0,1,1,1.5883068762667103,lhs_main
438,380,2026-09-21T15:19:21,83.33145727144901,0.624751870298251,0.006869150495025923,1,1.186564229018695,0,0.0016750401525747333,0.006231623992789537,0.0,1,1.1863215998928525,0,0.011590502450697912,0.009311874979175627,0.0,"[[0, 0.0], [1, 0.0], [2, 0.0], [3, 0.0], [4, 0.0], [5, 0.0], [6, 0.0], [7, 0.0]]",8,0.00020452221881867645,1,1,1,1.494293460252123,lhs_main
439,381,2026-09-21T15:19:21,27.23079848773842,0.6137436447640842,0.0051768058769852375,1,1.1974291023899437,0,0.0015549575564695291,0.00596626300830394,0.0,1,1.1911784581034939,0,0.14687054138649328,0.009307975007686764,0.0,"[[0, 0.0], [1, 0.0], [2, 0.0], [3, 0.0], [4, 0.0], [5, 0.0], [6, 0.0], [7, 0.0]]",8,0.0052474457071710725,1,1,1,1.5601013556948085,lhs_main
440,382,2026-09-21T15:19:21,34.62150246206254,0.651950533933508,0.006928131076536038,1,1.1898008795103017,0,0.000520610874314081,0.006003518006764352,0.0,1,1.1884620452484078,0,0.011770377104736707,0.00898393098032102,0.0,"[[0, 0.0], [1, 0.0], [2, 0.0], [3, 0.0], [4, 0.0], [5, 0.0], [6, 0.0], [7, 0.0]]",8,0.0011265267302785532,1,1,1,1.496444413125528,lhs_main
436,378,2026-09-21T15:19:21,96.25476397432323,0.23375446079778314,0.00046944077918193155,1,97.10484381839787,0,0.00137926529846682,0.043535016011446714,2.912,1,1.1854816727575779,0,0.06721984496141571,0.00974127498921007,0.0,"[[0, 0.0], [1, 0.0], [2, 0.0], [3, 0.0], [4, 0.0], [5, 0.0], [6, 0.0], [7, 0.0]]",8,80.91172082190012,0,1,1,0.22375723915316315,lhs_main
441,383,2026-09-21T15:19:21,60.69371723768055,0.4980760059936784,0.004459160315501792,1,1.1857745598041154,0,0.0019055965751605957,0.005966303986497223,0.0,1,1.1844387254898026,0,0.007874756473378288,0.009309667977504432,0.0,"[[0, 0.0], [1, 0.0], [2, 0.0], [3, 0.0], [4, 0.0], [5, 0.0], [6, 0.0], [7, 0.0]]",8,0.0011278205326834651,1,1,1,1.5603743957018983,lhs_main
442,384,2026-09-21T15:19:21,88.0104928800668,0.701487130316021,0.0072521838285970145,1,1.1998085800252927,0,0.0019790637916518054,0.005942646006587893,0.0,1,1.1936734044112902,0,0.23627831184442172,0.009172439982648939,0.0,"[[0, 0.0], [1, 0.0], [2, 0.0], [3, 0.0], [4, 0.0], [5, 0.0], [6, 0.0], [7, 0.0]]",8,0.0051397439126393794,1,1,1,1.5434942570162458,lhs_main
443,385,2026-09-21T15:19:21,92.71937195917619,0.7558134534979118,0.005076483479439656,1,1.2492112399346929,0,0.005937208650648791,0.005888027953915298,0.0,0,1.223200767735482,1,0.02974099579420791,0.007198545034043491,0.0,"[[0, 0.0], [1, 0.0], [2, 0.0], [3, 0.0], [4, 0.0], [5, 0.0], [6, 0.0], [7, 0.0]]",8,0.021264270662096015,0,0,0,1.2225731756685618,lhs_main
444,386,2026-09-21T15:19:21,20.49821316964973,0.7441300791423268,0.006233291184193156,1,1.2389607605537767,0,0.005731047366411095,0.0059282020083628595,0.0,0,1.2149763839884964,1,0.015914868056918236,0.008309381024446338,0.0,"[[0, 0.0], [1, 0.0], [2, 0.0], [3, 0.0], [4, 0.0], [5, 0.0], [6, 0.0], [7, 0.0]]",8,0.01974061132492546,0,0,0,1.4016696820932169,lhs_main
446,388,2026-09-21T15:19:21,110.51198997835328,0.5142238701743629,0.003742532421135056,0,19.477365595966337,1,0.06559886106786865,0.0013417520094662905,0.0,1,1.1983347279188086,0,0.15831599079526515,0.009316726995166391,0.0,"[[0, 0.0], [1, 0.0], [2, 0.0], [3, 0.0], [4, 0.0], [5, 0.0], [6, 0.0], [7, 0.0]]",8,15.253693681892525,0,0,0,6.943702658490753,lhs_main
445,387,2026-09-21T15:19:21,115.47058564037134,0.5279206925933799,0.007113469493308304,1,1.1917661843476888,0,0.0011663634869941216,0.005925677018240094,0.0,1,1.7300167811575777,0,0.25512225502613495,0.009931678010616452,0.0,"[[0, 0.0], [1, 0.0], [2, 0.0], [3, 0.0], [4, 0.0], [5, 0.0], [6, 0.0], [7, 0.0]]",8,0.311124494670935,0,1,1,1.6760410633325618,lhs_main
447,389,2026-09-21T15:19:21,94.86650201537064,0.6786822751663197,0.004661393444572638,1,1.232265398550332,0,0.0047960579163591945,0.006023217050824314,0.0,0,1.2125600672145227,1,0.019505618542518026,0.007751037017442286,0.0,"[[0, 0.0], [1, 0.0], [2, 0.0], [3, 0.0], [4, 0.0], [5, 0.0], [6, 0.0], [7, 0.0]]",8,0.016251014583612465,0,0,0,1.2868599872856166,lhs_main
449,391,2026-09-21T15:19:21,44.644369715491194,0.13939511743804545,0.0068440531139643815,1,1.292710424735065,0,0.00026782165437994895,0.006092048017308116,0.0,1,1.5613425098013243,0,0.05101474131868372,0.009797233971767128,0.0,"[[0, 0.0], [1, 0.0], [2, 0.0], [3, 0.0], [4, 0.0], [5, 0.0], [6, 0.0], [7, 0.0]]",8,0.1720519894769546,0,1,1,1.6082003858032978,lhs_main
450,392,2026-09-21T15:19:21,81.0664301682304,0.22301889207515843,0.007771597559590373,1,1.3028202101768571,0,0.0011823535707494138,0.005964746989775449,0.0,1,1.6980034997298095,0,0.047628994384893264,0.009550385002512485,0.0,"[[0, 0.0], [1, 0.0], [2, 0.0], [3, 0.0], [4, 0.0], [5, 0.0], [6, 0.0], [7, 0.0]]",8,0.2327340842441343,0,1,1,1.6011383247073858,lhs_main
451,393,2026-09-21T15:19:21,62.972269100753316,0.3026030709267611,0.007429204215242412,1,1.2662424382835784,0,0.0014853101835768788,0.006002113048452884,0.0,1,1.311790907648625,0,0.04005006899367503,0.009712569997645915,0.0,"[[0, 0.0], [1, 0.0], [2, 0.0], [3, 0.0], [4, 0.0], [5, 0.0], [6, 0.0], [7, 0.0]]",8,0.03472235483526243,1,1,1,1.6181917800014523,lhs_main
452,394,2026-09-21T15:19:21,98.81793461796295,0.6737164686289062,0.004615326735440788,1,1.2305206215678468,0,0.004901504054119578,0.006029821990523487,0.0,0,1.2115608636658963,1,0.020647129563392055,0.007787732989527285,0.0,"[[0, 0.0], [1, 0.0], [2, 0.0], [3, 0.0], [4, 0.0], [5, 0.0], [6, 0.0], [7, 0.0]]",8,0.0156490346218206,0,0,0,1.2915361351904822,lhs_main
448,390,2026-09-21T15:19:21,110.19604671093147,0.7505428344202596,0.003020835042443853,1,111.03301026582385,0,0.012922056105685578,0.049345534993335605,3.3160000000000003,1,1.2021864581888901,0,0.015685575139891623,0.009772503050044179,0.0,"[[0, 0.0], [1, 0.0], [2, 0.0], [3, 0.0], [4, 0.0], [5, 0.0], [6, 0.0], [7, 0.0]]",8,91.35922556730222,0,1,1,0.19804229605300686,lhs_main
454,396,2026-09-21T15:19:21,44.34897861379452,0.6353243305803206,0.0006988721414131518,1,45.17368451915425,0,0.003130182082986574,0.021971633017528802,1.4060000000000001,1,1.1869110776052656,0,0.003186409986788357,0.010712752991821617,0.0,"[[0, 0.0], [1, 0.0], [2, 0.0], [3, 0.0], [4, 0.0], [5, 0.0], [6, 0.0], [7, 0.0]]",8,37.05987269939172,0,1,1,0.48757199718723976,lhs_main
456,398,2026-09-21T15:19:21,98.79535448353066,0.37943991397541144,0.00790599827818684,1,1.2504406166546929,0,0.0019371123438309008,0.005854509014170617,0.0,1,1.3329797057724555,0,0.4032880985504197,0.010472463967744261,0.0,"[[0, 0.0], [1, 0.0], [2, 0.0], [3, 0.0], [4, 0.0], [5, 0.0], [6, 0.0], [7, 0.0]]",8,0.0619207394983794,1,1,1,1.788786035241565,lhs_main
453,395,2026-09-21T15:19:21,111.05972177975131,0.5690659085441203,0.002646239032273805,1,111.86284378390383,0,0.2962619830399768,0.04947465402074158,3.34,1,1.1864029265335014,0,0.002355244297959063,0.009799432009458542,0.0,"[[0, 0.0], [1, 0.0], [2, 0.0], [3, 0.0], [4, 0.0], [5, 0.0], [6, 0.0], [7, 0.0]]",8,93.28739704035539,0,1,1,0.1980697430516697,lhs_main
455,397,2026-09-21T15:19:21,105.00477432186166,0.7224404534107709,0.00032503315646782385,1,105.7944006866152,0,0.003231737926598991,0.04640211595688015,3.164,0,11.587385697905264,1,0.039480849627550885,0.003985290008131415,0.0,"[[0, 0.0], [1, 0.0], [2, 0.0], [3, 0.0], [4, 0.0], [5, 0.0], [6, 0.0], [7, 0.0]]",8,8.130135428713695,0,0,0,0.08588595424904338,lhs_main
457,399,2026-09-21T15:19:21,30.67795451111335,0.6019784799590457,0.006737025000009028,1,1.1856634614140016,0,0.0038474252042992405,0.005910517007578164,0.0,1,1.185982249481109,0,0.05329087049930284,0.009188861993607134,0.0,"[[0, 0.0], [1, 0.0], [2, 0.0], [3, 0.0], [4, 0.0], [5, 0.0], [6, 0.0], [7, 0.0]]",8,0.00026879665968598235,1,1,1,1.5546629815675417,lhs_main
458,400,2026-09-21T15:19:21,72.62920312477056,0.4593488980566479,0.003591287225567339,1,1.1860424627140511,0,0.0005956132789372962,0.005916012974921614,0.0,1,1.184723593804,0,0.005428102882538899,0.009269430011045188,0.0,"[[0, 0.0], [1, 0.0], [2, 0.0], [3, 0.0], [4, 0.0], [5, 0.0], [6, 0.0], [7, 0.0]]",8,0.0011132292097065868,1,1,1,1.5668373362835646,lhs_main
459,401,2026-09-21T15:19:21,117.30203514878151,0.1285149164998392,0.00617065421972866,1,1.273934556187433,0,0.00030275031085863437,0.006159825017675757,0.0,1,1.5638718728470105,0,0.01152911521988182,0.010031234996858984,0.0,"[[0, 0.0], [1, 0.0], [2, 0.0], [3, 0.0], [4, 0.0], [5, 0.0], [6, 0.0], [7, 0.0]]",8,0.18539710426005046,0,1,1,1.6284934990968296,lhs_main
460,402,2026-09-21T15:19:21,75.95115899984683,0.20372225943064226,0.006321218008008025,1,1.2637527828052317,0,0.0012774838217668278,0.006093740987125784,0.0,1,1.186374187753769,0,0.2714102880771927,0.009713957959320396,0.0,"[[0, 0.0], [1, 0.0], [2, 0.0], [3, 0.0], [4, 0.0], [5, 0.0], [6, 0.0], [7, 0.0]]",8,0.06522275674082904,1,1,1,1.5940877664218132,lhs_main
461,403,2026-09-21T15:19:21,33.23133542284761,0.4836305137969297,0.003620080135587525,1,1.187344927174002,0,0.0006393402205011166,0.006015718972776085,0.0,1,1.185797737156839,0,0.008501810638984635,0.00925442500738427,0.0,"[[0, 0.0], [1, 0.0], [2, 0.0], [3, 0.0], [4, 0.0], [5, 0.0], [6, 0.0], [7, 0.0]]",8,0.0013047672201439208,1,1,1,1.5383738916769267,lhs_main
463,405,2026-09-21T15:19:21,48.50870956109715,0.3208636832133914,0.0031256828928902516,1,1.1883489810890355,0,0.0009057139897953401,0.00593184499302879,0.0,1,1.2640051368651168,0,0.25279813957563774,0.009909052983857691,0.0,"[[0, 0.0], [1, 0.0], [2, 0.0], [3, 0.0], [4, 0.0], [5, 0.0], [6, 0.0], [7, 0.0]]",8,0.059854310373862546,1,1,1,1.6704841403480684,lhs_main
464,406,2026-09-21T15:19:21,45.94213597277954,0.5882390682264167,0.001606624618014463,0,6.795706752034628,1,0.004100798267771835,0.0015740179806016386,0.0,1,1.1865595094252757,0,0.0018018569812682803,0.010078450955916196,0.0,"[[0, 0.0], [1, 0.0], [2, 0.0], [3, 0.0], [4, 0.0], [5, 0.0], [6, 0.0], [7, 0.0]]",8,4.727236348496512,0,0,0,6.40300878396821,lhs_main
465,407,2026-09-21T15:19:21,56.51800352235499,0.6918936007476876,0.0018429431037319548,0,7.658950658379928,1,0.0008522871747764292,0.0015462880255654454,0.0,1,1.1867314818342585,0,0.19323894075720582,0.010439625999424607,0.0,"[[0, 0.0], [1, 0.0], [2, 0.0], [3, 0.0], [4, 0.0], [5, 0.0], [6, 0.0], [7, 0.0]]",8,5.453819398590451,0,0,0,6.751411009347403,lhs_main
466,408,2026-09-21T15:19:21,80.82788601614112,0.49316522067245117,0.0049438798874752,1,1.1855793898413793,0,0.004804611187336075,0.005953219952061772,0.0,1,1.184971250358228,0,0.04444097517945696,0.00932010798715055,0.0,"[[0, 0.0], [1, 0.0], [2, 0.0], [3, 0.0], [4, 0.0], [5, 0.0], [6, 0.0], [7, 0.0]]",8,0.0005132103272274066,1,1,1,1.5655574734682407,lhs_main
462,404,2026-09-21T15:19:21,108.0470665542876,0.7583323738712523,0.001032310277904923,1,108.89772472519446,0,0.06183498139875483,0.04817885800730437,3.254,1,1.18721109419502,0,0.00619360919025223,0.010955924983136356,0.0,"[[0, 0.0], [1, 0.0], [2, 0.0], [3, 0.0], [4, 0.0], [5, 0.0], [6, 0.0], [7, 0.0]]",8,90.72566299090373,0,1,1,0.22740109326533506,lhs_main
468,410,2026-09-21T15:19:21,97.57233418597679,0.39431592973834373,0.007486148733323049,1,1.2348039072148345,0,0.0015179834765097365,0.005960918962955475,0.0,1,1.4205360917065175,0,0.03998136658792948,0.009270181995816529,0.0,"[[0, 0.0], [1, 0.0], [2, 0.0], [3, 0.0], [4, 0.0], [5, 0.0], [6, 0.0], [7, 0.0]]",8,0.1307479518303258,0,1,1,1.5551598760906982,lhs_main
469,411,2026-09-21T15:19:21,37.521987481968694,0.3604019466789834,0.004300918546828306,1,1.1928671255853034,0,0.000832111574130185,0.006058483035303652,0.0,1,1.5956612413097935,0,1.3432137905783592,0.009598486998584121,0.0,"[[0, 0.0], [1, 0.0], [2, 0.0], [3, 0.0], [4, 0.0], [5, 0.0], [6, 0.0], [7, 0.0]]",8,0.25243084515473835,0,1,1,1.5843053356182326,lhs_main
467,409,2026-09-21T15:19:21,33.13277400629413,0.2976834848300469,1.857321814025081e-05,1,33.93241337938598,0,0.000510549402550761,0.017270830983761698,1.08,0,23.593681549037278,1,0.6211409973881128,0.030487943964544684,0.256,"[[2, 0.256], [5, 0.26], [1, 0.264], [6, 0.268], [4, 0.272], [0, 0.276], [3, 0.276], [7, 0.28]]",8,0.43819917671011216,0,0,0,1.765285294796175,lhs_main
472,414,2026-09-21T15:19:21,68.17240049653041,0.47409296683654567,0.004603669885563666,1,1.1855941535356556,0,0.0009737614472935752,0.006002991984132677,0.0,1,1.7242166816050772,0,0.026696067089465068,0.00934848200995475,0.0,"[[0, 0.0], [1, 0.0], [2, 0.0], [3, 0.0], [4, 0.0], [5, 0.0], [6, 0.0], [7, 0.0]]",8,0.31238679790988727,0,1,1,1.5573037636340332,lhs_main
470,412,2026-09-21T15:19:21,86.96920728348448,0.3346080795344345,0.0013820853035844823,1,87.79448257732273,0,0.045810354904450894,0.03929275396512821,2.642,1,1.1854772979774337,0,0.0003842730479302734,0.009399167029187083,0.0,"[[0, 0.0], [1, 0.0], [2, 0.0], [3, 0.0], [4, 0.0], [5, 0.0], [6, 0.0], [7, 0.0]]",8,73.05834150271004,0,1,1,0.23920866013944242,lhs_main
471,413,2026-09-21T15:19:21,63.613419843517356,0.18822685039625375,0.0018868857498145375,1,64.41454885153539,0,0.0007263851087425305,0.030141317984089255,1.964,1,1.1854612536748101,0,0.0008608344958018881,0.009729737997986376,0.0,"[[0, 0.0], [1, 0.0], [2, 0.0], [3, 0.0], [4, 0.0], [5, 0.0], [6, 0.0], [7, 0.0]]",8,53.337118696926446,0,1,1,0.32280399958364225,lhs_main
474,416,2026-09-21T15:19:21,39.23349414301519,0.6583531010679887,0.0019292240736851257,1,1.1944067572129662,0,0.00196134689905725,0.005973406019620597,0.0,1,1.1870600473008521,0,0.006165575655668765,0.010080020991154015,0.0,"[[0, 0.0], [1, 0.0], [2, 0.0], [3, 0.0], [4, 0.0], [5, 0.0], [6, 0.0], [7, 0.0]]",8,0.006188996023258531,1,1,1,1.6874829800694262,lhs_main
475,417,2026-09-21T15:19:21,22.489563014288134,0.5388989273912876,0.005861021393350157,1,1.1855612992273317,0,0.0049639560511808845,0.005995172017719597,0.0,0,1.4198512691155427,1,0.023912669436929112,0.007316463044844568,0.0,"[[0, 0.0], [1, 0.0], [2, 0.0], [3, 0.0], [4, 0.0], [5, 0.0], [6, 0.0], [7, 0.0]]",8,0.1650102197212216,0,0,0,1.220392513045448,lhs_main
473,415,2026-09-21T15:19:21,64.22303018809873,0.2390711654398793,0.0006062104831619091,1,65.03587449260411,0,0.000984742456686663,0.029846903984434903,1.982,1,1.185567672923378,0,0.0071050353868609,0.00925857899710536,0.0,"[[0, 0.0], [1, 0.0], [2, 0.0], [3, 0.0], [4, 0.0], [5, 0.0], [6, 0.0], [7, 0.0]]",8,53.85631565192594,0,1,1,0.3102023245671876,lhs_main
477,419,2026-09-21T15:19:21,60.896708119472876,0.2482667212782548,0.007700354507216501,1,1.2926337858460992,0,0.0009979386020790126,0.006190539977978915,0.0,1,1.3359407160778631,0,0.12338416903398615,0.009544440021272749,0.0,"[[0, 0.0], [1, 0.0], [2, 0.0], [3, 0.0], [4, 0.0], [5, 0.0], [6, 0.0], [7, 0.0]]",8,0.032416805409529736,1,1,1,1.541778270590995,lhs_main
476,418,2026-09-21T15:19:21,59.46946265302615,0.7482111411922608,0.000576009249452413,1,60.27700813651094,0,0.006526068011350368,0.02801435097353533,1.844,1,1.1870626852533235,0,0.006079865411869013,0.011615119990892708,0.0,"[[0, 0.0], [1, 0.0], [2, 0.0], [3, 0.0], [4, 0.0], [5, 0.0], [6, 0.0], [7, 0.0]]",8,49.77828566706872,0,1,1,0.4146132102744522,lhs_main
478,420,2026-09-21T15:19:21,23.404667184356683,0.6497543430573194,0.007304620657826599,1,1.1872041623919631,0,0.0005772094006405274,0.005927386984694749,0.0,1,1.1863813344959317,0,0.011647843990708496,0.009213206998538226,0.0,"[[0, 0.0], [1, 0.0], [2, 0.0], [3, 0.0], [4, 0.0], [5, 0.0], [6, 0.0], [7, 0.0]]",8,0.0006935610600962365,1,1,1,1.5543454514321189,lhs_main
479,421,2026-09-21T15:19:21,25.115044615036908,0.6375280131836204,0.006789243769100425,1,1.1882321017117774,0,0.000536106371891205,0.005919813003856689,0.0,1,1.1875916231899537,0,0.011727932809731776,0.00926295097451657,0.0,"[[0, 0.0], [1, 0.0], [2, 0.0], [3, 0.0], [4, 0.0], [5, 0.0], [6, 0.0], [7, 0.0]]",8,0.0005393087230636785,1,1,1,1.5647370902563758,lhs_main
481,423,2026-09-21T15:19:21,116.23575384268044,0.4466166676027442,0.005066855269084146,1,1.1883051037871597,0,0.0010659820030760765,0.00606311799492687,0.0,1,1.6424593019992264,0,0.059570493482218684,0.00921569298952818,0.0,"[[0, 0.0], [1, 0.0], [2, 0.0], [3, 0.0], [4, 0.0], [5, 0.0], [6, 0.0], [7, 0.0]]",8,0.2765086463081693,0,1,1,1.519959366985622,lhs_main
482,424,2026-09-21T15:19:21,29.85023584406659,0.3984780547926202,0.002968139880857738,1,1.1855223319029735,0,0.002213198701519504,0.005973947991151363,0.0,1,1.1858752536377415,0,0.0027184855392764404,0.00989182898774743,0.0,"[[0, 0.0], [1, 0.0], [2, 0.0], [3, 0.0], [4, 0.0], [5, 0.0], [6, 0.0], [7, 0.0]]",8,0.0002976044349398191,1,1,1,1.6558277712493061,lhs_main
483,425,2026-09-21T15:19:21,54.22139379609274,0.47079852782549003,0.0034259348995254566,1,1.1871799079936203,0,0.0005819328418938006,0.005952865001745522,0.0,1,1.1857450203391005,0,0.01191813588483622,0.009365139005240053,0.0,"[[0, 0.0], [1, 0.0], [2, 0.0], [3, 0.0], [4, 0.0], [5, 0.0], [6, 0.0], [7, 0.0]]",8,0.0012101148475491574,1,1,1,1.5732154185411513,lhs_main
484,426,2026-09-21T15:19:21,46.780780953405625,0.4623850642691236,0.007079458559787617,1,1.2053707456454004,0,0.0007833506264648372,0.006067479029297829,0.0,0,1.3848872373709695,1,0.02677744743678268,0.007383272983133793,0.0,"[[0, 0.0], [1, 0.0], [2, 0.0], [3, 0.0], [4, 0.0], [5, 0.0], [6, 0.0], [7, 0.0]]",8,0.1296253491846442,0,0,0,1.2168600744201068,lhs_main
480,422,2026-09-21T15:19:21,82.32933246098631,0.6686975505755159,0.0004986860787954883,1,83.17371496121082,0,0.005551702961545072,0.03786220296751708,2.508,1,1.1870044878140449,0,0.008592111673051477,0.011042455967981368,0.0,"[[0, 0.0], [1, 0.0], [2, 0.0], [3, 0.0], [4, 0.0], [5, 0.0], [6, 0.0], [7, 0.0]]",8,69.07026158290375,0,1,1,0.29164853343200775,lhs_main
486,428,2026-09-21T15:19:21,98.51273666806115,0.2557155265661909,0.006383442586395521,1,1.2524184652828292,0,0.0009908671252775029,0.006038956984411925,0.0,1,1.7560530265164633,0,0.05732592360633111,0.009487578005064279,0.0,"[[0, 0.0], [1, 0.0], [2, 0.0], [3, 0.0], [4, 0.0], [5, 0.0], [6, 0.0], [7, 0.0]]",8,0.2867991761232345,0,1,1,1.5710623588732486,lhs_main
485,427,2026-09-21T15:19:21,48.98649630396252,0.32952607005803985,0.00019199170009334872,1,49.79452134870043,0,0.001169749306186097,0.023824996955227107,1.54,1,1.1853086439526008,0,0.005469044312079923,0.009904233971610665,0.0,"[[0, 0.0], [1, 0.0], [2, 0.0], [3, 0.0], [4, 0.0], [5, 0.0], [6, 0.0], [7, 0.0]]",8,41.00975130211879,0,1,1,0.41570766998304765,lhs_main
488,430,2026-09-21T15:19:21,75.57062725303572,0.41659487863693134,0.0029948300062407987,0,15.466378081756929,1,0.40933231789468183,0.001950926030986011,0.0,1,1.1857778162148267,0,0.004922571918504826,0.009722986025735736,0.0,"[[0, 0.0], [1, 0.0], [2, 0.0], [3, 0.0], [4, 0.0], [5, 0.0], [6, 0.0], [7, 0.0]]",8,12.04323446624076,0,0,0,4.983779944143589,lhs_main
487,429,2026-09-21T15:19:21,61.46954847870683,0.3662476217556174,0.007869311986422755,1,1.254665492208876,0,0.0019208170467588665,0.0061015390092507005,0.0,1,1.1852831831681863,0,0.2709034496878638,0.009804314002394676,0.0,"[[0, 0.0], [1, 0.0], [2, 0.0], [3, 0.0], [4, 0.0], [5, 0.0], [6, 0.0], [7, 0.0]]",8,0.05853648311725412,1,1,1,1.6068591854497862,lhs_main
489,431,2026-09-21T15:19:21,35.492211646747165,0.15905312016898843,0.0034225159027612083,1,1.2080670350457356,0,0.000327980134124907,0.006247782032005489,0.0,1,1.2978146418747878,0,0.005953238906394549,0.009622607030905783,0.0,"[[0, 0.0], [1, 0.0], [2, 0.0], [3, 0.0], [4, 0.0], [5, 0.0], [6, 0.0], [7, 0.0]]",8,0.06915286970364673,1,1,1,1.5401636903483655,lhs_main
491,433,2026-09-21T15:19:21,49.249534217113286,0.4940941499538529,0.006499995744192829,1,1.1922738866778781,0,0.001311914643719036,0.005958656023722142,0.0,1,1.1864109286288056,0,0.04491292569133316,0.009298939956352115,0.0,"[[0, 0.0], [1, 0.0], [2, 0.0], [3, 0.0], [4, 0.0], [5, 0.0], [6, 0.0], [7, 0.0]]",8,0.004941759981803831,1,1,1,1.5605767339701926,lhs_main
492,434,2026-09-21T15:19:21,101.50706407242853,0.20588493392368948,0.005036492972536342,1,1.2315578413830919,0,0.001104644232120275,0.0059619449893943965,0.0,1,1.613067645401655,0,0.05376858825860343,0.01033983298111707,0.0,"[[0, 0.0], [1, 0.0], [2, 0.0], [3, 0.0], [4, 0.0], [5, 0.0], [6, 0.0], [7, 0.0]]",8,0.23651196842620134,0,1,1,1.7343053314833372,lhs_main
493,435,2026-09-21T15:19:21,50.558324131713,0.25154791286520006,0.004334097434431456,1,1.2102544184935031,0,0.0006731614614076031,0.0060624920297414064,0.0,1,1.7519800118116622,0,0.018160465408505,0.009759709995705634,0.0,"[[0, 0.0], [1, 0.0], [2, 0.0], [3, 0.0], [4, 0.0], [5, 0.0], [6, 0.0], [7, 0.0]]",8,0.3092076334580891,0,1,1,1.609851187898705,lhs_main
490,432,2026-09-21T15:19:21,49.921103696412246,0.4195670834214511,0.0008598807686508165,1,50.76008270800711,0,0.004291236364157947,0.024329437990672886,1.568,1,1.1859480633781296,0,0.000643289224068694,0.009800100000575185,0.0,"[[0, 0.0], [1, 0.0], [2, 0.0], [3, 0.0], [4, 0.0], [5, 0.0], [6, 0.0], [7, 0.0]]",8,41.801269528969826,0,1,1,0.40280831823292523,lhs_main
495,437,2026-09-21T15:19:21,32.63537847543862,0.2968420907271361,0.002912153784682232,1,1.1888605075145884,0,0.0007796049250164325,0.00609625200740993,0.0,1,1.1855968867733249,0,0.016445297058730657,0.00945804500952363,0.0,"[[0, 0.0], [1, 0.0], [2, 0.0], [3, 0.0], [4, 0.0], [5, 0.0], [6, 0.0], [7, 0.0]]",8,0.0027527237779323655,1,1,1,1.5514524330732187,lhs_main
496,438,2026-09-21T15:19:21,39.772557748441876,0.3230850442440289,0.006344820327884779,1,1.2325701445729036,0,0.0017554020242979726,0.00598582299426198,0.0,1,1.260114872782056,0,0.011236266271964406,0.009592020011041313,0.0,"[[0, 0.0], [1, 0.0], [2, 0.0], [3, 0.0], [4, 0.0], [5, 0.0], [6, 0.0], [7, 0.0]]",8,0.0218589025525424,1,1,1,1.6024563406295576,lhs_main
497,439,2026-09-21T15:19:21,73.32141636466058,0.2345748821213243,0.0027363904696667456,0,14.538368833338852,1,0.008634632737140165,0.001381911977659911,0.0,1,1.1853426850947348,0,0.003758860958497786,0.009563918982166797,0.0,"[[0, 0.0], [1, 0.0], [2, 0.0], [3, 0.0], [4, 0.0], [5, 0.0], [6, 0.0], [7, 0.0]]",8,11.265118784764693,0,0,0,6.920787384998324,lhs_main
498,440,2026-09-21T15:19:22,99.42542820824517,0.49733077904935086,0.003244467233260657,0,16.74046398448614,1,3.9501165884434846,0.0017566760070621967,0.0,1,1.1884862970824808,0,0.02257378116178482,0.00930827803676948,0.0,"[[0, 0.0], [1, 0.0], [2, 0.0], [3, 0.0], [4, 0.0], [5, 0.0], [6, 0.0], [7, 0.0]]",8,13.085533864025994,0,0,0,5.2988018276268924,lhs_main
494,436,2026-09-21T15:19:22,93.58280352997781,0.4721531920889691,0.0028931944558167376,1,94.41352439286685,0,0.09426136475545048,0.042122936982195824,2.834,1,1.185978150335031,0,0.00429592475020289,0.010138761019334197,0.0,"[[0, 0.0], [1, 0.0], [2, 0.0], [3, 0.0], [4, 0.0], [5, 0.0], [6, 0.0], [7, 0.0]]",8,78.60814823291275,0,1,1,0.24069454187440836,lhs_main
500,442,2026-09-21T15:19:22,57.88671586983807,0.7348287277241135,0.005650743249202579,1,1.2456696692378246,0,0.0067779260354657945,0.005903624987695366,0.0,0,1.2187867932914107,1,0.015014460623304339,0.0071889450191520154,0.0,"[[0, 0.0], [1, 0.0], [2, 0.0], [3, 0.0], [4, 0.0], [5, 0.0], [6, 0.0], [7, 0.0]]",8,0.022057078477044387,0,0,0,1.2177170863893927,lhs_main
499,441,2026-09-21T15:19:22,45.26878522418099,0.6861952829857066,0.007620244397907511,1,1.1914781533701906,0,0.0004762940422968404,0.005963465024251491,0.0,1,1.1891291513980635,0,0.012212954743422103,0.009086851961910725,0.0,"[[0, 0.0], [1, 0.0], [2, 0.0], [3, 0.0], [4, 0.0], [5, 0.0], [6, 0.0], [7, 0.0]]",8,0.0019753968434507996,1,1,1,1.5237537111322739,lhs_main
501,443,2026-09-21T15:19:22,73.65789344565147,0.5423627911290038,0.006703208653805664,1,1.1871976448365347,0,0.0004896980086474946,0.005954372987616807,0.0,1,1.614648588578323,0,0.011997735180683254,0.011203058995306492,0.0,"[[0, 0.0], [1, 0.0], [2, 0.0], [3, 0.0], [4, 0.0], [5, 0.0], [6, 0.0], [7, 0.0]]",8,0.26473311082391826,0,1,1,1.881484250080617,lhs_main
503,445,2026-09-21T15:19:22,115.31626878253704,0.187138925553774,0.0036347742162454733,0,19.355003357386238,1,0.043849657954539406,0.0013488400145433843,0.0,1,1.7532639894196551,0,0.006597180523738749,0.009365868987515569,0.0,"[[0, 0.0], [1, 0.0], [2, 0.0], [3, 0.0], [4, 0.0], [5, 0.0], [6, 0.0], [7, 0.0]]",8,10.039411904988082,0,0,0,6.9436470497104485,lhs_main
502,444,2026-09-21T15:19:22,31.2796883095088,0.16511933109412882,0.006907837045514512,1,1.289682484973487,0,0.000433078269493583,0.006120876001659781,0.0,1,1.760288340762234,0,0.872797172719395,0.009615270013455302,0.0,"[[0, 0.0], [1, 0.0], [2, 0.0], [3, 0.0], [4, 0.0], [5, 0.0], [6, 0.0], [7, 0.0]]",8,0.26734589151739024,0,1,1,1.5708976968080968,lhs_main
504,446,2026-09-21T15:19:22,60.28775538642199,0.15126048272680007,0.00794766885181608,1,1.3278008959905248,0,0.00033970393012078655,0.005972023005597293,0.0,1,1.6443888696047781,0,0.01161158269436615,0.00958201102912426,0.0,"[[0, 0.0], [1, 0.0], [2, 0.0], [3, 0.0], [4, 0.0], [5, 0.0], [6, 0.0], [7, 0.0]]",8,0.19252622020626056,0,1,1,1.6044832747870355,lhs_main
506,448,2026-09-21T15:19:22,32.26466952349807,0.5213074891047129,0.0011199829205596362,1,4.514847451491036,0,0.050778282223954876,0.006023419031407684,0.0,1,1.1862029061830845,0,0.0019129486634748094,0.009807159949559718,0.0,"[[0, 0.0], [1, 0.0], [2, 0.0], [3, 0.0], [4, 0.0], [5, 0.0], [6, 0.0], [7, 0.0]]",8,2.8061342017941335,0,1,1,1.628171624524646,lhs_main
507,449,2026-09-21T15:19:22,89.35754457223184,0.6293476839031937,0.007461659347788343,1,1.1855872438260098,0,0.004794858576446123,0.005913883971516043,0.0,0,1.4930602658632142,1,0.015340322790094658,0.0076099379803054035,0.0,"[[0, 0.0], [1, 0.0], [2, 0.0], [3, 0.0], [4, 0.0], [5, 0.0], [6, 0.0], [7, 0.0]]",8,0.20593476972574754,0,0,0,1.2867918980078623,lhs_main
508,450,2026-09-21T15:19:22,42.965607929612595,0.699353630453447,0.005512480704955402,1,1.2270411769671625,0,0.004588332037095459,0.005842457001563162,0.0,1,1.2081242694108052,0,0.019480273530572318,0.010406906949356198,0.0,"[[0, 0.0], [1, 0.0], [2, 0.0], [3, 0.0], [4, 0.0], [5, 0.0], [6, 0.0], [7, 0.0]]",8,0.01565808090717604,1,1,1,1.781255205912822,lhs_main
509,451,2026-09-21T15:19:22,108.70478164866427,0.1616902412786203,0.006639048212925067,1,1.2820713123690317,0,0.00039170148492022555,0.006039973988663405,0.0,1,1.7618321082492105,0,0.06585763486531022,0.009555387019645423,0.0,"[[0, 0.0], [1, 0.0], [2, 0.0], [3, 0.0], [4, 0.0], [5, 0.0], [6, 0.0], [7, 0.0]]",8,0.2723078967819088,0,1,1,1.5820245314930486,lhs_main
510,452,2026-09-21T15:19:22,24.756964345074255,0.42537992014478343,0.005980872215846688,1,1.1996357921776242,0,0.000805947621843482,0.006001767993438989,0.0,1,1.4723854431430883,0,0.03553303190837062,0.009706717974040657,0.0,"[[0, 0.0], [1, 0.0], [2, 0.0], [3, 0.0], [4, 0.0], [5, 0.0], [6, 0.0], [7, 0.0]]",8,0.18524337647839537,0,1,1,1.61730976349833,lhs_main
511,453,2026-09-21T15:19:22,75.6640945981582,0.6401002707949286,0.007566413488470419,1,1.1858126031203189,0,0.00358285726961809,0.0058376730303280056,0.0,1,1.6172469330018158,0,0.7566284870982963,0.011140868999063969,0.0,"[[0, 0.0], [1, 0.0], [2, 0.0], [3, 0.0], [4, 0.0], [5, 0.0], [6, 0.0], [7, 0.0]]",8,0.2667708443760657,0,1,1,1.9084434741693623,lhs_main
505,447,2026-09-21T15:19:22,104.29561630584614,0.2297593505340099,0.0007589744778072443,1,105.10481456477766,0,0.0013808880752622867,0.04711509501794353,3.144,1,1.185375231802021,0,0.058262821236212244,0.009824306005612016,0.0,"[[0, 0.0], [1, 0.0], [2, 0.0], [3, 0.0], [4, 0.0], [5, 0.0], [6, 0.0], [7, 0.0]]",8,87.66796921764268,0,1,1,0.2085171642309218,lhs_main
512,454,2026-09-21T15:19:22,111.35860296807184,0.28000817235201914,0.007581181787213231,1,1.2784217330410421,0,0.0009793110837926706,0.005831159010995179,0.0,1,1.7265985607300836,0,0.024035901981432812,0.009284224011935294,0.0,"[[0, 0.0], [1, 0.0], [2, 0.0], [3, 0.0], [4, 0.0], [5, 0.0], [6, 0.0], [7, 0.0]]",8,0.2595721077744511,0,1,1,1.5921747279450016,lhs_main
514,456,2026-09-21T15:19:22,107.92784826269636,0.44992262142669837,0.006362282086023967,1,1.1989574731260757,0,0.0007809907215779038,0.005993582017254084,0.0,1,1.4009209018127602,0,0.015015330904276791,0.009445568022783846,0.0,"[[0, 0.0], [1, 0.0], [2, 0.0], [3, 0.0], [4, 0.0], [5, 0.0], [6, 0.0], [7, 0.0]]",8,0.14416476221130567,0,1,1,1.575947070648624,lhs_main
513,455,2026-09-21T15:19:22,88.77306159501532,0.2191956053592935,0.0007308736447424431,1,89.58760755238029,0,0.0012898432524847043,0.040208535036072135,2.694,1,1.1854642759144758,0,0.05199487216558065,0.010205028986092657,0.0,"[[0, 0.0], [1, 0.0], [2, 0.0], [3, 0.0], [4, 0.0], [5, 0.0], [6, 0.0], [7, 0.0]]",8,74.57174802528044,0,1,1,0.25380255652033723,lhs_main
515,457,2026-09-21T15:19:22,71.14703856453568,0.46034532090572156,0.00041271375523724155,1,71.93222437913454,0,0.002318505269704113,0.03319954301696271,2.182,1,1.186035038881173,0,0.007078917055283001,0.010264765995088965,0.0,"[[0, 0.0], [1, 0.0], [2, 0.0], [3, 0.0], [4, 0.0], [5, 0.0], [6, 0.0], [7, 0.0]]",8,59.64932486901116,0,1,1,0.30918395442504637,lhs_main
517,459,2026-09-21T15:19:22,71.77851940874228,0.4862385429866446,0.002950086891899035,1,1.1920335698648086,0,0.0008180769052832912,0.006026318005751818,0.0,1,1.1860202036643854,0,0.006041620333556592,0.009907995001412928,0.0,"[[0, 0.0], [1, 0.0], [2, 0.0], [3, 0.0], [4, 0.0], [5, 0.0], [6, 0.0], [7, 0.0]]",8,0.0050702055343104235,1,1,1,1.6441208366296374,lhs_main
519,461,2026-09-21T15:19:22,26.036038228352396,0.2784635152623596,0.0016160531646156936,1,1.1855221702376517,0,0.0005854601170385956,0.0061760430107824504,0.0,1,1.1855507858752883,0,0.0029627430513932194,0.009543026972096413,0.0,"[[0, 0.0], [1, 0.0], [2, 0.0], [3, 0.0], [4, 0.0], [5, 0.0], [6, 0.0], [7, 0.0]]",8,2.4136998581159423e-05,1,1,1,1.5451684768768144,lhs_main
520,462,2026-09-21T15:19:22,57.19116497941117,0.7952382290501394,0.004762817013296998,1,1.242571564378803,0,0.005395115981426733,0.0059657960082404315,0.0,1,1.2211468783130273,0,0.014871197763877351,0.010216621973086149,0.0,"[[0, 0.0], [1, 0.0], [2, 0.0], [3, 0.0], [4, 0.0], [5, 0.0], [6, 0.0], [7, 0.0]]",8,0.017544724919063878,1,1,1,1.7125329057470517,lhs_main
516,458,2026-09-21T15:19:22,111.82232690938744,0.10849846673071263,0.0013584027030851716,1,112.62045155904735,0,0.00033405060994126244,0.049976160982623696,3.362,1,1.1854851459966724,0,0.00032163722116992016,0.009575098985806108,0.0,"[[0, 0.0], [1, 0.0], [2, 0.0], [3, 0.0], [4, 0.0], [5, 0.0], [6, 0.0], [7, 0.0]]",8,93.99946240521135,0,1,1,0.19159332764946255,lhs_main
521,463,2026-09-21T15:19:22,44.41027090025747,0.3175923946581034,0.005395100944552885,1,1.215229273025238,0,0.0018026085170134583,0.006121810001786798,0.0,1,1.5972620784744214,0,1.0434290396220534,0.00967921200208366,0.0,"[[0, 0.0], [1, 0.0], [2, 0.0], [3, 0.0], [4, 0.0], [5, 0.0], [6, 0.0], [7, 0.0]]",8,0.23917978808716905,0,1,1,1.5811029743259832,lhs_main
522,464,2026-09-21T15:19:22,118.76593176126829,0.6166299121985395,0.006616021767249979,1,1.1867387998042158,0,0.0009617950748481043,0.005992079037241638,0.0,1,1.186823864790796,0,0.011644388438573482,0.0091409080196172,0.0,"[[0, 0.0], [1, 0.0], [2, 0.0], [3, 0.0], [4, 0.0], [5, 0.0], [6, 0.0], [7, 0.0]]",8,7.167448271292099e-05,1,1,1,1.5254985728334247,lhs_main
523,465,2026-09-21T15:19:22,75.10126558474587,0.12104076138003597,0.007993908282220526,1,1.3355803586203632,0,0.00021277248629250907,0.0059260770212858915,0.0,1,1.1856699842916505,0,0.012058042663431691,0.009528881986625493,0.0,"[[0, 0.0], [1, 0.0], [2, 0.0], [3, 0.0], [4, 0.0], [5, 0.0], [6, 0.0], [7, 0.0]]",8,0.12643516013292094,0,1,1,1.60795783659218,lhs_main
518,460,2026-09-21T15:19:22,117.77560620715808,0.7036066647548976,0.0026279316557609937,1,118.62030361447098,0,0.002718580236786901,0.052640680980402976,3.536,1,1.1874296830816213,0,0.0012842150833979544,0.010412132018245757,0.0,"[[0, 0.0], [1, 0.0], [2, 0.0], [3, 0.0], [4, 0.0], [5, 0.0], [6, 0.0], [7, 0.0]]",8,98.89669729884737,0,1,1,0.1977963017256934,lhs_main
524,466,2026-09-21T15:19:22,92.520494995089,0.6031813462160731,0.004957951158231236,1,1.197032745809823,0,0.0015499769978544666,0.006049856950994581,0.0,1,1.1908699891339105,0,0.0412281385223166,0.009251859970390797,0.0,"[[0, 0.0], [1, 0.0], [2, 0.0], [3, 0.0], [4, 0.0], [5, 0.0], [6, 0.0], [7, 0.0]]",8,0.005175003763756455,1,1,1,1.5292692117075288,lhs_main
526,468,2026-09-21T15:19:22,91.22677107873379,0.7235749363674215,0.005338261235335554,1,1.2450996730412693,0,0.006414876643789206,0.005871799017768353,0.0,0,1.218963669400874,1,0.0181303782649484,0.00783238501753658,0.0,"[[0, 0.0], [1, 0.0], [2, 0.0], [3, 0.0], [4, 0.0], [5, 0.0], [6, 0.0], [7, 0.0]]",8,0.02144116703104139,0,0,0,1.3338986899645913,lhs_main
527,469,2026-09-21T15:19:22,40.71826612452666,0.5991958733948378,0.006037869613085684,1,1.1873308339289772,0,0.0005439602922049916,0.00593007798306644,0.0,1,1.1864506456697748,0,0.013816713882961651,0.00927855697227642,0.0,"[[0, 0.0], [1, 0.0], [2, 0.0], [3, 0.0], [4, 0.0], [5, 0.0], [6, 0.0], [7, 0.0]]",8,0.0007418667286455541,1,1,1,1.5646601948189698,lhs_main
528,470,2026-09-21T15:19:22,86.01464612170219,0.33529410853248026,0.00552973612832751,1,1.21348302390113,0,0.0016027889067695231,0.006100098020397127,0.0,1,1.6791118823632114,0,0.07944534107944097,0.009395146975293756,0.0,"[[0, 0.0], [1, 0.0], [2, 0.0], [3, 0.0], [4, 0.0], [5, 0.0], [6, 0.0], [7, 0.0]]",8,0.27730663057827165,0,1,1,1.5401632799799037,lhs_main
525,467,2026-09-21T15:19:22,81.73578287471763,0.6975295083485769,0.002446347464334287,1,82.55292695296492,0,0.0026039482701754263,0.037101707013789564,2.49,1,1.1873576025428636,0,0.0011324946085924609,0.010399268998298794,0.0,"[[0, 0.0], [1, 0.0], [2, 0.0], [3, 0.0], [4, 0.0], [5, 0.0], [6, 0.0], [7, 0.0]]",8,68.52659146340436,0,1,1,0.28029085007958543,lhs_main
530,472,2026-09-21T15:19:22,107.10763641771004,0.6548777452262566,0.004103129615625925,0,21.02404533574807,1,0.08273154732244895,0.0013731030048802495,0.0,0,1.21031233370215,1,0.012003047905553926,0.00728566903853789,0.0,"[[0, 0.0], [1, 0.0], [2, 0.0], [3, 0.0], [4, 0.0], [5, 0.0], [6, 0.0], [7, 0.0]]",8,16.3707602164467,0,1,1,5.305988707797843,lhs_main
531,473,2026-09-21T15:19:22,30.335856890661184,0.5265159768719324,0.002457942515399044,1,1.1999818002109968,0,0.0032438006783812308,0.006079744023736566,0.0,1,1.1862472984760504,0,0.0008906789129381106,0.009726813004817814,0.0,"[[0, 0.0], [1, 0.0], [2, 0.0], [3, 0.0], [4, 0.0], [5, 0.0], [6, 0.0], [7, 0.0]]",8,0.011578110021907614,1,1,1,1.5998721273202199,lhs_main
532,474,2026-09-21T15:19:22,89.98107204635012,0.3895675123146205,0.004004430179165673,1,1.1877841124850972,0,0.0010825062027931282,0.006112060975283384,0.0,1,1.1844640335261574,0,0.05013289398638255,0.009516762977000326,0.0,"[[0, 0.0], [1, 0.0], [2, 0.0], [3, 0.0], [4, 0.0], [5, 0.0], [6, 0.0], [7, 0.0]]",8,0.0028030221813117643,1,1,1,1.5570464718014505,lhs_main
533,475,2026-09-21T15:19:22,24.522180657695586,0.4104996454384158,0.00048699724143080224,1,25.31177278048426,0,0.0008444497412953732,0.014159256010316312,0.8300000000000001,1,1.185941854763107,0,0.004938486433955702,0.009728759992867708,0.0,"[[0, 0.0], [1, 0.0], [2, 0.0], [3, 0.0], [4, 0.0], [5, 0.0], [6, 0.0], [7, 0.0]]",8,20.343181943384828,0,1,1,0.687095422653522,lhs_main
534,476,2026-09-21T15:19:22,109.04889209150532,0.3656396086927165,0.0075387713618892205,1,1.2464842163261298,0,0.001956491925606666,0.006154323986265808,0.0,0,1.3372426513451006,1,0.03162014777321769,0.00775714498013258,0.0,"[[0, 0.0], [1, 0.0], [2, 0.0], [3, 0.0], [4, 0.0], [5, 0.0], [6, 0.0], [7, 0.0]]",8,0.06786983269467138,0,0,0,1.2604381890592176,lhs_main
535,477,2026-09-21T15:19:22,118.01449902807498,0.5093636476592966,0.005445296837456135,1,1.1857678535110905,0,0.00057031371383089,0.005924666998907924,0.0,1,1.8068917168008978,0,0.21752136881181722,0.009798810991924256,0.0,"[[0, 0.0], [1, 0.0], [2, 0.0], [3, 0.0], [4, 0.0], [5, 0.0], [6, 0.0], [7, 0.0]]",8,0.3437526762198607,0,1,1,1.65390071606226,lhs_main
537,479,2026-09-21T15:19:22,28.215219919890913,0.25738943146534965,0.001743926099218507,1,1.1859202957054837,0,0.0007532067640454183,0.006187564984429628,0.0,1,1.1855137027347726,0,0.0032568050677558983,0.010226154001429677,0.0,"[[0, 0.0], [1, 0.0], [2, 0.0], [3, 0.0], [4, 0.0], [5, 0.0], [6, 0.0], [7, 0.0]]",8,0.00034296775294386493,1,1,1,1.6526944003275512,lhs_main
529,471,2026-09-21T15:19:22,108.93414750808044,0.2701685348997407,5.491305231314412e-05,1,109.72552372456738,0,0.001368386700379198,0.048739760008174926,3.278,1,97.24988012892908,0,0.2866202189707253,0.06134562601801008,0.626,"[[6, 0.626], [1, 0.63], [2, 0.646], [3, 0.65], [5, 0.65], [4, 0.654], [7, 0.654], [0, 0.656]]",8,0.12828441103576388,0,1,1,1.2586361936891117,lhs_main
539,481,2026-09-21T15:19:22,33.99469351255878,0.4573591560542887,0.006642365674606893,1,1.2007155547385704,0,0.0007822429155747674,0.00603936001425609,0.0,1,1.6294082692791527,0,0.03712517626241632,0.009106278012041003,0.0,"[[0, 0.0], [1, 0.0], [2, 0.0], [3, 0.0], [4, 0.0], [5, 0.0], [6, 0.0], [7, 0.0]]",8,0.26309717621000855,0,1,1,1.507821688149963,lhs_main
536,478,2026-09-21T15:19:22,100.98948480193539,0.20787627215256937,0.002201720244251761,1,101.79413537620955,0,0.05739301323186509,0.04851812100969255,3.048,1,1.185459933816672,0,0.000895061961328637,0.009865562955383211,0.0,"[[0, 0.0], [1, 0.0], [2, 0.0], [3, 0.0], [4, 0.0], [5, 0.0], [6, 0.0], [7, 0.0]]",8,84.86889566860023,0,1,1,0.20333769630963966,lhs_main
538,480,2026-09-21T15:19:22,97.39229160013531,0.19004741367206213,0.0003909973117786891,1,98.20830407782115,0,0.0005751482943232559,0.04490933200577274,2.944,0,16.33143987828598,1,0.03155636275175852,0.0032304050400853157,0.0,"[[0, 0.0], [1, 0.0], [2, 0.0], [3, 0.0], [4, 0.0], [5, 0.0], [6, 0.0], [7, 0.0]]",8,5.013450425053907,0,0,0,0.07193170986533651,lhs_main
541,483,2026-09-21T15:19:22,59.042670057501276,0.10653699750655546,0.003665939782083479,1,1.2168788062440676,0,0.00033060814351900785,0.0061899470165371895,0.0,1,1.2796274481448875,0,0.011576513697362623,0.009553816984407604,0.0,"[[0, 0.0], [1, 0.0], [2, 0.0], [3, 0.0], [4, 0.0], [5, 0.0], [6, 0.0], [7, 0.0]]",8,0.04903664890260705,1,1,1,1.5434408338041392,lhs_main
543,485,2026-09-21T15:19:22,80.16788233748301,0.35371512893526624,0.00412005455233846,1,1.1921435356886738,0,0.0008278948197691911,0.005969323043245822,0.0,0,1.652191233308206,1,0.007688922974336005,0.005949613987468183,0.0,"[[0, 0.0], [1, 0.0], [2, 0.0], [3, 0.0], [4, 0.0], [5, 0.0], [6, 0.0], [7, 0.0]]",8,0.27844700319488574,0,0,0,0.9966982762308467,lhs_main
540,482,2026-09-21T15:19:22,88.30071650351213,0.29394793958349985,0.001567912430258646,1,89.10463604329216,0,0.07015059502541159,0.04085018200566992,2.68,1,1.1854731504271414,0,0.00029379966804761237,0.009688892983831465,0.0,"[[0, 0.0], [1, 0.0], [2, 0.0], [3, 0.0], [4, 0.0], [5, 0.0], [6, 0.0], [7, 0.0]]",8,74.16377406876452,0,1,1,0.23718114603471452,lhs_main
544,486,2026-09-21T15:19:22,29.29270241524955,0.7020484176651256,0.006192582721404445,1,1.215933380335045,0,0.0035008210060270602,0.006046017981134355,0.0,1,1.2019534361390074,0,0.014563821287202775,0.009673324995674193,0.0,"[[0, 0.0], [1, 0.0], [2, 0.0], [3, 0.0], [4, 0.0], [5, 0.0], [6, 0.0], [7, 0.0]]",8,0.011631019784713809,1,1,1,1.5999497563285914,lhs_main
545,487,2026-09-21T15:19:22,74.42887157565951,0.516937346990129,0.007670491636891175,1,1.1996453074806546,0,0.001270960956997514,0.00599995197262615,0.0,1,1.1855816472771197,0,0.042871495790126696,0.009706004988402128,0.0,"[[0, 0.0], [1, 0.0], [2, 0.0], [3, 0.0], [4, 0.0], [5, 0.0], [6, 0.0], [7, 0.0]]",8,0.01186224519908381,1,1,1,1.6176804468909536,lhs_main
542,484,2026-09-21T15:19:22,90.5253878824884,0.22380889092511702,0.0006516745313888109,1,91.31174334329776,0,0.0013259611189594773,0.041528525995090604,2.744,1,1.1854911766758875,0,0.0016004888130921005,0.010570965998340398,0.0,"[[0, 0.0], [1, 0.0], [2, 0.0], [3, 0.0], [4, 0.0], [5, 0.0], [6, 0.0], [7, 0.0]]",8,76.02439726235292,0,1,1,0.25454710334746944,lhs_main
546,488,2026-09-21T15:19:22,111.62437051506889,0.7266757504889715,0.007966382301345032,1,1.19973047201454,0,0.0016961174864982163,0.006007425021380186,0.0,1,1.1929375010679244,0,0.5758836896429367,0.009501121006906033,0.0,"[[0, 0.0], [1, 0.0], [2, 0.0], [3, 0.0], [4, 0.0], [5, 0.0], [6, 0.0], [7, 0.0]]",8,0.0056943225781187845,1,1,1,1.581562977996716,lhs_main
547,489,2026-09-21T15:19:22,59.83780741955202,0.5305255310280931,0.0051909697171142535,1,1.185667985367005,0,0.002701547970843683,0.005999406042974442,0.0,1,1.1849212078691143,0,0.009074976032817922,0.009163931012153625,0.0,"[[0, 0.0], [1, 0.0], [2, 0.0], [3, 0.0], [4, 0.0], [5, 0.0], [6, 0.0], [7, 0.0]]",8,0.0006302338863810243,1,1,1,1.5274730442499347,lhs_main
548,490,2026-09-21T15:19:22,113.20357114073643,0.1411499039973083,0.006473200329829342,1,1.2808793970617087,0,0.00030242326640009313,0.006084417982492596,0.0,1,1.6053733177245548,0,1.8140750114265431,0.009458684013225138,0.0,"[[0, 0.0], [1, 0.0], [2, 0.0], [3, 0.0], [4, 0.0], [5, 0.0], [6, 0.0], [7, 0.0]]",8,0.20212988286287303,0,1,1,1.5545749881815665,lhs_main
549,491,2026-09-21T15:19:22,59.32600312643056,0.32481533299028437,0.005774105614669142,1,1.2204325691598326,0,0.0018487989870853742,0.006182726996485144,0.0,1,1.46627416061422,0,0.058214285937103226,0.009448599012102932,0.0,"[[0, 0.0], [1, 0.0], [2, 0.0], [3, 0.0], [4, 0.0], [5, 0.0], [6, 0.0], [7, 0.0]]",8,0.1676641368019503,0,1,1,1.5282251694882247,lhs_main
550,492,2026-09-21T15:19:22,30.841049888316487,0.5664271963985382,0.003787449645846826,1,1.2008368026297451,0,0.0019864050731642434,0.005940383009146899,0.0,1,1.1940677821081969,0,0.009022570668301972,0.009950396954081953,0.0,"[[0, 0.0], [1, 0.0], [2, 0.0], [3, 0.0], [4, 0.0], [5, 0.0], [6, 0.0], [7, 0.0]]",8,0.005668874600734273,1,1,1,1.6750429961772673,lhs_main
552,494,2026-09-21T15:19:22,109.49590851124655,0.362550853999446,0.003684957971686745,0,19.428607816056186,1,0.034332935294239426,0.001345230033621192,0.0,1,1.1843867140406648,0,0.047843739283760775,0.009133822983130813,0.0,"[[0, 0.0], [1, 0.0], [2, 0.0], [3, 0.0], [4, 0.0], [5, 0.0], [6, 0.0], [7, 0.0]]",8,15.403939343234752,0,0,0,6.789785207622593,lhs_main
553,495,2026-09-21T15:19:22,32.56732165997011,0.28946433696288687,0.005257972255874003,1,1.2190439128208652,0,0.0017239689608529423,0.006110351998358965,0.0,1,1.6105566998722942,0,1.568563990872016,0.009268821973819286,0.0,"[[0, 0.0], [1, 0.0], [2, 0.0], [3, 0.0], [4, 0.0], [5, 0.0], [6, 0.0], [7, 0.0]]",8,0.24309158881675708,0,1,1,1.5169047505460536,lhs_main
551,493,2026-09-21T15:19:22,31.53924067631801,0.7455759320411314,0.0006716164743115527,1,32.3461856062367,0,0.004915361229854837,0.01673271501203999,1.034,1,1.1870125395731617,0,0.17672002892539887,0.011814391007646918,0.0,"[[0, 0.0], [1, 0.0], [2, 0.0], [3, 0.0], [4, 0.0], [5, 0.0], [6, 0.0], [7, 0.0]]",8,26.250079108572923,0,1,1,0.7060653934012441,lhs_main
554,496,2026-09-21T15:19:22,34.87625704436607,0.5157438669861781,0.006424612364845047,1,1.1884879041190746,0,0.0006172444306377207,0.005877996969502419,0.0,1,1.707964879152269,0,0.03128099255862873,0.009335722017567605,0.0,"[[0, 0.0], [1, 0.0], [2, 0.0], [3, 0.0], [4, 0.0], [5, 0.0], [6, 0.0], [7, 0.0]]",8,0.30414968210062465,0,1,1,1.5882488653882185,lhs_main
556,498,2026-09-21T15:19:22,20.16230513939754,0.3697182024907113,0.00415845103761112,1,1.1905926097371184,0,0.0008233056532282298,0.006101549952290952,0.0,1,1.1844006171544301,0,0.2394746812756476,0.009720768954139203,0.0,"[[0, 0.0], [1, 0.0], [2, 0.0], [3, 0.0], [4, 0.0], [5, 0.0], [6, 0.0], [7, 0.0]]",8,0.005227954539203831,1,1,1,1.5931638731383884,lhs_main
558,500,2026-09-21T15:19:22,53.80511657537823,0.7382869706079962,0.00277357328851304,1,1.20483403609613,0,0.004863809957479487,0.00585956999566406,0.0,1,1.1874596734486602,0,0.0012623505955398709,0.010102548985742033,0.0,"[[0, 0.0], [1, 0.0], [2, 0.0], [3, 0.0], [4, 0.0], [5, 0.0], [6, 0.0], [7, 0.0]]",8,0.014631539104827557,1,1,1,1.7241109830956323,lhs_main
555,497,2026-09-21T15:19:22,66.09554982120352,0.5952999430360031,0.0002057660215331341,1,66.89788306917248,0,0.0020571285733060472,0.03146292001474649,2.036,1,1.18602106043884,0,0.018631949859650287,0.010796237969771028,0.0,"[[0, 0.0], [1, 0.0], [2, 0.0], [3, 0.0], [4, 0.0], [5, 0.0], [6, 0.0], [7, 0.0]]",8,55.40530788249206,0,1,1,0.34314163989581686,lhs_main
557,499,2026-09-21T15:19:22,82.01053604085408,0.44243300831390586,0.001331056486359892,1,82.82894864988435,0,0.05894759536355504,0.03745731699746102,2.498,1,1.1860317319795415,0,0.003373540026504335,0.009582781000062823,0.0,"[[0, 0.0], [1, 0.0], [2, 0.0], [3, 0.0], [4, 0.0], [5, 0.0], [6, 0.0], [7, 0.0]]",8,68.83704264947366,0,1,1,0.2558320180997581,lhs_main
561,503,2026-09-21T15:19:22,79.80129140064264,0.3044578094636393,0.004735353612338526,1,1.2071695835134764,0,0.0016822404357452483,0.005993794009555131,0.0,1,1.7715166268312383,0,0.23443212190666035,0.009930541971698403,0.0,"[[0, 0.0], [1, 0.0], [2, 0.0], [3, 0.0], [4, 0.0], [5, 0.0], [6, 0.0], [7, 0.0]]",8,0.31856717276609786,0,1,1,1.6568040135959667,lhs_main
560,502,2026-09-21T15:19:22,64.91378472847242,0.1531497415595897,0.0010474463879793716,1,65.72541030754444,0,0.09481072021993141,0.030530323972925544,2.0020000000000002,1,1.1854623597276086,0,0.0006805935303303318,0.009675706969574094,0.0,"[[0, 0.0], [1, 0.0], [2, 0.0], [3, 0.0], [4, 0.0], [5, 0.0], [6, 0.0], [7, 0.0]]",8,54.442848748606906,0,1,1,0.3169212019549666,lhs_main
559,501,2026-09-21T15:19:22,76.02571818265176,0.7795120717924465,0.0017851355820582815,1,76.82797928961001,0,0.0030587035894092595,0.0357766060042195,2.324,1,1.187459992096996,0,0.0012288020103731142,0.010978495003655553,0.0,"[[0, 0.0], [1, 0.0], [2, 0.0], [3, 0.0], [4, 0.0], [5, 0.0], [6, 0.0], [7, 0.0]]",8,63.69942549722083,0,1,1,0.3068623950064113,lhs_main
562,504,2026-09-21T15:19:22,40.458840599274104,0.6609775291866243,0.002929552173545502,1,1.206976510738388,0,0.00545029046773903,0.006052380020264536,0.0,1,1.1871612437382788,0,0.0013806046508371462,0.010176722018513829,0.0,"[[0, 0.0], [1, 0.0], [2, 0.0], [3, 0.0], [4, 0.0], [5, 0.0], [6, 0.0], [7, 0.0]]",8,0.01669130213324058,1,1,1,1.6814413477739665,lhs_main
563,505,2026-09-21T15:19:22,104.99097705085813,0.6502897762571844,0.003602600388099396,0,18.44177494186157,1,0.21691187329245204,0.0014258099836297333,0.0,1,1.2061995099183034,0,0.05257265205016253,0.010102842992637306,0.0,"[[0, 0.0], [1, 0.0], [2, 0.0], [3, 0.0], [4, 0.0], [5, 0.0], [6, 0.0], [7, 0.0]]",8,14.289158045761969,0,0,0,7.08568680864343,lhs_main
565,507,2026-09-21T15:19:22,96.96884846580508,0.40025114258583383,0.00478534808227394,1,1.1917450088274686,0,0.00090489812363824,0.006005236995406449,0.0,0,1.632917391600575,1,0.011224802477388598,0.006943579996004701,0.0,"[[0, 0.0], [1, 0.0], [2, 0.0], [3, 0.0], [4, 0.0], [5, 0.0], [6, 0.0], [7, 0.0]]",8,0.2701743425861073,0,0,0,1.1562541164180553,lhs_main
564,506,2026-09-21T15:19:22,69.57649912354947,0.2035162459277558,0.006658644677370769,1,1.273398954455906,0,0.0013056403748536402,0.005977051972877234,0.0,1,1.1863869582352293,0,0.03464790840918311,0.009291024005506188,0.0,"[[0, 0.0], [1, 0.0], [2, 0.0], [3, 0.0], [4, 0.0], [5, 0.0], [6, 0.0], [7, 0.0]]",8,0.07334200331240018,1,1,1,1.5544492582074159,lhs_main
566,508,2026-09-21T15:19:22,100.48651037729013,0.798043873377938,0.003976879743122336,0,19.97145867668497,1,0.25322807946636955,0.0013253710349090397,0.0,1,1.2278058708014763,0,0.025434610272356762,0.00972300604917109,0.0,"[[0, 0.0], [1, 0.0], [2, 0.0], [3, 0.0], [4, 0.0], [5, 0.0], [6, 0.0], [7, 0.0]]",8,15.26597424855786,0,0,0,7.336063481905186,lhs_main
567,509,2026-09-21T15:19:22,114.58737656585923,0.17424374675009377,0.007931029533038703,1,1.3217773131318633,0,0.0002932697270859438,0.006277540000155568,0.0,1,1.7432173430014586,0,0.05317895817831901,0.009975783992558718,0.0,"[[0, 0.0], [1, 0.0], [2, 0.0], [3, 0.0], [4, 0.0], [5, 0.0], [6, 0.0], [7, 0.0]]",8,0.24175988815253696,0,1,1,1.5891231266246812,lhs_main
569,511,2026-09-21T15:19:22,64.58114278930239,0.5425857757432985,0.004404674497689577,1,1.1895566281358652,0,0.0006403665138557951,0.005948280973825604,0.0,1,1.1994575767117353,0,0.15159999956495585,0.009232298994902521,0.0,"[[0, 0.0], [1, 0.0], [2, 0.0], [3, 0.0], [4, 0.0], [5, 0.0], [6, 0.0], [7, 0.0]]",8,0.008254521683887434,1,1,1,1.5520953088005895,lhs_main
570,512,2026-09-21T15:19:22,47.8339961641682,0.48783374344348496,0.00379452552551173,1,1.186970947248472,0,0.0006465256798345601,0.005945573968347162,0.0,1,1.1852250006096774,0,0.009523900494078379,0.009167303971480578,0.0,"[[0, 0.0], [1, 0.0], [2, 0.0], [3, 0.0], [4, 0.0], [5, 0.0], [6, 0.0], [7, 0.0]]",8,0.0014730929890075383,1,1,1,1.5418703089533743,lhs_main
571,513,2026-09-21T15:19:22,79.21132352974442,0.5016222906404927,0.0025952673829573287,0,13.089765420839498,1,0.027646760832032255,0.0013970000436529517,0.0,1,1.186159999829666,0,0.00467669769894753,0.009485575021244586,0.0,"[[0, 0.0], [1, 0.0], [2, 0.0], [3, 0.0], [4, 0.0], [5, 0.0], [6, 0.0], [7, 0.0]]",8,10.035412948269377,0,0,0,6.789960432958318,lhs_main
568,510,2026-09-21T15:19:22,61.16212730166543,0.13039953377742344,0.0013925700288817365,1,61.99982787801771,0,0.0003277305729544531,0.02912318496964872,1.8940000000000001,1,1.1854838436276611,0,0.0002832342719755992,0.009628093976061791,0.0,"[[0, 0.0], [1, 0.0], [2, 0.0], [3, 0.0], [4, 0.0], [5, 0.0], [6, 0.0], [7, 0.0]]",8,51.29917574270268,0,1,1,0.3305989364176993,lhs_main
573,515,2026-09-21T15:19:22,63.40563923627065,0.7318132263477396,0.005368272985768452,1,1.2497116421040675,0,0.005607876628399428,0.005957707006018609,0.0,0,1.2217513006732346,1,0.020065662953655364,0.00721232098294422,0.0,"[[0, 0.0], [1, 0.0], [2, 0.0], [3, 0.0], [4, 0.0], [5, 0.0], [6, 0.0], [7, 0.0]]",8,0.022885460744282115,0,0,0,1.2105867199676272,lhs_main
572,514,2026-09-21T15:19:22,87.29086486118379,0.3036391061668882,0.0073936172547788715,1,1.2648889808852726,0,0.0015316683360464517,0.0060041690012440085,0.0,1,1.3084866746067216,0,0.0363037643926907,0.009661633986979723,0.0,"[[0, 0.0], [1, 0.0], [2, 0.0], [3, 0.0], [4, 0.0], [5, 0.0], [6, 0.0], [7, 0.0]]",8,0.033319172879275036,1,1,1,1.6091542368274312,lhs_main
574,516,2026-09-21T15:19:22,26.708719228419632,0.16105912195988756,0.0025542144155268373,1,1.1965094964411152,0,0.00029926366390324875,0.005980787973385304,0.0,1,1.185471034874485,0,0.0017903750505328855,0.009582881000824273,0.0,"[[0, 0.0], [1, 0.0], [2, 0.0], [3, 0.0], [4, 0.0], [5, 0.0], [6, 0.0], [7, 0.0]]",8,0.009311456157002485,1,1,1,1.6022773325970419,lhs_main
575,517,2026-09-21T15:19:22,79.72169863166312,0.3882743454706483,0.006014761022635833,1,1.20866248732209,0,0.0009711293562571492,0.006187541002873331,0.0,1,1.2532258674119094,0,0.174675091498812,0.00956909399246797,0.0,"[[0, 0.0], [1, 0.0], [2, 0.0], [3, 0.0], [4, 0.0], [5, 0.0], [6, 0.0], [7, 0.0]]",8,0.035558937338126664,1,1,1,1.5465099929074142,lhs_main
577,519,2026-09-21T15:19:22,55.87755579828121,0.7201507536249419,0.00481347962653892,1,1.242531647436826,0,0.004478110772260284,0.006104441999923438,0.0,0,1.2190247451418748,1,0.008642446862641885,0.007320186996366829,0.0,"[[0, 0.0], [1, 0.0], [2, 0.0], [3, 0.0], [4, 0.0], [5, 0.0], [6, 0.0], [7, 0.0]]",8,0.019283367617131845,0,0,0,1.1991574326463645,lhs_main
576,518,2026-09-21T15:19:22,72.04402603122554,0.5851754979499117,0.004625109048183286,1,1.1960436565456458,0,0.0014532589468784413,0.006111480004619807,0.0,1,1.1901629242377572,0,0.05217579891576954,0.00939766998635605,0.0,"[[0, 0.0], [1, 0.0], [2, 0.0], [3, 0.0], [4, 0.0], [5, 0.0], [6, 0.0], [7, 0.0]]",8,0.004941115361709817,1,1,1,1.537707720429771,lhs_main
578,520,2026-09-21T15:19:22,50.9588360413974,0.44443396956585457,0.005484500732381574,1,1.1913120720277617,0,0.001407713974258587,0.005977311986498535,0.0,1,1.4704655157571627,0,0.021703450234399548,0.009594845003448427,0.0,"[[0, 0.0], [1, 0.0], [2, 0.0], [3, 0.0], [4, 0.0], [5, 0.0], [6, 0.0], [7, 0.0]]",8,0.18984018376361658,0,1,1,1.6052106741493706,lhs_main
581,523,2026-09-21T15:19:22,105.38733430425948,0.14452682606247075,0.00395890288456474,0,20.994250864014795,1,0.06335772840653198,0.0013415160356089473,0.0,1,1.5783332089679878,0,0.007227308627790174,0.009417238994501531,0.0,"[[0, 0.0], [1, 0.0], [2, 0.0], [3, 0.0], [4, 0.0], [5, 0.0], [6, 0.0], [7, 0.0]]",8,12.301532746524506,0,0,0,7.0198482496907415,lhs_main
580,522,2026-09-21T15:19:22,113.9527279129233,0.12093123529874995,0.0053095423706793965,1,1.2513637427415565,0,0.00035572503769119927,0.00592815998243168,0.0,1,1.5120298996689931,0,0.011585947748954785,0.009611289948225021,0.0,"[[0, 0.0], [1, 0.0], [2, 0.0], [3, 0.0], [4, 0.0], [5, 0.0], [6, 0.0], [7, 0.0]]",8,0.17239484284305526,0,1,1,1.6212939557482309,lhs_main
582,524,2026-09-21T15:19:22,47.61751024074087,0.576647893562828,0.003061984167092815,1,1.2083443681542254,0,0.0030733967610104417,0.006131116009783,0.0,0,1.2007093156451882,1,0.01299961634570194,0.00852984597440809,0.0,"[[0, 0.0], [1, 0.0], [2, 0.0], [3, 0.0], [4, 0.0], [5, 0.0], [6, 0.0], [7, 0.0]]",8,0.006358785102732849,0,0,0,1.3912387175185728,lhs_main
579,521,2026-09-21T15:19:22,62.296848864742394,0.21068935229570374,0.0004323649163213703,1,63.10484803352735,0,0.0009277908972856199,0.02884718496352434,1.926,1,1.185522404076203,0,0.0048678530606173906,0.00962194602470845,0.0,"[[0, 0.0], [1, 0.0], [2, 0.0], [3, 0.0], [4, 0.0], [5, 0.0], [6, 0.0], [7, 0.0]]",8,52.22957020175479,0,1,1,0.3335488726846264,lhs_main
583,525,2026-09-21T15:19:22,108.5596265496781,0.4628791829310567,0.0045181153774639105,1,1.1857136183127734,0,0.0005770991450525017,0.0061830400372855365,0.0,0,1.6584037130013396,1,0.00891182073750032,0.005867121974006295,0.0,"[[0, 0.0], [1, 0.0], [2, 0.0], [3, 0.0], [4, 0.0], [5, 0.0], [6, 0.0], [7, 0.0]]",8,0.28502715652577915,0,0,0,0.9489057063557468,lhs_main
584,526,2026-09-21T15:19:22,70.22717263416146,0.661471619650192,0.007834433587587895,1,1.1864415853977435,0,0.002553663523316533,0.00617193104699254,0.0,1,1.185103757379004,0,0.011726410487850421,0.009043016994837672,0.0,"[[0, 0.0], [1, 0.0], [2, 0.0], [3, 0.0], [4, 0.0], [5, 0.0], [6, 0.0], [7, 0.0]]",8,0.0011288699494956113,1,1,1,1.4651843849169628,lhs_main
585,527,2026-09-21T15:19:22,109.38188418829291,0.3558836994589165,0.004712994534949186,1,1.1977119305636001,0,0.0008673900708074703,0.005903612996917218,0.0,1,1.565808843155316,0,0.013152645687383635,0.0099647730239667,0.0,"[[0, 0.0], [1, 0.0], [2, 0.0], [3, 0.0], [4, 0.0], [5, 0.0], [6, 0.0], [7, 0.0]]",8,0.23508419575019834,0,1,1,1.68791095032316,lhs_main
588,530,2026-09-21T15:19:22,101.86936162299544,0.6632580052474412,0.004233043844051055,1,1.228974533691608,0,0.002651019778192967,0.005884158017579466,0.0,0,1.2115612309768111,1,0.03071939793119537,0.007321056968066841,0.0,"[[0, 0.0], [1, 0.0], [2, 0.0], [3, 0.0], [4, 0.0], [5, 0.0], [6, 0.0], [7, 0.0]]",8,0.014372614664103752,0,0,0,1.2441978862896792,lhs_main
589,531,2026-09-21T15:19:22,27.554270879467577,0.20958933050868225,0.00022129803133419656,1,28.346228784785016,0,0.000668832848270715,0.015161347982939333,0.918,1,1.1855071371839312,0,0.005618400677054057,0.009306446998380125,0.0,"[[0, 0.0], [1, 0.0], [2, 0.0], [3, 0.0], [4, 0.0], [5, 0.0], [6, 0.0], [7, 0.0]]",8,22.910635284844435,0,1,1,0.6138271484074124,lhs_main
590,532,2026-09-21T15:19:22,37.212666061626976,0.645736934989349,0.0015022830021946799,1,1.190556625025051,0,0.0005067138529348309,0.005872369976714253,0.0,1,1.1870113137609681,0,0.004761007403634368,0.010197255003731698,0.0,"[[0, 0.0], [1, 0.0], [2, 0.0], [3, 0.0], [4, 0.0], [5, 0.0], [6, 0.0], [7, 0.0]]",8,0.002986754399879959,1,1,1,1.7364803382904923,lhs_main
587,529,2026-09-21T15:19:22,94.09190466156585,0.7605440677213966,0.0027948682540967448,1,94.89632575969227,0,0.028177304620234447,0.04260912601603195,2.848,1,1.1870159449237716,0,0.006527404940446073,0.011391187959816307,0.0,"[[0, 0.0], [1, 0.0], [2, 0.0], [3, 0.0], [4, 0.0], [5, 0.0], [6, 0.0], [7, 0.0]]",8,78.94528309877622,0,1,1,0.2673415069703683,lhs_main
586,528,2026-09-21T15:19:22,116.4108612696351,0.6426703662486772,0.002275667628581354,1,117.24210217577341,0,0.10992248882748816,0.05135852796956897,3.496,1,1.1870087334476247,0,0.0010577832876640485,0.010222679004073143,0.0,"[[0, 0.0], [1, 0.0], [2, 0.0], [3, 0.0], [4, 0.0], [5, 0.0], [6, 0.0], [7, 0.0]]",8,97.77105270763079,0,1,1,0.199045405081125,lhs_main
591,533,2026-09-21T15:19:22,57.700470459526926,0.6046726305626464,0.0035438689133635484,1,1.2155827739191947,0,0.002061816898213609,0.006197422044351697,0.0,0,1.2044063010088466,1,0.021697160483990133,0.007984958996530622,0.0,"[[0, 0.0], [1, 0.0], [2, 0.0], [3, 0.0], [4, 0.0], [5, 0.0], [6, 0.0], [7, 0.0]]",8,0.009279653303861265,0,0,0,1.2884323416069554,lhs_main
592,534,2026-09-21T15:19:22,52.31266650213223,0.43740725915003864,0.002680219510197271,1,1.1878917442480479,0,0.0005170904168094993,0.006034900026861578,0.0,1,1.1853483250633903,0,0.00046621414178332586,0.009353626985102892,0.0,"[[0, 0.0], [1, 0.0], [2, 0.0], [3, 0.0], [4, 0.0], [5, 0.0], [6, 0.0], [7, 0.0]]",8,0.0021457145810043613,1,1,1,1.549922441708981,lhs_main
593,535,2026-09-21T15:19:22,34.30441068385203,0.7630095275121997,0.0012149307879247766,1,3.658723041506068,0,0.008444883363252746,0.006124840001575649,0.0,1,1.187192570357623,0,0.003533257711073122,0.010975620010867715,0.0,"[[0, 0.0], [1, 0.0], [2, 0.0], [3, 0.0], [4, 0.0], [5, 0.0], [6, 0.0], [7, 0.0]]",8,2.0818277782886865,0,1,1,1.7919847715277748,lhs_main
594,536,2026-09-21T15:19:22,26.881408673770075,0.6274808451188876,0.0010617982563163352,1,3.687050671994229,0,0.03578904963319386,0.00596572901122272,0.0,1,1.1868432822785044,0,0.00587641898669858,0.010324416041839868,0.0,"[[0, 0.0], [1, 0.0], [2, 0.0], [3, 0.0], [4, 0.0], [5, 0.0], [6, 0.0], [7, 0.0]]",8,2.1066028068304186,0,1,1,1.7306210225804075,lhs_main
595,537,2026-09-21T15:19:22,78.9898333076103,0.1322260580582458,0.007848495918735798,1,1.328183856237636,0,0.0002593346513573773,0.0059307069750502706,0.0,1,1.546913044467255,0,0.011659176763630168,0.010016253974754363,0.0,"[[0, 0.0], [1, 0.0], [2, 0.0], [3, 0.0], [4, 0.0], [5, 0.0], [6, 0.0], [7, 0.0]]",8,0.14139720976038936,0,1,1,1.6888802661961666,lhs_main
597,539,2026-09-21T15:19:22,83.03555729078124,0.36789254277846606,0.005203491887238817,1,1.2015388941024374,0,0.0009057895513766921,0.006438101001549512,0.0,0,1.3413210407400893,1,0.07014532476428238,0.008423829975072294,0.0,"[[0, 0.0], [1, 0.0], [2, 0.0], [3, 0.0], [4, 0.0], [5, 0.0], [6, 0.0], [7, 0.0]]",8,0.10421229697591672,0,0,0,1.3084339579395943,lhs_main
598,540,2026-09-21T15:19:22,63.114366027298225,0.5905068885580548,0.004898300335939254,1,1.1944845031087792,0,0.0010101963110505817,0.005984243005514145,0.0,1,1.190535654678259,0,0.11035118905449691,0.009304000996053219,0.0,"[[0, 0.0], [1, 0.0], [2, 0.0], [3, 0.0], [4, 0.0], [5, 0.0], [6, 0.0], [7, 0.0]]",8,0.0033168670043630874,1,1,1,1.5547498635132468,lhs_main
596,538,2026-09-21T15:19:22,68.82064892568187,0.6411342143574739,7.903470690281245e-05,1,69.65649058992733,0,0.002161868694573717,0.03248679294483736,2.116,1,1.186119151807114,0,0.0033372900738331563,0.011096268950495869,0.0,"[[0, 0.0], [1, 0.0], [2, 0.0], [3, 0.0], [4, 0.0], [5, 0.0], [6, 0.0], [7, 0.0]]",8,57.72638552695322,0,1,1,0.34156246106956,lhs_main
599,541,2026-09-21T15:19:22,66.87378691142563,0.13731325691122975,0.00010139952649014081,1,67.72554402121244,0,9.571463172677378e-05,0.03067119896877557,2.06,1,1.185495464720136,0,0.012527396436327247,0.009205760026816279,0.0,"[[0, 0.0], [1, 0.0], [2, 0.0], [3, 0.0], [4, 0.0], [5, 0.0], [6, 0.0], [7, 0.0]]",8,56.12847162785279,0,1,1,0.3001434680198869,lhs_main
701,743,2026-09-21T15:19:37,87.27741861921588,0.7785937583300513,0.003387158330552146,0,16.714618764619765,1,0.0261324239685091,0.003988481010310352,0.0,1,1.2059130055972673,0,0.01896198845477648,0.00941290898481384,0.0,"[[0, 0.0], [1, 0.0], [2, 0.0], [3, 0.0], [4, 0.0], [5, 0.0], [6, 0.0], [7, 0.0]]",8,12.860551040612842,0,0,0,2.360023517845808,boundary
703,745,2026-09-21T15:19:37,64.3743271035311,0.7417838025923369,0.0077745553557924734,1,1.2085832068907085,0,0.00279210585104762,0.007912725035566837,0.0,1,1.197578142231346,0,0.14119851711921574,0.009525945992209017,0.0,"[[0, 0.0], [1, 0.0], [2, 0.0], [3, 0.0], [4, 0.0], [5, 0.0], [6, 0.0], [7, 0.0]]",8,0.009189433466828023,1,1,1,1.2038767869970115,boundary
702,744,2026-09-21T15:19:37,81.1802512869154,0.5148601861325095,0.007823721709761162,1,1.2019264498305686,0,0.0010135487264754327,0.007948226004373282,0.0,1,1.5266400154608017,0,0.10254550529764514,0.00982236402342096,0.0,"[[0, 0.0], [1, 0.0], [2, 0.0], [3, 0.0], [4, 0.0], [5, 0.0], [6, 0.0], [7, 0.0]]",8,0.21269818840181615,0,1,1,1.2357932471996251,boundary
700,742,2026-09-21T15:19:37,29.27944028767077,0.5590459479518699,0.007192360418551376,1,1.1877146286114806,0,0.00048239696622970525,0.008285715011879802,0.0,1,1.4891013432828257,0,0.026487222873760007,0.00987823202740401,0.0,"[[0, 0.0], [1, 0.0], [2, 0.0], [3, 0.0], [4, 0.0], [5, 0.0], [6, 0.0], [7, 0.0]]",8,0.20239503243407028,0,1,1,1.192200312615255,boundary
704,746,2026-09-21T15:19:37,25.16752281718098,0.16377602181339695,0.003490860319095657,1,1.2086447747699687,0,0.00035637489177653094,0.005862343008629978,0.0,1,1.1843318767269166,0,0.007368564258242954,0.008960628998465836,0.0,"[[0, 0.0], [1, 0.0], [2, 0.0], [3, 0.0], [4, 0.0], [5, 0.0], [6, 0.0], [7, 0.0]]",8,0.020528788020334695,1,1,1,1.5285064325432443,boundary
707,749,2026-09-21T15:19:37,82.42987314240301,0.6541289499856575,0.0037879085467139636,1,1.220988532722769,0,0.0046327556310826095,0.005844525003340095,0.0,0,1.2078288304782778,1,0.015327921391410298,0.007237048994284123,0.0,"[[0, 0.0], [1, 0.0], [2, 0.0], [3, 0.0], [4, 0.0], [5, 0.0], [6, 0.0], [7, 0.0]]",8,0.010895337081232071,0,0,0,1.2382612770324728,boundary
705,747,2026-09-21T15:19:37,45.71175240676753,0.25779564403737787,0.002047681142043765,1,1.1867943090822735,0,0.0007409435552163395,0.005747368035372347,0.0,1,1.1854233928007696,0,0.0072879018212377595,0.009563779982272536,0.0,"[[0, 0.0], [1, 0.0], [2, 0.0], [3, 0.0], [4, 0.0], [5, 0.0], [6, 0.0], [7, 0.0]]",8,0.0011564781746586312,1,1,1,1.6640277642586951,boundary
706,748,2026-09-21T15:19:37,39.04544996041181,0.6590907828627899,0.004838968287474802,1,1.2191696173283724,0,0.003959105561175717,0.005899368959944695,0.0,1,1.2040088477395723,0,0.013432109118772174,0.010292791994288564,0.0,"[[0, 0.0], [1, 0.0], [2, 0.0], [3, 0.0], [4, 0.0], [5, 0.0], [6, 0.0], [7, 0.0]]",8,0.012591908786437228,1,1,1,1.7447276249670365,boundary
708,750,2026-09-21T15:19:37,29.171379252309855,0.24085282913691325,0.0068683021826503755,1,1.269700192744155,0,0.001007285033049305,0.0058775280485861,0.0,1,1.4636202429519483,0,0.04741716954295093,0.009266366017982364,0.0,"[[0, 0.0], [1, 0.0], [2, 0.0], [3, 0.0], [4, 0.0], [5, 0.0], [6, 0.0], [7, 0.0]]",8,0.1324934190693343,0,1,1,1.5765753802249372,boundary
709,751,2026-09-21T15:19:37,97.3168882173984,0.34958442709521576,0.005958873486370572,1,1.217538757958536,0,0.001564027193409499,0.005760689033195376,0.0,1,1.6012572993374778,0,0.057968495688848765,0.009092199965380132,0.0,"[[0, 0.0], [1, 0.0], [2, 0.0], [3, 0.0], [4, 0.0], [5, 0.0], [6, 0.0], [7, 0.0]]",8,0.2396357796699543,0,1,1,1.578318133991831,boundary
710,752,2026-09-21T15:19:37,87.02304450323233,0.7494473117281897,0.0036310952132426566,1,1.2189294546830813,0,0.0038807281264776456,0.0057506809826008976,0.0,1,1.2080595986833145,0,0.32792415340013326,0.009650366031564772,0.0,"[[0, 0.0], [1, 0.0], [2, 0.0], [3, 0.0], [4, 0.0], [5, 0.0], [6, 0.0], [7, 0.0]]",8,0.008997781244910526,1,1,1,1.678125783844149,boundary
711,753,2026-09-21T15:19:37,31.452508209981726,0.5229234392440394,0.004042247836910021,1,1.1892052202968693,0,0.0006612842794000898,0.005835221032612026,0.0,1,1.199355628435202,0,0.1318800012092131,0.009183977032080293,0.0,"[[0, 0.0], [1, 0.0], [2, 0.0], [3, 0.0], [4, 0.0], [5, 0.0], [6, 0.0], [7, 0.0]]",8,0.008463217996130151,1,1,1,1.5738867440929243,boundary
712,754,2026-09-21T15:19:37,92.93706063604675,0.34133043638655125,0.007542444932957662,1,1.2555121042297095,0,0.0017621172560177833,0.005901364027522504,0.0,1,1.7509637533419433,0,0.361971098036745,0.009524815017357469,0.0,"[[0, 0.0], [1, 0.0], [2, 0.0], [3, 0.0], [4, 0.0], [5, 0.0], [6, 0.0], [7, 0.0]]",8,0.282959397741158,0,1,1,1.6140022836984949,boundary
714,756,2026-09-21T15:19:37,78.81524597240625,0.37639145505923555,0.005227355562402308,1,1.2002004184045774,0,0.0008597333644220817,0.005812579998746514,0.0,0,1.6336180666632454,1,0.010031752415235809,0.006447100022342056,0.0,"[[0, 0.0], [1, 0.0], [2, 0.0], [3, 0.0], [4, 0.0], [5, 0.0], [6, 0.0], [7, 0.0]]",8,0.265311493000287,0,0,0,1.1091632328040864,boundary
713,755,2026-09-21T15:19:37,94.57428649500973,0.3403742266426647,0.007719881692402221,1,1.260616458402815,0,0.0006039700278209253,0.005816527991555631,0.0,1,1.6923583184815303,0,0.05103433728934128,0.009822683990933001,0.0,"[[0, 0.0], [1, 0.0], [2, 0.0], [3, 0.0], [4, 0.0], [5, 0.0], [6, 0.0], [7, 0.0]]",8,0.25511255823536,0,1,1,1.6887538416721215,boundary
715,757,2026-09-21T15:19:37,71.1042405266506,0.7032235894961065,0.007459558481718743,1,1.1978673376212412,0,0.001338933828221601,0.005793932010419667,0.0,1,1.1923692344576489,0,0.2461490272739507,0.009317102958448231,0.0,"[[0, 0.0], [1, 0.0], [2, 0.0], [3, 0.0], [4, 0.0], [5, 0.0], [6, 0.0], [7, 0.0]]",8,0.004611074325557519,1,1,1,1.608079442715686,boundary
716,758,2026-09-21T15:19:37,55.63138822466134,0.5624401556907497,0.006961257163504979,1,1.1865876866482687,0,0.0005178693766632259,0.005910443956963718,0.0,1,1.185879027773417,0,0.3757676958108989,0.00988164299633354,0.0,"[[0, 0.0], [1, 0.0], [2, 0.0], [3, 0.0], [4, 0.0], [5, 0.0], [6, 0.0], [7, 0.0]]",8,0.0005975810839511039,1,1,1,1.671895219426103,boundary
717,759,2026-09-21T15:19:37,89.51089561042347,0.2527760228617748,0.007339334722698215,1,1.2800248834569226,0,0.0009620338967269044,0.005876702023670077,0.0,1,1.5199503381297348,0,0.044948124356213426,0.009490907017607242,0.0,"[[0, 0.0], [1, 0.0], [2, 0.0], [3, 0.0], [4, 0.0], [5, 0.0], [6, 0.0], [7, 0.0]]",8,0.15785085121138576,0,1,1,1.6150056578298395,boundary
718,760,2026-09-21T15:19:37,114.71803038715666,0.3458966599039244,0.005942780892477065,1,1.2182008405718112,0,0.0016368995449085207,0.00587776699103415,0.0,1,1.7381603940507169,0,0.04058037404071943,0.00924394401954487,0.0,"[[0, 0.0], [1, 0.0], [2, 0.0], [3, 0.0], [4, 0.0], [5, 0.0], [6, 0.0], [7, 0.0]]",8,0.2991435975981248,0,1,1,1.5726965756971025,boundary
719,761,2026-09-21T15:19:37,64.01073201090395,0.39230065928500757,0.003836224778509105,1,1.18689252538284,0,0.0009086969816125189,0.005800871993415058,0.0,1,1.1842616385254425,0,0.04801190591459831,0.009354552952572703,0.0,"[[0, 0.0], [1, 0.0], [2, 0.0], [3, 0.0], [4, 0.0], [5, 0.0], [6, 0.0], [7, 0.0]]",8,0.0022215419057846214,1,1,1,1.6126115113713346,boundary
720,762,2026-09-21T15:19:37,35.355611905377145,0.2892676408058629,0.006523942507816849,1,1.2465720261098046,0,0.0015536016156675928,0.005955828004516661,0.0,1,1.3076365137604125,0,0.24249359455366762,0.010306964977644384,0.0,"[[0, 0.0], [1, 0.0], [2, 0.0], [3, 0.0], [4, 0.0], [5, 0.0], [6, 0.0], [7, 0.0]]",8,0.046698365339311904,1,1,1,1.730567936117026,boundary
721,763,2026-09-21T15:19:37,76.10183028382772,0.3712829390296952,0.005150040476805043,1,1.2002063677753907,0,0.0008650889385741553,0.005886768980417401,0.0,1,1.5839086974638983,0,1.8610246555337544,0.009858583973255008,0.0,"[[0, 0.0], [1, 0.0], [2, 0.0], [3, 0.0], [4, 0.0], [5, 0.0], [6, 0.0], [7, 0.0]]",8,0.24225028267278217,0,1,1,1.6747020319720423,boundary
722,764,2026-09-21T15:19:37,88.97490888867458,0.2963071934021532,0.0047428381117338905,1,1.2088163556129126,0,0.0017698933029182537,0.005879710020963103,0.0,1,1.5994167079025843,0,0.01575286668342448,0.010332081990782171,0.0,"[[0, 0.0], [1, 0.0], [2, 0.0], [3, 0.0], [4, 0.0], [5, 0.0], [6, 0.0], [7, 0.0]]",8,0.24421425033247934,0,1,1,1.7572434616579553,boundary
723,765,2026-09-21T15:19:37,30.451919249823085,0.35062230417769447,0.005268743369769237,1,1.2059414083751012,0,0.0011748981509305462,0.006000534980557859,0.0,0,1.6393702982007952,1,0.010171539340421755,0.006711513036862016,0.0,"[[0, 0.0], [1, 0.0], [2, 0.0], [3, 0.0], [4, 0.0], [5, 0.0], [6, 0.0], [7, 0.0]]",8,0.2643874238183899,0,0,0,1.1184857781194133,boundary
725,767,2026-09-21T15:19:37,81.54202463786865,0.7553725954094408,0.00495628140399004,1,1.246438203926707,0,0.006120657666683318,0.005863167985808104,0.0,0,1.2219260580317146,1,0.02808052404248727,0.007396163011435419,0.0,"[[0, 0.0], [1, 0.0], [2, 0.0], [3, 0.0], [4, 0.0], [5, 0.0], [6, 0.0], [7, 0.0]]",8,0.020060253019300284,0,0,0,1.2614618972777099,boundary
724,766,2026-09-21T15:19:37,82.78031632084209,0.6870781292776351,0.0035683254348990714,1,1.2174570261754856,0,0.0057013060080309775,0.00595233601052314,0.0,1,1.2065815334804668,0,0.015822364664394364,0.01037686096969992,0.0,"[[0, 0.0], [1, 0.0], [2, 0.0], [3, 0.0], [4, 0.0], [5, 0.0], [6, 0.0], [7, 0.0]]",8,0.00901347517199907,1,1,1,1.743325805424065,boundary
726,768,2026-09-21T15:19:37,71.85482629254652,0.5451867318504882,0.005653459477372086,1,1.1855311436520253,0,0.007425211548418766,0.005903460027184337,0.0,1,1.1856718922449534,0,0.03056592338059907,0.009250671020708978,0.0,"[[0, 0.0], [1, 0.0], [2, 0.0], [3, 0.0], [4, 0.0], [5, 0.0], [6, 0.0], [7, 0.0]]",8,0.00011870787681541957,1,1,1,1.5669913877812935,boundary
727,769,2026-09-21T15:19:37,80.50173040722758,0.6271726090936717,0.004465760330580652,1,1.211654064449046,0,0.003223804171984024,0.005913110973779112,0.0,1,1.1999498872905745,0,0.6966999540195972,0.009503196983132511,0.0,"[[0, 0.0], [1, 0.0], [2, 0.0], [3, 0.0], [4, 0.0], [5, 0.0], [6, 0.0], [7, 0.0]]",8,0.009753888293534525,1,1,1,1.6071399683302323,boundary
728,770,2026-09-21T15:19:37,41.68001855365374,0.533185979371924,0.004385422608497624,1,1.1883349339521392,0,0.0006850250998608987,0.005963718984276056,0.0,1,1.1860703326529465,0,0.009359215350170338,0.009319346980191767,0.0,"[[0, 0.0], [1, 0.0], [2, 0.0], [3, 0.0], [4, 0.0], [5, 0.0], [6, 0.0], [7, 0.0]]",8,0.0019093313750857838,1,1,1,1.5626737283837755,boundary
729,771,2026-09-21T15:19:37,36.35092281589114,0.3849248467292682,0.005281981593738114,1,1.199256272474769,0,0.00083555502454027,0.005898024013731629,0.0,1,1.6759287698473548,0,0.009994949129480832,0.009230964991729707,0.0,"[[0, 0.0], [1, 0.0], [2, 0.0], [3, 0.0], [4, 0.0], [5, 0.0], [6, 0.0], [7, 0.0]]",8,0.28442288595356086,0,1,1,1.5650945079637537,boundary
730,772,2026-09-21T15:19:37,105.38315316829078,0.7832892878112697,0.004581560208839273,1,1.2383681467655199,0,0.00507192803948134,0.005913434026297182,0.0,1,1.218776589357771,0,0.010745190248324852,0.010960565006826073,0.0,"[[0, 0.0], [1, 0.0], [2, 0.0], [3, 0.0], [4, 0.0], [5, 0.0], [6, 0.0], [7, 0.0]]",8,0.016074773325005093,1,1,1,1.8535025432065666,boundary
731,773,2026-09-21T15:19:37,20.048287789835676,0.6954786628443242,0.0009823150245073338,1,1.1872321646175543,0,0.0019385684590549725,0.0058733909972943366,0.0,1,1.1868139947402911,0,0.17563305915975047,0.01136432500788942,0.0,"[[0, 0.0], [1, 0.0], [2, 0.0], [3, 0.0], [4, 0.0], [5, 0.0], [6, 0.0], [7, 0.0]]",8,0.00035234660116616027,1,1,1,1.9348831046876604,boundary
732,774,2026-09-21T15:19:37,67.2043636745299,0.5331771062828337,0.00496089363741845,1,1.1861695697574144,0,0.0011460226817874184,0.0060702680493704975,0.0,1,1.1853192872712563,0,0.007993917202422237,0.009252014046069235,0.0,"[[0, 0.0], [1, 0.0], [2, 0.0], [3, 0.0], [4, 0.0], [5, 0.0], [6, 0.0], [7, 0.0]]",8,0.0007173446811242632,1,1,1,1.5241524708334242,boundary
733,775,2026-09-21T15:19:37,44.344232980159376,0.25561751437460145,0.007471519635442047,1,1.2831381705175209,0,0.0009479301138474001,0.005973874998744577,0.0,1,1.5172733171827342,0,0.044067143246326226,0.009601834986824542,0.0,"[[0, 0.0], [1, 0.0], [2, 0.0], [3, 0.0], [4, 0.0], [5, 0.0], [6, 0.0], [7, 0.0]]",8,0.15431309838095242,0,1,1,1.6073043022899522,boundary
735,777,2026-09-21T15:19:37,92.97303746374652,0.7960053647125096,0.006772926059471337,1,1.2643244442532697,0,0.008169083115779872,0.005874238966498524,0.0,0,1.2295443461241085,1,0.011036835346568434,0.0075332329724915326,0.0,"[[0, 0.0], [1, 0.0], [2, 0.0], [3, 0.0], [4, 0.0], [5, 0.0], [6, 0.0], [7, 0.0]]",8,0.028286981464961836,0,0,0,1.2824185422919372,boundary
734,776,2026-09-21T15:19:37,67.83342197827292,0.5766121596945508,0.005443877509308392,1,1.1877026427272248,0,0.0005233798260395669,0.005940789997112006,0.0,1,1.1860541102782391,0,0.01138045084066108,0.00952649099053815,0.0,"[[0, 0.0], [1, 0.0], [2, 0.0], [3, 0.0], [4, 0.0], [5, 0.0], [6, 0.0], [7, 0.0]]",8,0.0013899302187814428,1,1,1,1.6035730930009746,boundary
737,779,2026-09-21T15:19:37,102.73096115494529,0.7881468686691595,0.003785951695432427,0,19.056908000577767,1,0.09667395540756087,0.001423211011569947,0.0,1,1.2239239484218418,0,0.023695682150505035,0.009354656038340181,0.0,"[[0, 0.0], [1, 0.0], [2, 0.0], [3, 0.0], [4, 0.0], [5, 0.0], [6, 0.0], [7, 0.0]]",8,14.570336723250021,0,0,0,6.572922751645268,boundary
736,778,2026-09-21T15:19:37,60.93164158082288,0.6325391226890624,0.003680001386956043,1,1.2188027000339603,0,0.0033114677173027023,0.005986602045595646,0.0,0,1.206381219662305,1,0.010318459778363907,0.007865603023674339,0.0,"[[0, 0.0], [1, 0.0], [2, 0.0], [3, 0.0], [4, 0.0], [5, 0.0], [6, 0.0], [7, 0.0]]",8,0.010296480224661014,0,0,0,1.3138676938549936,boundary
738,780,2026-09-21T15:19:37,34.50164392653951,0.6820607108023303,0.004136936231018251,1,1.2278688060928733,0,0.004952410204305521,0.006098882993683219,0.0,0,1.2115567983919668,1,0.015968232361244353,0.007630595006048679,0.0,"[[0, 0.0], [1, 0.0], [2, 0.0], [3, 0.0], [4, 0.0], [5, 0.0], [6, 0.0], [7, 0.0]]",8,0.013463675597014104,0,0,0,1.2511463187524496,boundary
739,781,2026-09-21T15:19:37,56.290397118071695,0.2536010484865817,0.005107937179452539,1,1.2237834095061637,0,0.001378104545247234,0.0060901460237801075,0.0,1,1.1850509253421564,0,0.1996879588240101,0.010398020967841148,0.0,"[[0, 0.0], [1, 0.0], [2, 0.0], [3, 0.0], [4, 0.0], [5, 0.0], [6, 0.0], [7, 0.0]]",8,0.03268423604059395,1,1,1,1.7073516673065214,boundary
740,782,2026-09-21T15:19:37,48.034035762575,0.1961591172463057,0.005983765405826516,1,1.2562821341558599,0,0.0013269763272496524,0.005866164981853217,0.0,1,1.1864239158760246,0,0.029305177028290844,0.009268611029256135,0.0,"[[0, 0.0], [1, 0.0], [2, 0.0], [3, 0.0], [4, 0.0], [5, 0.0], [6, 0.0], [7, 0.0]]",8,0.058881330142652934,1,1,1,1.5800119938542934,boundary
741,783,2026-09-21T15:19:37,67.8298418106906,0.5557936472438613,0.005415210923253048,1,1.186233243013977,0,0.0013017534945678763,0.005949000013060868,0.0,1,1.1858301338878325,0,0.0091779582192247,0.009255748998839408,0.0,"[[0, 0.0], [1, 0.0], [2, 0.0], [3, 0.0], [4, 0.0], [5, 0.0], [6, 0.0], [7, 0.0]]",8,0.000339938339079707,1,1,1,1.555849550936067,boundary
742,784,2026-09-21T15:19:37,68.92417128601357,0.6358371788266384,0.0037317711412579832,1,1.2197463792468224,0,0.0035906931894555245,0.005932937026955187,0.0,0,1.206869516998374,1,0.0120826358205251,0.007493206998333335,0.0,"[[0, 0.0], [1, 0.0], [2, 0.0], [3, 0.0], [4, 0.0], [5, 0.0], [6, 0.0], [7, 0.0]]",8,0.01066963915077959,0,0,0,1.2629844146818605,boundary
743,785,2026-09-21T15:19:37,66.1648786939175,0.7624125526485453,0.0030010071893234115,1,1.208272234484731,0,0.005201127153081883,0.005888573999982327,0.0,1,1.2020740976277633,0,0.03409783401473885,0.010412550996989012,0.0,"[[0, 0.0], [1, 0.0], [2, 0.0], [3, 0.0], [4, 0.0], [5, 0.0], [6, 0.0], [7, 0.0]]",8,0.005156201992206151,1,1,1,1.7682635892866867,boundary
745,787,2026-09-21T15:19:37,85.45285177670583,0.788487877385305,0.005872745635095334,1,1.2696338868056092,0,0.0037202445819178886,0.005978410015814006,0.0,0,1.2332204290583464,1,0.010653981966432956,0.006744924990925938,0.0,"[[0, 0.0], [1, 0.0], [2, 0.0], [3, 0.0], [4, 0.0], [5, 0.0], [6, 0.0], [7, 0.0]]",8,0.029527128232109418,0,0,0,1.1282138516903921,boundary
744,786,2026-09-21T15:19:37,52.56785354857582,0.37318723810216337,0.005442540269326068,1,1.2036767194828009,0,0.0009377414164485905,0.006001629983074963,0.0,1,1.1855210273194636,0,0.04918949265739279,0.009552752017043531,0.0,"[[0, 0.0], [1, 0.0], [2, 0.0], [3, 0.0], [4, 0.0], [5, 0.0], [6, 0.0], [7, 0.0]]",8,0.015314525634680961,1,1,1,1.5916929307509782,boundary
746,788,2026-09-21T15:19:37,50.76142950237887,0.6542221534786684,0.0018790382322983437,0,8.093976659969302,1,0.012004146435035975,0.0015390290063805878,0.0,1,1.187014319877595,0,0.005393932026629073,0.010475720977410674,0.0,"[[0, 0.0], [1, 0.0], [2, 0.0], [3, 0.0], [4, 0.0], [5, 0.0], [6, 0.0], [7, 0.0]]",8,5.818769179468663,0,0,0,6.806707952858508,boundary
747,789,2026-09-21T15:19:37,32.08633907093778,0.4984515314889667,0.005704573432341817,1,1.1868570904596092,0,0.0005653790788632627,0.0060058870003558695,0.0,1,1.1858337802312118,0,0.04111694219499642,0.009366225975099951,0.0,"[[0, 0.0], [1, 0.0], [2, 0.0], [3, 0.0], [4, 0.0], [5, 0.0], [6, 0.0], [7, 0.0]]",8,0.0008629457563587776,1,1,1,1.559507525623604,boundary
748,790,2026-09-21T15:19:37,41.75517230216562,0.5145412507074661,0.0016788865714432166,1,1.191998478288554,0,0.000960174928165019,0.005964299023617059,0.0,1,1.1862002365858166,0,0.006353594284882845,0.009852115996181965,0.0,"[[0, 0.0], [1, 0.0], [2, 0.0], [3, 0.0], [4, 0.0], [5, 0.0], [6, 0.0], [7, 0.0]]",8,0.004888080042393308,1,1,1,1.6518480976842662,boundary
749,791,2026-09-21T15:19:37,34.4923176919036,0.33740575088489144,0.006562740871272259,1,1.233124360127127,0,0.0018798044192178012,0.005955713975708932,0.0,1,1.3347566872715826,0,1.0507230151529325,0.010155886004213244,0.0,"[[0, 0.0], [1, 0.0], [2, 0.0], [3, 0.0], [4, 0.0], [5, 0.0], [6, 0.0], [7, 0.0]]",8,0.07614296157017611,1,1,1,1.70523400647432,boundary
750,792,2026-09-21T15:19:37,59.0633449751869,0.35443072010488585,0.0030572871544603535,1,1.1862234970507268,0,0.0007722775656970068,0.0060067829908803105,0.0,1,1.1842120720571094,0,0.16780025044777527,0.009785560017917305,0.0,"[[0, 0.0], [1, 0.0], [2, 0.0], [3, 0.0], [4, 0.0], [5, 0.0], [6, 0.0], [7, 0.0]]",8,0.001698534444192351,1,1,1,1.6290849915460663,boundary
751,793,2026-09-21T15:19:37,37.84183011558651,0.5041033841588954,0.004188913464151931,1,1.1866908414625883,0,0.0006552537293436912,0.005917316011618823,0.0,1,1.184637248784125,0,0.008717525318291845,0.009213411016389728,0.0,"[[0, 0.0], [1, 0.0], [2, 0.0], [3, 0.0], [4, 0.0], [5, 0.0], [6, 0.0], [7, 0.0]]",8,0.001733520265862839,1,1,1,1.557025347015256,boundary
754,796,2026-09-21T15:19:37,115.4307864291124,0.3968055938373022,0.00666614851915341,1,1.217354290083216,0,0.001128139067544167,0.006009063974488527,0.0,0,1.6547900675978309,1,0.011443088988905397,0.006031805009115487,0.0,"[[0, 0.0], [1, 0.0], [2, 0.0], [3, 0.0], [4, 0.0], [5, 0.0], [6, 0.0], [7, 0.0]]",8,0.2643451795366507,0,0,0,1.0037844554032886,boundary
752,794,2026-09-21T15:19:37,74.0967186426108,0.1838111246683476,0.005530905606143019,1,1.2471196620590128,0,0.0014212197089800648,0.005932474974542856,0.0,1,1.286583980664788,0,0.015890910922763648,0.009690659993793815,0.0,"[[0, 0.0], [1, 0.0], [2, 0.0], [3, 0.0], [4, 0.0], [5, 0.0], [6, 0.0], [7, 0.0]]",8,0.0306737214195561,1,1,1,1.6334936152917454,boundary
753,795,2026-09-21T15:19:37,53.708356402136374,0.7403296577435723,0.003151674116702213,1,1.2106392887360926,0,0.0057319150708882985,0.005969453020952642,0.0,1,1.2033329299976772,0,0.0035678594384270334,0.009782400040421635,0.0,"[[0, 0.0], [1, 0.0], [2, 0.0], [3, 0.0], [4, 0.0], [5, 0.0], [6, 0.0], [7, 0.0]]",8,0.006071768299758535,1,1,1,1.6387431153383127,boundary
755,797,2026-09-21T15:19:37,85.22194653692416,0.7677309900516663,0.0030480176871955367,0,14.505928925260879,1,0.0594139502524002,0.0025403929757885635,0.0,1,1.2025426257894336,0,0.12355806447491736,0.010269585996866226,0.0,"[[0, 0.0], [1, 0.0], [2, 0.0], [3, 0.0], [4, 0.0], [5, 0.0], [6, 0.0], [7, 0.0]]",8,11.062714962588679,0,0,0,4.042518655476302,boundary
756,798,2026-09-21T15:19:38,101.43285066309662,0.6946555684619684,0.0044345746813756175,1,1.233986746726883,0,0.003468327532654079,0.006214966007973999,0.0,0,1.2145666508742978,1,0.011667284161268252,0.007545901986304671,0.0,"[[0, 0.0], [1, 0.0], [2, 0.0], [3, 0.0], [4, 0.0], [5, 0.0], [6, 0.0], [7, 0.0]]",8,0.01598932083192451,0,0,0,1.2141501621445778,boundary
757,799,2026-09-21T15:19:38,35.84416596291239,0.589390894934962,0.0016469436829678896,1,1.1917686409239978,0,0.0008175530914694188,0.006200739007908851,0.0,1,1.1865680727171966,0,0.0018365371152780044,0.010372183984145522,0.0,"[[0, 0.0], [1, 0.0], [2, 0.0], [3, 0.0], [4, 0.0], [5, 0.0], [6, 0.0], [7, 0.0]]",8,0.004382865447316606,1,1,1,1.6727335194911641,boundary
758,800,2026-09-21T15:19:38,67.25149088742873,0.28957257051667046,0.003304580955876254,1,1.1923544517848714,0,0.0009723270750912051,0.006094434997066855,0.0,1,1.450264800500318,0,0.05435181709195601,0.009468487987760454,0.0,"[[0, 0.0], [1, 0.0], [2, 0.0], [3, 0.0], [4, 0.0], [5, 0.0], [6, 0.0], [7, 0.0]]",8,0.17783672928314312,0,1,1,1.5536285139340187,boundary
759,801,2026-09-21T15:19:38,30.549512240068037,0.48478968243021403,0.004816732901812766,1,1.1856040031003743,0,0.0010493903246835351,0.005850178946275264,0.0,1,1.8158853686709937,0,0.02265030073272591,0.009865330997854471,0.0,"[[0, 0.0], [1, 0.0], [2, 0.0], [3, 0.0], [4, 0.0], [5, 0.0], [6, 0.0], [7, 0.0]]",8,0.34709314610090636,0,1,1,1.6863297838326132,boundary
760,802,2026-09-21T15:19:38,58.060268991588785,0.6745869841077856,0.006121898108769214,1,1.2052011861314464,0,0.002517788191757839,0.005942861025687307,0.0,1,1.1996183577663295,0,0.02071121989812969,0.009109259000979364,0.0,"[[0, 0.0], [1, 0.0], [2, 0.0], [3, 0.0], [4, 0.0], [5, 0.0], [6, 0.0], [7, 0.0]]",8,0.004653837054904744,1,1,1,1.53280700349641,boundary
761,803,2026-09-21T15:19:38,45.65654962758364,0.15622262209015322,0.0038810242012292727,1,1.2159736670795311,0,0.0003598805167161314,0.006012915982864797,0.0,1,1.3082963356073616,0,0.006963441743259801,0.009557678014971316,0.0,"[[0, 0.0], [1, 0.0], [2, 0.0], [3, 0.0], [4, 0.0], [5, 0.0], [6, 0.0], [7, 0.0]]",8,0.0705670924966481,1,1,1,1.5895246236947502,boundary
762,804,2026-09-21T15:19:38,45.43553334290599,0.20181474111155068,0.006790798640371555,1,1.2777044814623746,0,0.001329362171352301,0.005911142972763628,0.0,1,1.260953836093158,0,0.011454663758631493,0.009580443962477148,0.0,"[[0, 0.0], [1, 0.0], [2, 0.0], [3, 0.0], [4, 0.0], [5, 0.0], [6, 0.0], [7, 0.0]]",8,0.01328410675296049,1,1,1,1.6207430621489463,boundary
763,805,2026-09-21T15:19:38,92.37801882703003,0.7662380638391142,0.006889214085631868,1,1.239260381300061,0,0.005739260959535326,0.005886302038561553,0.0,1,1.2150201503657396,0,0.019993371638348294,0.010071154974866658,0.0,"[[0, 0.0], [1, 0.0], [2, 0.0], [3, 0.0], [4, 0.0], [5, 0.0], [6, 0.0], [7, 0.0]]",8,0.019950476481418684,1,1,1,1.7109477068777406,boundary
764,806,2026-09-21T15:19:38,62.08829700839717,0.4491037891471461,0.0077957753932582415,1,1.2216401394719685,0,0.0008229441976227305,0.0059679519617930055,0.0,1,1.48501064622138,0,0.30384558634934544,0.01107294502435252,0.0,"[[0, 0.0], [1, 0.0], [2, 0.0], [3, 0.0], [4, 0.0], [5, 0.0], [6, 0.0], [7, 0.0]]",8,0.1773526051274848,0,1,1,1.8554011652978815,boundary
766,808,2026-09-21T15:19:38,51.31826545731535,0.28105565303468283,0.0031553710136019352,1,1.1919307777871664,0,0.0009840897601883754,0.005953548010438681,0.0,1,1.6248625923068256,0,0.0055798694416259904,0.009416019020136446,0.0,"[[0, 0.0], [1, 0.0], [2, 0.0], [3, 0.0], [4, 0.0], [5, 0.0], [6, 0.0], [7, 0.0]]",8,0.26644210813237057,0,1,1,1.5815811014922236,boundary
765,807,2026-09-21T15:19:38,36.93129817546628,0.5469667205224931,0.007400931064682272,1,1.1908457620921835,0,0.0011591923020526213,0.0059848829987458885,0.0,1,1.5813855636417302,0,0.01158269130014044,0.011319304001517594,0.0,"[[0, 0.0], [1, 0.0], [2, 0.0], [3, 0.0], [4, 0.0], [5, 0.0], [6, 0.0], [7, 0.0]]",8,0.24696052027323628,0,1,1,1.8913158375676709,boundary
767,809,2026-09-21T15:19:38,44.80857280593164,0.5165362112540633,0.0057910179720376195,1,1.186102768336655,0,0.0004904999329926661,0.005892807967029512,0.0,1,1.576152919452355,0,0.013213346154144007,0.009965359000489116,0.0,"[[0, 0.0], [1, 0.0], [2, 0.0], [3, 0.0], [4, 0.0], [5, 0.0], [6, 0.0], [7, 0.0]]",8,0.2474697386921223,0,1,1,1.6911053365807411,boundary
768,810,2026-09-21T15:19:38,78.23770761183022,0.2769063348522537,0.005714446700938975,1,1.2311314452877509,0,0.001398016609023411,0.006006028037518263,0.0,1,1.4823233050161722,0,0.04718699625815881,0.009494574973359704,0.0,"[[0, 0.0], [1, 0.0], [2, 0.0], [3, 0.0], [4, 0.0], [5, 0.0], [6, 0.0], [7, 0.0]]",8,0.1694582139256596,0,1,1,1.5808409341497074,boundary
769,811,2026-09-21T15:19:38,23.499203567862207,0.3205721315569282,0.005997113376404515,1,1.22591972133338,0,0.0018180293863869687,0.00598632701439783,0.0,1,1.1862895916392808,0,0.06191658104131622,0.009408692014403641,0.0,"[[0, 0.0], [1, 0.0], [2, 0.0], [3, 0.0], [4, 0.0], [5, 0.0], [6, 0.0], [7, 0.0]]",8,0.03340679204589156,1,1,1,1.5716969674016497,boundary
770,812,2026-09-21T15:19:38,67.58540526718889,0.34330074096057506,0.007264659795859372,1,1.247686340149042,0,0.0017699209431133788,0.005956688022706658,0.0,1,1.4234130962626428,0,0.05136063767312064,0.009480209031607956,0.0,"[[0, 0.0], [1, 0.0], [2, 0.0], [3, 0.0], [4, 0.0], [5, 0.0], [6, 0.0], [7, 0.0]]",8,0.12345450282493148,0,1,1,1.5915235102912517,boundary
771,813,2026-09-21T15:19:38,23.929018242265403,0.11240975308188157,0.005082699558372636,1,1.2466737289257541,0,0.00036599365638050535,0.005890928965527564,0.0,1,1.1850008426963246,0,0.016045415271157704,0.00976724602514878,0.0,"[[0, 0.0], [1, 0.0], [2, 0.0], [3, 0.0], [4, 0.0], [5, 0.0], [6, 0.0], [7, 0.0]]",8,0.052044592718685716,1,1,1,1.6580145648172944,boundary
772,814,2026-09-21T15:19:38,51.55144935187346,0.3366054984771749,0.004155634330433888,1,1.1946736650923167,0,0.0008512199767768597,0.006002754031214863,0.0,1,1.6748082122582775,0,0.03156576419514616,0.010092020966112614,0.0,"[[0, 0.0], [1, 0.0], [2, 0.0], [3, 0.0], [4, 0.0], [5, 0.0], [6, 0.0], [7, 0.0]]",8,0.2866803157828783,0,1,1,1.6812318002092361,boundary
774,816,2026-09-21T15:19:38,39.746169688781244,0.7802794366256316,0.006271074075056115,1,1.2642645345400498,0,0.008325569056075188,0.005969907972030342,0.0,0,1.2296016074117984,1,0.017600178957353788,0.008031715988181531,0.0,"[[0, 0.0], [1, 0.0], [2, 0.0], [3, 0.0], [4, 0.0], [5, 0.0], [6, 0.0], [7, 0.0]]",8,0.028190372328167203,0,0,0,1.3453668005957515,boundary
773,815,2026-09-21T15:19:38,46.8275029392733,0.25872786912369217,0.004078634397712468,1,1.2052200254082823,0,0.0015817463322212683,0.006001245987135917,0.0,1,1.5130463007619335,0,0.0074664465486964085,0.00927446800051257,0.0,"[[0, 0.0], [1, 0.0], [2, 0.0], [3, 0.0], [4, 0.0], [5, 0.0], [6, 0.0], [7, 0.0]]",8,0.20344802085609495,0,1,1,1.5454237370694401,boundary
775,817,2026-09-21T15:19:38,52.63740646274845,0.46102548258348086,0.0019404959801857969,0,9.488381240824499,1,0.006650858414872612,0.0015083469916135073,0.0,1,1.1860441061149403,0,0.006344502524962681,0.009553491952829063,0.0,"[[0, 0.0], [1, 0.0], [2, 0.0], [3, 0.0], [4, 0.0], [5, 0.0], [6, 0.0], [7, 0.0]]",8,7.000023938321375,0,0,0,6.333749466102301,boundary
776,818,2026-09-21T15:19:38,113.12360692139865,0.6659772941300738,0.004856198867618441,1,1.2221397603424249,0,0.004424805917820461,0.006007057963870466,0.0,1,1.2058610958877871,0,0.020160337213306186,0.01058422401547432,0.0,"[[0, 0.0], [1, 0.0], [2, 0.0], [3, 0.0], [4, 0.0], [5, 0.0], [6, 0.0], [7, 0.0]]",8,0.013499618248031281,1,1,1,1.7619646887267084,boundary
777,819,2026-09-21T15:19:38,83.87691752193393,0.39975041424980307,0.00569083309212817,1,1.2014086249354772,0,0.0008210204201216961,0.0061046400223858654,0.0,1,1.7100037849498544,0,0.010835044889832036,0.009488187031820416,0.0,"[[0, 0.0], [1, 0.0], [2, 0.0], [3, 0.0], [4, 0.0], [5, 0.0], [6, 0.0], [7, 0.0]]",8,0.2974234118606303,0,1,1,1.5542582358709114,boundary
778,820,2026-09-21T15:19:38,73.11172245628669,0.5476798787917482,0.006706428024240924,1,1.186803866369766,0,0.00048147260448159725,0.006052862969227135,0.0,1,1.598742867767404,0,0.03520326628816306,0.01009104703553021,0.0,"[[0, 0.0], [1, 0.0], [2, 0.0], [3, 0.0], [4, 0.0], [5, 0.0], [6, 0.0], [7, 0.0]]",8,0.25766432470338296,0,1,1,1.6671527319936492,boundary
779,821,2026-09-21T15:19:38,41.237012376267984,0.24668685793798292,0.007978609228802171,1,1.3021845592689043,0,0.0010148739219698613,0.005938932998105884,0.0,1,1.3458706435199868,0,0.186427833734701,0.009716618980746716,0.0,"[[0, 0.0], [1, 0.0], [2, 0.0], [3, 0.0], [4, 0.0], [5, 0.0], [6, 0.0], [7, 0.0]]",8,0.032459348497880874,1,1,1,1.6360883316659167,boundary
780,822,2026-09-21T15:19:38,29.849877628425986,0.4496420940275049,0.003870854442399654,1,1.185508845927701,0,0.0045908073626340015,0.00621578999562189,0.0,1,1.184230709863082,0,0.04980509349017111,0.009878397977445275,0.0,"[[0, 0.0], [1, 0.0], [2, 0.0], [3, 0.0], [4, 0.0], [5, 0.0], [6, 0.0], [7, 0.0]]",8,0.0010792965036067954,1,1,1,1.5892425555565992,boundary
781,823,2026-09-21T15:19:38,25.848368629079093,0.20843406194311775,0.00438998542319648,1,1.2181757319813376,0,0.0009932299810581785,0.006188774015754461,0.0,1,1.778588309232511,0,0.6285124554224781,0.00994506903225556,0.0,"[[0, 0.0], [1, 0.0], [2, 0.0], [3, 0.0], [4, 0.0], [5, 0.0], [6, 0.0], [7, 0.0]]",8,0.3150884183496069,0,1,1,1.606953009907759,boundary
782,824,2026-09-21T15:19:38,81.72743986484781,0.6343383005644183,0.004300282505293729,1,1.2173050356503001,0,0.0040200595307100144,0.005847616994287819,0.0,1,1.2039346725541664,0,0.018527805052076383,0.010611929988954216,0.0,"[[0, 0.0], [1, 0.0], [2, 0.0], [3, 0.0], [4, 0.0], [5, 0.0], [6, 0.0], [7, 0.0]]",8,0.011105555310379317,1,1,1,1.8147443649815582,boundary
783,825,2026-09-21T15:19:38,23.606930262113384,0.7996004298215319,0.0008641220749928822,1,1.7470484308415841,0,0.006778366150355786,0.006064273009542376,0.0,1,1.1870640597325586,0,0.1902167639872815,0.012318764987867326,0.0,"[[0, 0.0], [1, 0.0], [2, 0.0], [3, 0.0], [4, 0.0], [5, 0.0], [6, 0.0], [7, 0.0]]",8,0.4717389651533954,0,1,1,2.031367151261702,boundary
786,828,2026-09-21T15:19:38,64.45781950259851,0.5063918422229428,0.004913635091329989,1,1.1855170787905547,0,0.005424617542953151,0.005956518987659365,0.0,0,1.6400095988706478,1,0.01216442124940315,0.006071264971978962,0.0,"[[0, 0.0], [1, 0.0], [2, 0.0], [3, 0.0], [4, 0.0], [5, 0.0], [6, 0.0], [7, 0.0]]",8,0.27712796339306073,0,0,0,1.0192639332733306,boundary
784,826,2026-09-21T15:19:38,51.859572737239475,0.465071645226269,0.006484248892164765,1,1.1971653310301693,0,0.000906443796952254,0.0063613050151616335,0.0,0,1.4651711372863074,1,0.01142153313956362,0.009671455016359687,0.0,"[[0, 0.0], [1, 0.0], [2, 0.0], [3, 0.0], [4, 0.0], [5, 0.0], [6, 0.0], [7, 0.0]]",8,0.18291774894809945,0,0,0,1.520357064047171,boundary
785,827,2026-09-21T15:19:38,70.22146894916074,0.7321317406108642,0.006323054387196961,1,1.2296186356152459,0,0.004842726020852712,0.006313220947049558,0.0,1,1.209640109518411,0,0.013161008709808127,0.010325822979211807,0.0,"[[0, 0.0], [1, 0.0], [2, 0.0], [3, 0.0], [4, 0.0], [5, 0.0], [6, 0.0], [7, 0.0]]",8,0.01651609097584304,1,1,1,1.6355871378202773,boundary
787,829,2026-09-21T15:19:38,53.47910844678306,0.7861243778536355,0.006125734786892247,1,1.2719178527666681,0,0.006065667014105681,0.005896711954846978,0.0,0,1.2340620404668656,1,0.017775921887989505,0.006720105011481792,0.0,"[[0, 0.0], [1, 0.0], [2, 0.0], [3, 0.0], [4, 0.0], [5, 0.0], [6, 0.0], [7, 0.0]]",8,0.030675777277357173,0,0,0,1.13963596372687,boundary
788,830,2026-09-21T15:19:38,50.02670346398886,0.47563328794704385,0.002238558397953227,1,1.196676639785132,0,0.0011883031133709122,0.005994178005494177,0.0,1,1.1860762411527321,0,0.00536255594343152,0.009619229997042567,0.0,"[[0, 0.0], [1, 0.0], [2, 0.0], [3, 0.0], [4, 0.0], [5, 0.0], [6, 0.0], [7, 0.0]]",8,0.008937366979122296,1,1,1,1.6047621522460158,boundary
789,831,2026-09-21T15:19:38,117.97819216056688,0.5971398507601764,0.005381489674700091,1,1.1914266275367846,0,0.000539783656040609,0.005975406034849584,0.0,1,1.1992054354072297,0,0.25368399291399263,0.00946532201487571,0.0,"[[0, 0.0], [1, 0.0], [2, 0.0], [3, 0.0], [4, 0.0], [5, 0.0], [6, 0.0], [7, 0.0]]",8,0.006486634934074909,1,1,1,1.5840466672343843,boundary
791,833,2026-09-21T15:19:38,51.443636889176005,0.3106123789509199,0.004549379618549807,1,1.2033783151284831,0,0.001437403880673163,0.0058818639954552054,0.0,1,1.2880513049415587,0,0.21327316113915096,0.009712220984511077,0.0,"[[0, 0.0], [1, 0.0], [2, 0.0], [3, 0.0], [4, 0.0], [5, 0.0], [6, 0.0], [7, 0.0]]",8,0.0657372804081879,1,1,1,1.651214817618277,boundary
790,832,2026-09-21T15:19:38,22.92142512533269,0.17790836359378445,0.0006890700437338682,1,23.72554572072347,0,0.00031971857136361346,0.013351879024412483,0.784,1,1.185486475484304,0,0.0007896115108069328,0.010062349028885365,0.0,"[[0, 0.0], [1, 0.0], [2, 0.0], [3, 0.0], [4, 0.0], [5, 0.0], [6, 0.0], [7, 0.0]]",8,19.013341536461585,0,1,1,0.7536279358498856,boundary
792,834,2026-09-21T15:19:38,74.91691678228074,0.6965063712732286,0.004226051319029771,1,1.2298385125318874,0,0.005271548229644899,0.00604756100801751,0.0,0,1.212780599956609,1,0.02931459647119587,0.007376244000624865,0.0,"[[0, 0.0], [1, 0.0], [2, 0.0], [3, 0.0], [4, 0.0], [5, 0.0], [6, 0.0], [7, 0.0]]",8,0.01406512651660872,0,0,0,1.219705595503024,boundary
793,835,2026-09-21T15:19:38,67.77591680343994,0.48372777488932617,0.0062621278180336115,1,1.1919185935021388,0,0.001322358693012033,0.006124551000539213,0.0,1,1.1863159967324617,0,0.03484572442719727,0.009388051985297352,0.0,"[[0, 0.0], [1, 0.0], [2, 0.0], [3, 0.0], [4, 0.0], [5, 0.0], [6, 0.0], [7, 0.0]]",8,0.004722685005604467,1,1,1,1.5328555488346518,boundary
794,836,2026-09-21T15:19:38,79.09121665950556,0.4960207667948645,0.005912055623448977,1,1.1878949194310258,0,0.0006615081518240774,0.00605382100911811,0.0,1,1.6107510353651462,0,0.01092874601123616,0.009935670008417219,0.0,"[[0, 0.0], [1, 0.0], [2, 0.0], [3, 0.0], [4, 0.0], [5, 0.0], [6, 0.0], [7, 0.0]]",8,0.2625210890137729,0,1,1,1.6412229554610829,boundary
795,837,2026-09-21T15:19:38,90.63670886839424,0.20379610082336574,0.007034198060368039,1,1.2845848111284597,0,0.0013246961920846854,0.006030874967109412,0.0,1,1.305356913035673,0,0.011515411918248727,0.009740895009599626,0.0,"[[0, 0.0], [1, 0.0], [2, 0.0], [3, 0.0], [4, 0.0], [5, 0.0], [6, 0.0], [7, 0.0]]",8,0.015912967327002377,1,1,1,1.6151711091215708,boundary
796,838,2026-09-21T15:19:38,31.341045804982663,0.1418334741486581,0.0022362967162955255,1,1.19445518229521,0,0.0002171595542660752,0.006102629995439202,0.0,1,1.1854633210238108,0,0.0030231809063319703,0.009460212022531778,0.0,"[[0, 0.0], [1, 0.0], [2, 0.0], [3, 0.0], [4, 0.0], [5, 0.0], [6, 0.0], [7, 0.0]]",8,0.007585102897686932,1,1,1,1.55018607216919,boundary
797,839,2026-09-21T15:19:38,34.467132883899936,0.35533167568967494,0.006714833815828564,1,1.2309289345096102,0,0.001840054694205612,0.006052009004633874,0.0,1,1.4949757609846681,0,0.17832436586265002,0.00953021104214713,0.0,"[[0, 0.0], [1, 0.0], [2, 0.0], [3, 0.0], [4, 0.0], [5, 0.0], [6, 0.0], [7, 0.0]]",8,0.1766228144736896,0,1,1,1.5747185826805747,boundary
798,840,2026-09-21T15:19:38,60.499419468889855,0.18307761071911494,0.0051135992851647554,1,1.2372955909371846,0,0.0013580439446734653,0.005990365985780954,0.0,1,1.1851171789188963,0,0.011262359515811882,0.009396206005476415,0.0,"[[0, 0.0], [1, 0.0], [2, 0.0], [3, 0.0], [4, 0.0], [5, 0.0], [6, 0.0], [7, 0.0]]",8,0.04402806148324262,1,1,1,1.5685529110875263,boundary
799,841,2026-09-21T15:19:38,59.57131328027981,0.3156857666261245,0.0050279193541122,1,1.2095015509376539,0,0.0016827184528023006,0.006034707999788225,0.0,1,1.7641064244782867,0,0.044621750606314174,0.009704313997644931,0.0,"[[0, 0.0], [1, 0.0], [2, 0.0], [3, 0.0], [4, 0.0], [5, 0.0], [6, 0.0], [7, 0.0]]",8,0.3143828886086907,0,1,1,1.6080834396602923,boundary
800,842,2026-09-21T15:19:38,65.37886285524081,0.5618346228708126,0.00538462138434354,1,1.1866863732560524,0,0.0005390403695188504,0.006051275006029755,0.0,1,1.1855180917400054,0,0.010897571150016784,0.0091796750202775,0.0,"[[0, 0.0], [1, 0.0], [2, 0.0], [3, 0.0], [4, 0.0], [5, 0.0], [6, 0.0], [7, 0.0]]",8,0.000985460723195096,1,1,1,1.5169819601869805,boundary
801,843,2026-09-21T15:19:38,31.19640143378662,0.7836428120064681,0.007525020931254206,1,1.2371135750200346,0,0.005767249461253804,0.00605206802720204,0.0,1,1.2134782313915862,0,0.12392735552169601,0.009597959986422211,0.0,"[[0, 0.0], [1, 0.0], [2, 0.0], [3, 0.0], [4, 0.0], [5, 0.0], [6, 0.0], [7, 0.0]]",8,0.01947735280042397,1,1,1,1.585897571422291,boundary
802,844,2026-09-21T15:19:38,95.97218471998679,0.610143864255329,0.007506678221526018,1,1.18554836102966,0,0.006637283209642927,0.0060435059713199735,0.0,1,1.1854560011515056,0,0.33597673380144066,0.009433972008991987,0.0,"[[0, 0.0], [1, 0.0], [2, 0.0], [3, 0.0], [4, 0.0], [5, 0.0], [6, 0.0], [7, 0.0]]",8,7.791084448908613e-05,1,1,1,1.5610097936134735,boundary
803,845,2026-09-21T15:19:38,86.02838969793787,0.7441776928633943,0.0034994259374716216,1,1.2165415525807002,0,0.0037651935555101184,0.00594719999935478,0.0,1,1.2185569281341537,0,0.02195809748676679,0.009354611043818295,0.0,"[[0, 0.0], [1, 0.0], [2, 0.0], [3, 0.0], [4, 0.0], [5, 0.0], [6, 0.0], [7, 0.0]]",8,0.0016539034877422398,1,1,1,1.5729437457682927,boundary
804,846,2026-09-21T15:19:38,112.22600637434279,0.757580607409195,0.00751695823004974,1,1.2210596854416338,0,0.004151996322834386,0.006019357999321073,0.0,1,1.2044250626210304,0,0.017336631486747068,0.009510289004538208,0.0,"[[0, 0.0], [1, 0.0], [2, 0.0], [3, 0.0], [4, 0.0], [5, 0.0], [6, 0.0], [7, 0.0]]",8,0.013811255956766317,1,1,1,1.5799507199290819,boundary
805,847,2026-09-21T15:19:38,89.5996822627316,0.5257281928951322,0.003676949566928708,1,1.1925940356676155,0,0.0008718941567535455,0.006172376975882798,0.0,1,1.1893295553755197,0,0.03737938879574391,0.009417155000846833,0.0,"[[0, 0.0], [1, 0.0], [2, 0.0], [3, 0.0], [4, 0.0], [5, 0.0], [6, 0.0], [7, 0.0]]",8,0.0027448071708476773,1,1,1,1.5256934302040024,boundary
806,848,2026-09-21T15:19:38,54.689821660544965,0.5032684550105878,0.004109627693736289,1,1.1869055379521425,0,0.0006548554368279398,0.006128874025307596,0.0,1,1.1848436303119134,0,0.006323701597516993,0.009361620992422104,0.0,"[[0, 0.0], [1, 0.0], [2, 0.0], [3, 0.0], [4, 0.0], [5, 0.0], [6, 0.0], [7, 0.0]]",8,0.0017402360847281282,1,1,1,1.5274618068124288,boundary
807,849,2026-09-21T15:19:38,91.53302894977523,0.785722446962272,0.006441106230736883,1,1.2643719753981932,0,0.008353570064990695,0.005942652991507202,0.0,0,1.229747564997359,1,0.017314096612232873,0.008169337001163512,0.0,"[[0, 0.0], [1, 0.0], [2, 0.0], [3, 0.0], [4, 0.0], [5, 0.0], [6, 0.0], [7, 0.0]]",8,0.028155705598740952,0,0,0,1.374695277149536,boundary
808,850,2026-09-21T15:19:38,50.959500112726715,0.6375866784619578,0.005709783734026215,1,1.1980755318325034,0,0.0014379434872262749,0.0061006490141153336,0.0,1,1.1917294480794105,0,0.1236758920193073,0.009399147005751729,0.0,"[[0, 0.0], [1, 0.0], [2, 0.0], [3, 0.0], [4, 0.0], [5, 0.0], [6, 0.0], [7, 0.0]]",8,0.005325104421410588,1,1,1,1.5406798496364107,boundary
809,851,2026-09-21T15:19:38,94.22097972071911,0.6627584640382892,0.005338078944351094,1,1.212387820439388,0,0.0031129176546449027,0.006004958006087691,0.0,1,1.1997263552001545,0,0.014561690486855516,0.00993321294663474,0.0,"[[0, 0.0], [1, 0.0], [2, 0.0], [3, 0.0], [4, 0.0], [5, 0.0], [6, 0.0], [7, 0.0]]",8,0.010553627653800487,1,1,1,1.6541685947786269,boundary
810,852,2026-09-21T15:19:38,40.64604006514874,0.27757175834230846,0.007746742596145579,1,1.2842713030420676,0,0.0009462412516753479,0.006019640015438199,0.0,1,1.732637162707176,0,0.024922592875164316,0.009832544019445777,0.0,"[[0, 0.0], [1, 0.0], [2, 0.0], [3, 0.0], [4, 0.0], [5, 0.0], [6, 0.0], [7, 0.0]]",8,0.25877654555472807,0,1,1,1.633410634893259,boundary
811,853,2026-09-21T15:19:38,46.08602415594817,0.18776891709798768,0.007096251125994703,1,1.2904985584303936,0,0.0014990566400390369,0.005951978964731097,0.0,1,1.5608762115241321,0,0.011507847634682598,0.009244057000614703,0.0,"[[0, 0.0], [1, 0.0], [2, 0.0], [3, 0.0], [4, 0.0], [5, 0.0], [6, 0.0], [7, 0.0]]",8,0.17322171425094993,0,1,1,1.5531064634789644,boundary
812,854,2026-09-21T15:19:38,93.29545347730074,0.7556745949990015,0.005923201892045601,1,1.2539714137170133,0,0.007526609861574786,0.006024161993991584,0.0,0,1.223614236799054,1,0.017433623173215444,0.008071938995271921,0.0,"[[0, 0.0], [1, 0.0], [2, 0.0], [3, 0.0], [4, 0.0], [5, 0.0], [6, 0.0], [7, 0.0]]",8,0.024809434219540485,0,0,0,1.3399272800636441,boundary
813,855,2026-09-21T15:19:38,20.981524648077126,0.3547119572018622,0.007369548494692327,1,1.246264312394222,0,0.0018943338282914172,0.0059578309883363545,0.0,1,1.1857276014876728,0,0.2571443187900103,0.010013655002694577,0.0,"[[0, 0.0], [1, 0.0], [2, 0.0], [3, 0.0], [4, 0.0], [5, 0.0], [6, 0.0], [7, 0.0]]",8,0.051054484040514,1,1,1,1.6807551309022208,boundary
814,856,2026-09-21T15:19:38,23.477459168633445,0.48558214222513496,0.004273453387996485,1,1.185705191368646,0,0.0019352432613194113,0.005944888980593532,0.0,1,1.1842878795842806,0,0.007215139102817394,0.00923830596730113,0.0,"[[0, 0.0], [1, 0.0], [2, 0.0], [3, 0.0], [4, 0.0], [5, 0.0], [6, 0.0], [7, 0.0]]",8,0.0011967628891574535,1,1,1,1.5539913356596924,boundary
815,857,2026-09-21T15:19:38,77.02875009113062,0.2996341861889168,0.005693277862057743,1,1.2251227098065918,0,0.001754177629550076,0.005987943965010345,0.0,1,1.6520202781312252,0,0.054897379518561024,0.009382540010847151,0.0,"[[0, 0.0], [1, 0.0], [2, 0.0], [3, 0.0], [4, 0.0], [5, 0.0], [6, 0.0], [7, 0.0]]",8,0.2584093996760999,0,1,1,1.566905112284387,boundary
816,858,2026-09-21T15:19:38,62.55918564371567,0.6152184257372797,0.004623120531549365,1,1.2049268604180292,0,0.0024214908110681615,0.0061534749693237245,0.0,1,1.1952262959237376,0,0.015519519350422109,0.009752013022080064,0.0,"[[0, 0.0], [1, 0.0], [2, 0.0], [3, 0.0], [4, 0.0], [5, 0.0], [6, 0.0], [7, 0.0]]",8,0.008116090256192395,1,1,1,1.5847977070997696,boundary
817,859,2026-09-21T15:19:38,63.59600437478366,0.26386200029681217,0.0020214107815598615,0,10.586998916878313,1,0.5602798618496843,0.0018129189847968519,0.0,1,1.1855189398236485,0,0.005249423327468402,0.00968726899009198,0.0,"[[0, 0.0], [1, 0.0], [2, 0.0], [3, 0.0], [4, 0.0], [5, 0.0], [6, 0.0], [7, 0.0]]",8,7.930265524440443,0,0,0,5.343464915602665,boundary
818,860,2026-09-21T15:19:38,51.053502819815634,0.4076879828097699,0.004692752407036929,1,1.1901173253317896,0,0.0012326216309822156,0.006154741975478828,0.0,1,1.1846193187393457,0,0.27205162584823384,0.01019684603670612,0.0,"[[0, 0.0], [1, 0.0], [2, 0.0], [3, 0.0], [4, 0.0], [5, 0.0], [6, 0.0], [7, 0.0]]",8,0.0046411589828661785,1,1,1,1.6567463067227646,boundary
819,861,2026-09-21T15:19:38,76.53034500980571,0.755149363857276,0.004861074295335061,1,1.2442567189352194,0,0.00489544108528702,0.005906713020522147,0.0,0,1.2209200016055464,1,0.02761068047159153,0.007532752002589405,0.0,"[[0, 0.0], [1, 0.0], [2, 0.0], [3, 0.0], [4, 0.0], [5, 0.0], [6, 0.0], [7, 0.0]]",8,0.019114042934004306,0,0,0,1.2752866063439656,boundary
820,862,2026-09-21T15:19:38,61.47067346247864,0.25458325608891197,0.0021980001763107497,0,11.563352417990396,1,0.0011728226981138502,0.001546745013911277,0.0,1,1.1854829625075445,0,0.08058344072639438,0.009732077014632523,0.0,"[[0, 0.0], [1, 0.0], [2, 0.0], [3, 0.0], [4, 0.0], [5, 0.0], [6, 0.0], [7, 0.0]]",8,8.75412788179721,0,0,0,6.291972449953387,boundary
821,863,2026-09-21T15:19:38,44.21346283739665,0.3416899968628808,0.007108909014936606,1,1.244403498815792,0,0.0017783096404708862,0.006059718027245253,0.0,1,1.2709474092141195,0,0.04466301046265051,0.009797419013921171,0.0,"[[0, 0.0], [1, 0.0], [2, 0.0], [3, 0.0], [4, 0.0], [5, 0.0], [6, 0.0], [7, 0.0]]",8,0.02088513671446155,1,1,1,1.616811041350562,boundary
822,864,2026-09-21T15:19:38,100.29693747170266,0.5000672295937814,0.006137132354555958,1,1.1886442599585116,0,0.0010449985415512306,0.0060765070375055075,0.0,0,1.4418169845126798,1,0.03248077373789915,0.00837607099674642,0.0,"[[0, 0.0], [1, 0.0], [2, 0.0], [3, 0.0], [4, 0.0], [5, 0.0], [6, 0.0], [7, 0.0]]",8,0.17559282993169767,0,0,0,1.3784351676131552,boundary
823,865,2026-09-21T15:19:38,88.18615839233424,0.3675907322501504,0.006288716361956491,1,1.2187671622523777,0,0.0013871090464609213,0.006192711996845901,0.0,1,1.186413403425113,0,0.06707199806741043,0.00939286599168554,0.0,"[[0, 0.0], [1, 0.0], [2, 0.0], [3, 0.0], [4, 0.0], [5, 0.0], [6, 0.0], [7, 0.0]]",8,0.027270223628510143,1,1,1,1.5167613149892252,boundary
824,866,2026-09-21T15:19:38,68.5728267122026,0.38814129330977243,0.0027573515678844703,1,1.1855542621410187,0,0.0015446056198668988,0.006147045001853257,0.0,1,1.1854986414030313,0,0.003946662539596753,0.010298378008883446,0.0,"[[0, 0.0], [1, 0.0], [2, 0.0], [3, 0.0], [4, 0.0], [5, 0.0], [6, 0.0], [7, 0.0]]",8,4.691758897466558e-05,1,1,1,1.6753379885422368,boundary
825,867,2026-09-21T15:19:38,40.859594145390545,0.24625324760037037,0.00761277683072665,1,1.290497941942592,0,0.000996157794567829,0.006232030980754644,0.0,1,1.3372053681198046,0,0.12829988040740448,0.009609489992726594,0.0,"[[0, 0.0], [1, 0.0], [2, 0.0], [3, 0.0], [4, 0.0], [5, 0.0], [6, 0.0], [7, 0.0]]",8,0.034929134514982,1,1,1,1.5419515760435083,boundary
826,868,2026-09-21T15:19:38,80.80663771381123,0.19940495378755824,0.00373117847542267,1,1.2082910112498262,0,0.0009709439441360001,0.006057964987121522,0.0,1,1.7001649919207573,0,0.007149554636192858,0.009349089988972992,0.0,"[[0, 0.0], [1, 0.0], [2, 0.0], [3, 0.0], [4, 0.0], [5, 0.0], [6, 0.0], [7, 0.0]]",8,0.28930955701848543,0,1,1,1.543272370977381,boundary
827,869,2026-09-21T15:19:38,54.935417148364515,0.5091936268070604,0.006405609055313932,1,1.1892362824169078,0,0.0011150664687851908,0.00626807997468859,0.0,0,1.4537395309045562,1,0.026674230687807103,0.007543783984147012,0.0,"[[0, 0.0], [1, 0.0], [2, 0.0], [3, 0.0], [4, 0.0], [5, 0.0], [6, 0.0], [7, 0.0]]",8,0.18194679505142664,0,0,0,1.2035238884331245,boundary
828,870,2026-09-21T15:19:38,42.31612490272094,0.28817172569708943,0.0018012224466879233,1,1.1855571711563793,0,0.0005848229989895624,0.00604346499312669,0.0,1,1.1856040216846033,0,0.006229808337447193,0.009611831977963448,0.0,"[[0, 0.0], [1, 0.0], [2, 0.0], [3, 0.0], [4, 0.0], [5, 0.0], [6, 0.0], [7, 0.0]]",8,3.9516168440027475e-05,1,1,1,1.5904505095826824,boundary
829,871,2026-09-21T15:19:38,89.13781985893684,0.2555315814395316,0.0035852887399302276,1,1.1991394578581243,0,0.0015948036968143362,0.006149188964627683,0.0,1,1.1843450228249788,0,0.041149057826717565,0.009407397999893874,0.0,"[[0, 0.0], [1, 0.0], [2, 0.0], [3, 0.0], [4, 0.0], [5, 0.0], [6, 0.0], [7, 0.0]]",8,0.012491659734303445,1,1,1,1.5298599626728933,boundary
830,872,2026-09-21T15:19:38,73.56281062321007,0.7028515614243345,0.0045417941860683726,1,1.2363526165422472,0,0.0035252717457637723,0.0059500960051082075,0.0,0,1.2158343019687299,1,0.011766714363071168,0.007411275990307331,0.0,"[[0, 0.0], [1, 0.0], [2, 0.0], [3, 0.0], [4, 0.0], [5, 0.0], [6, 0.0], [7, 0.0]]",8,0.016875913551947955,0,0,0,1.2455725057116203,boundary
831,873,2026-09-21T15:19:38,53.079339215431425,0.5002172166717297,0.00555186588921975,1,1.1863032450650597,0,0.0005597616668697845,0.0059680669801309705,0.0,1,1.6429022016008346,0,0.010967861069672106,0.009636554983444512,0.0,"[[0, 0.0], [1, 0.0], [2, 0.0], [3, 0.0], [4, 0.0], [5, 0.0], [6, 0.0], [7, 0.0]]",8,0.2779221770418637,0,1,1,1.614686131292889,boundary
832,874,2026-09-21T15:19:38,110.4753272931524,0.28293694468196073,0.006883064121177144,1,1.2576992824729714,0,0.0012285151683271945,0.006057075981516391,0.0,1,1.2870033068961226,0,0.015974493048235693,0.009524972992949188,0.0,"[[0, 0.0], [1, 0.0], [2, 0.0], [3, 0.0], [4, 0.0], [5, 0.0], [6, 0.0], [7, 0.0]]",8,0.022769191241492653,1,1,1,1.5725364882354682,boundary
833,875,2026-09-21T15:19:38,106.27435081898469,0.19566831776402072,0.006340699374922158,1,1.266121001893949,0,0.0013662249659477984,0.006148357002530247,0.0,1,1.2809700887251994,0,0.02028629017691539,0.009726379008498043,0.0,"[[0, 0.0], [1, 0.0], [2, 0.0], [3, 0.0], [4, 0.0], [5, 0.0], [6, 0.0], [7, 0.0]]",8,0.011592063672640375,1,1,1,1.5819476657740148,boundary
834,876,2026-09-21T15:19:38,23.9333786887103,0.21740880701880003,0.0036893428531225964,1,1.2053813736771335,0,0.001206352632988694,0.006082763022277504,0.0,1,1.2488838302978165,0,0.050622201072282734,0.009567136003170162,0.0,"[[0, 0.0], [1, 0.0], [2, 0.0], [3, 0.0], [4, 0.0], [5, 0.0], [6, 0.0], [7, 0.0]]",8,0.03483306898953853,1,1,1,1.5728273431221131,boundary
835,877,2026-09-21T15:19:38,62.66594716247805,0.5347765025097972,0.004460274607080186,1,1.1880951275527791,0,0.0006459686606841192,0.005961764021776617,0.0,1,1.185759799283227,0,0.011238933121969429,0.009197386971209198,0.0,"[[0, 0.0], [1, 0.0], [2, 0.0], [3, 0.0], [4, 0.0], [5, 0.0], [6, 0.0], [7, 0.0]]",8,0.0019694783639687,1,1,1,1.542729121383164,boundary
836,878,2026-09-21T15:19:38,72.48873500648982,0.7589624958394753,0.002463483954820128,0,11.299109177908026,1,0.0267389948160572,0.003183351014740765,0.0,1,1.186461203874317,0,0.002384520438410355,0.011460739013273269,0.0,"[[0, 0.0], [1, 0.0], [2, 0.0], [3, 0.0], [4, 0.0], [5, 0.0], [6, 0.0], [7, 0.0]]",8,8.523370120330503,0,0,0,3.6002121538603147,boundary
838,880,2026-09-21T15:19:38,87.96378081989742,0.7224946284862553,0.005740825658202009,1,1.2358241219274841,0,0.005494723928909722,0.006157578027341515,0.0,0,1.2131765024521937,1,0.02254579198265653,0.007887188985478133,0.0,"[[0, 0.0], [1, 0.0], [2, 0.0], [3, 0.0], [4, 0.0], [5, 0.0], [6, 0.0], [7, 0.0]]",8,0.01866803340611432,0,0,0,1.280891439857785,boundary
837,879,2026-09-21T15:19:38,50.60348769640766,0.29244630308533326,0.007131055356585874,1,1.261389368963312,0,0.001352296153113342,0.0061757490038871765,0.0,1,1.1858681654535839,0,0.2788889666175236,0.010179731994867325,0.0,"[[0, 0.0], [1, 0.0], [2, 0.0], [3, 0.0], [4, 0.0], [5, 0.0], [6, 0.0], [7, 0.0]]",8,0.06368431644409811,1,1,1,1.6483396570132527,boundary
839,881,2026-09-21T15:19:38,65.71340908069641,0.5573361536580802,0.006670382193463876,1,1.186133034203632,0,0.0005234249116289097,0.006033317011315376,0.0,0,1.5602840245543244,1,0.011549380837037777,0.00886214099591598,0.0,"[[0, 0.0], [1, 0.0], [2, 0.0], [3, 0.0], [4, 0.0], [5, 0.0], [6, 0.0], [7, 0.0]]",8,0.2397967193553519,0,0,0,1.4688671222306395,boundary
840,882,2026-09-21T15:19:38,23.211433551283292,0.2920104987818287,0.005161518497627656,1,1.2167247610144385,0,0.0017046355344196703,0.006167737999930978,0.0,1,1.315091480950343,0,0.019143500201397996,0.00959018903085962,0.0,"[[0, 0.0], [1, 0.0], [2, 0.0], [3, 0.0], [4, 0.0], [5, 0.0], [6, 0.0], [7, 0.0]]",8,0.07479838578592288,1,1,1,1.5548956572031662,boundary
841,883,2026-09-21T15:19:38,56.69960987854458,0.38173190813755764,0.004430164183148488,1,1.1912619537971523,0,0.0008367031710154778,0.00604180694790557,0.0,1,1.433455406190608,0,0.09471320021622587,0.009882706974167377,0.0,"[[0, 0.0], [1, 0.0], [2, 0.0], [3, 0.0], [4, 0.0], [5, 0.0], [6, 0.0], [7, 0.0]]",8,0.1689577864421204,0,1,1,1.635720415991325,boundary
842,884,2026-09-21T15:19:38,68.87884791376065,0.7791046145353678,0.0069348992854440005,1,1.247261503134652,0,0.006505362641491757,0.005996412015520036,0.0,1,1.2195524923839354,0,0.016553803451305554,0.010286433040164411,0.0,"[[0, 0.0], [1, 0.0], [2, 0.0], [3, 0.0], [4, 0.0], [5, 0.0], [6, 0.0], [7, 0.0]]",8,0.02272063804039463,1,1,1,1.7154313301922641,boundary
843,885,2026-09-21T15:19:38,30.178845841153805,0.7724913468042289,0.006896019062404776,1,1.2434200294340607,0,0.006164754380446882,0.005946071993093938,0.0,1,1.2174053847904918,0,0.01778916282649096,0.010231410968117416,0.0,"[[0, 0.0], [1, 0.0], [2, 0.0], [3, 0.0], [4, 0.0], [5, 0.0], [6, 0.0], [7, 0.0]]",8,0.021368925231134834,1,1,1,1.7207008223244997,boundary
844,886,2026-09-21T15:19:38,69.43621786732598,0.18980223007174762,0.005540095453608205,1,1.246220528618601,0,0.0013493841621745988,0.0060958979884162545,0.0,1,1.1856112210377834,0,0.023132142775713592,0.0093660150305368,0.0,"[[0, 0.0], [1, 0.0], [2, 0.0], [3, 0.0], [4, 0.0], [5, 0.0], [6, 0.0], [7, 0.0]]",8,0.05112072701856295,1,1,1,1.536445499635098,boundary
845,887,2026-09-21T15:19:38,103.23855510254415,0.5930740102072133,0.005960012790363629,1,1.187081315531375,0,0.00055856971491337,0.006107047025579959,0.0,1,1.1862730681196776,0,0.013911582055121184,0.009555564960464835,0.0,"[[0, 0.0], [1, 0.0], [2, 0.0], [3, 0.0], [4, 0.0], [5, 0.0], [6, 0.0], [7, 0.0]]",8,0.0006813333568961655,1,1,1,1.5646784641481266,boundary
846,888,2026-09-21T15:19:38,95.18826713703262,0.4061766779157854,0.0059593644925579475,1,1.2035914615281769,0,0.0008171263107668967,0.005997768021188676,0.0,0,1.728405188609681,1,0.3803466370564505,0.010706085013225675,0.0,"[[0, 0.0], [1, 0.0], [2, 0.0], [3, 0.0], [4, 0.0], [5, 0.0], [6, 0.0], [7, 0.0]]",8,0.30364044874434865,0,0,0,1.7850115201861165,boundary
847,889,2026-09-21T15:19:38,37.92600005887179,0.2206935432825888,0.0038223736536085635,1,1.2069092934221204,0,0.0012203845079863183,0.005909633997362107,0.0,1,1.240866507696097,0,0.022513994513525582,0.00974967097863555,0.0,"[[0, 0.0], [1, 0.0], [2, 0.0], [3, 0.0], [4, 0.0], [5, 0.0], [6, 0.0], [7, 0.0]]",8,0.027365727145802782,1,1,1,1.6497926915588217,boundary
848,890,2026-09-21T15:19:38,67.68491549964372,0.6123565098915541,0.004521274216281385,1,1.205375364477694,0,0.0024821513562220615,0.006143512029666454,0.0,1,1.1956663199384474,0,0.015503437780730003,0.00972644001012668,0.0,"[[0, 0.0], [1, 0.0], [2, 0.0], [3, 0.0], [4, 0.0], [5, 0.0], [6, 0.0], [7, 0.0]]",8,0.008120195724628507,1,1,1,1.5832051704560188,boundary
849,891,2026-09-21T15:19:38,75.1739878784735,0.43014217731969817,0.00271337208378349,0,13.944487707133066,1,0.04404523314878539,0.0015381720149889588,0.0,1,1.1859531189532837,0,0.006081336451593431,0.010064385016448796,0.0,"[[0, 0.0], [1, 0.0], [2, 0.0], [3, 0.0], [4, 0.0], [5, 0.0], [6, 0.0], [7, 0.0]]",8,10.758042948139805,0,0,0,6.543081604901672,boundary
850,892,2026-09-21T15:19:38,117.27101059002747,0.38283579229857334,0.0077747623140004855,1,1.2458391740304384,0,0.0018846281416692184,0.005952887993771583,0.0,1,1.4098888591705305,0,0.2549993868966092,0.009843322040978819,0.0,"[[0, 0.0], [1, 0.0], [2, 0.0], [3, 0.0], [4, 0.0], [5, 0.0], [6, 0.0], [7, 0.0]]",8,0.11635646602428382,0,1,1,1.653537249697582,boundary
851,893,2026-09-21T15:19:38,28.382967856177647,0.3509360185371313,0.004890447476838661,1,1.2007061313541343,0,0.0009858362947032463,0.005923029966652393,0.0,1,1.3036740321657998,0,0.039933750828147103,0.009709959966130555,0.0,"[[0, 0.0], [1, 0.0], [2, 0.0], [3, 0.0], [4, 0.0], [5, 0.0], [6, 0.0], [7, 0.0]]",8,0.0789828578855747,1,1,1,1.6393568867284454,boundary
852,894,2026-09-21T15:19:38,31.421614518829326,0.6464978216772372,0.00550322511141166,1,1.203588644285745,0,0.002239218580707473,0.006043160974513739,0.0,1,1.1947609863803856,0,0.7784580301089484,0.009357046976219863,0.0,"[[0, 0.0], [1, 0.0], [2, 0.0], [3, 0.0], [4, 0.0], [5, 0.0], [6, 0.0], [7, 0.0]]",8,0.007388639239136413,1,1,1,1.5483696389492212,boundary
853,895,2026-09-21T15:19:38,37.544795977558536,0.4982666187293636,0.007859919927274679,1,1.2067674688157513,0,0.0007716649727042712,0.006075601966585964,0.0,1,1.6608993846697808,0,0.011603146502349096,0.009377464011777192,0.0,"[[0, 0.0], [1, 0.0], [2, 0.0], [3, 0.0], [4, 0.0], [5, 0.0], [6, 0.0], [7, 0.0]]",8,0.2734253020054673,0,1,1,1.5434625347991038,boundary
854,896,2026-09-21T15:19:38,27.905372428604096,0.31849352165110323,0.0013151943740680769,1,1.186464247474287,0,0.0005067138529348309,0.005999026005156338,0.0,1,1.1855923659216332,0,0.01723276879104585,0.00959073001286015,0.0,"[[0, 0.0], [1, 0.0], [2, 0.0], [3, 0.0], [4, 0.0], [5, 0.0], [6, 0.0], [7, 0.0]]",8,0.0007353974078401422,1,1,1,1.5987145254274004,boundary
855,897,2026-09-21T15:19:38,77.28718857064823,0.5488974565733652,0.007582038670868635,1,1.1920172941625011,0,0.0011049215380188988,0.005943932046648115,0.0,1,1.185603078555162,0,0.03368603632842526,0.009457548963837326,0.0,"[[0, 0.0], [1, 0.0], [2, 0.0], [3, 0.0], [4, 0.0], [5, 0.0], [6, 0.0], [7, 0.0]]",8,0.005410086835432255,1,1,1,1.5911266968757827,boundary
856,898,2026-09-21T15:19:38,20.506209112067946,0.5282955872759438,0.0031008558478305137,1,1.1990584068158805,0,0.0014724513072653215,0.0060847980203107,0.0,1,1.1941390454762852,0,0.01833124986978461,0.010357789986301214,0.0,"[[0, 0.0], [1, 0.0], [2, 0.0], [3, 0.0], [4, 0.0], [5, 0.0], [6, 0.0], [7, 0.0]]",8,0.004119588383137704,1,1,1,1.7022405594610563,boundary
857,899,2026-09-21T15:19:38,55.312577560207394,0.7311743013622831,0.006317719856305893,1,1.2291627167717325,0,0.004802486787728008,0.006012177967932075,0.0,1,1.2093780057666512,0,0.1577248080345007,0.009817768004722893,0.0,"[[0, 0.0], [1, 0.0], [2, 0.0], [3, 0.0], [4, 0.0], [5, 0.0], [6, 0.0], [7, 0.0]]",8,0.01635941030078459,1,1,1,1.6329802705590521,boundary
858,900,2026-09-21T15:19:38,117.3645869149002,0.6551647204266605,0.007559523396726886,1,1.1867910050633994,0,0.00179719549806443,0.006488945975434035,0.0,1,1.185682813967431,0,0.011659424883718692,0.009236270969267935,0.0,"[[0, 0.0], [1, 0.0], [2, 0.0], [3, 0.0], [4, 0.0], [5, 0.0], [6, 0.0], [7, 0.0]]",8,0.0009346438043243259,1,1,1,1.4233854009934388,boundary
859,901,2026-09-21T15:19:38,88.42199741749684,0.5807176290521836,0.004331859028402696,1,1.1981764710650138,0,0.0016493168723085692,0.006343797023873776,0.0,1,1.1911547517605245,0,0.6958839481071778,0.009652826003730297,0.0,"[[0, 0.0], [1, 0.0], [2, 0.0], [3, 0.0], [4, 0.0], [5, 0.0], [6, 0.0], [7, 0.0]]",8,0.005894884182018467,1,1,1,1.521616465250002,boundary
860,902,2026-09-21T15:19:38,83.56832826708117,0.3710209422820697,0.004507090614057547,1,1.1932991587775204,0,0.0008451476197809545,0.006125148036517203,0.0,1,1.6957110588447744,0,0.11002949839745141,0.009650814987253398,0.0,"[[0, 0.0], [1, 0.0], [2, 0.0], [3, 0.0], [4, 0.0], [5, 0.0], [6, 0.0], [7, 0.0]]",8,0.29628390842100705,0,1,1,1.5756051820652666,boundary
861,903,2026-09-21T15:19:38,34.71703664258271,0.5850692977920553,0.004548946975499958,1,1.1968513263198626,0,0.0015258222078471623,0.006185717997141182,0.0,1,1.1905849570783447,0,0.03997273098076449,0.009394858032464981,0.0,"[[0, 0.0], [1, 0.0], [2, 0.0], [3, 0.0], [4, 0.0], [5, 0.0], [6, 0.0], [7, 0.0]]",8,0.005263269289824868,1,1,1,1.5187983087504067,boundary
862,904,2026-09-21T15:19:38,36.60820359190013,0.17551158087477461,0.003266730646147436,1,1.2041319171803975,0,0.0005738731063428492,0.005987711017951369,0.0,1,1.7802478401503166,0,0.07629535994965256,0.010091395990457386,0.0,"[[0, 0.0], [1, 0.0], [2, 0.0], [3, 0.0], [4, 0.0], [5, 0.0], [6, 0.0], [7, 0.0]]",8,0.32361557193141954,0,1,1,1.6853512068640293,boundary
863,905,2026-09-21T15:19:38,86.3404636302996,0.7265988962687185,0.0036654906503435524,1,1.2194403896108177,0,0.003727901492950437,0.006547269003931433,0.0,1,1.208099751414796,0,0.02160630590261828,0.010959637991618365,0.0,"[[0, 0.0], [1, 0.0], [2, 0.0], [3, 0.0], [4, 0.0], [5, 0.0], [6, 0.0], [7, 0.0]]",8,0.009387170374582712,1,1,1,1.6739251106129045,boundary
864,906,2026-09-21T15:19:38,75.78190565622575,0.540924343889803,0.0063139515640922485,1,1.1861377650523566,0,0.00047666438910399524,0.006054989004042,0.0,1,1.6764670069520233,0,0.6340537122926038,0.010531496023759246,0.0,"[[0, 0.0], [1, 0.0], [2, 0.0], [3, 0.0], [4, 0.0], [5, 0.0], [6, 0.0], [7, 0.0]]",8,0.2924777164515346,0,1,1,1.739308860301639,boundary
865,907,2026-09-21T15:19:38,117.1836754077984,0.5580907257526555,0.006342296812160483,1,1.1856288857128554,0,0.006052196665095605,0.006039507978130132,0.0,1,1.1863654278511975,0,0.05048496467042636,0.009696644963696599,0.0,"[[0, 0.0], [1, 0.0], [2, 0.0], [3, 0.0], [4, 0.0], [5, 0.0], [6, 0.0], [7, 0.0]]",8,0.0006208391791019463,1,1,1,1.6055355831649616,boundary
866,908,2026-09-21T15:19:38,77.923697327693,0.5549279437069395,0.004948628935189838,1,1.187797349096664,0,0.0006161422629510445,0.005999763961881399,0.0,1,1.1858054788355439,0,0.01297399209876164,0.009174284990876913,0.0,"[[0, 0.0], [1, 0.0], [2, 0.0], [3, 0.0], [4, 0.0], [5, 0.0], [6, 0.0], [7, 0.0]]",8,0.0016797613914519443,1,1,1,1.5291076530950813,boundary
867,909,2026-09-21T15:19:38,115.16817020991176,0.361374868131636,0.005071876893230611,1,1.2010888229373173,0,0.0009315000839624906,0.00624582200543955,0.0,1,1.1850784087668937,0,0.056063296418140666,0.010088759008795023,0.0,"[[0, 0.0], [1, 0.0], [2, 0.0], [3, 0.0], [4, 0.0], [5, 0.0], [6, 0.0], [7, 0.0]]",8,0.013510004107730613,1,1,1,1.6152812231934597,boundary
868,910,2026-09-21T15:19:38,57.397968937844,0.43589682114227624,0.00533286997382766,1,1.191278130239777,0,0.0013358940966192137,0.005998715991154313,0.0,0,1.3208631172860101,1,0.028537453973164754,0.008001484035048634,0.0,"[[0, 0.0], [1, 0.0], [2, 0.0], [3, 0.0], [4, 0.0], [5, 0.0], [6, 0.0], [7, 0.0]]",8,0.09810629530824708,0,0,0,1.33386612182467,boundary
869,911,2026-09-21T15:19:38,32.50393353448595,0.6305349254121756,0.005927689189290157,1,1.1938185398418781,0,0.001002771745755871,0.006127006025053561,0.0,1,1.1902373854403783,0,0.0175634244443829,0.009311543952208012,0.0,"[[0, 0.0], [1, 0.0], [2, 0.0], [3, 0.0], [4, 0.0], [5, 0.0], [6, 0.0], [7, 0.0]]",8,0.003008773245830172,1,1,1,1.5197543325618996,boundary
870,912,2026-09-21T15:19:38,103.04971173550338,0.5414270194596001,0.006990080936648291,1,1.1887059695590392,0,0.0007370497241929709,0.006008333002682775,0.0,1,1.1864095798939047,0,0.10637006595952514,0.009833604039158672,0.0,"[[0, 0.0], [1, 0.0], [2, 0.0], [3, 0.0], [4, 0.0], [5, 0.0], [6, 0.0], [7, 0.0]]",8,0.0019355791659570155,1,1,1,1.63666095650289,boundary
871,913,2026-09-21T15:19:38,91.57184942144005,0.3690707378838969,0.007170374198285866,1,1.2365254659881446,0,0.0018479957311560494,0.006096080003771931,0.0,1,1.4839755072187284,0,0.01149027978207166,0.010109196999110281,0.0,"[[0, 0.0], [1, 0.0], [2, 0.0], [3, 0.0], [4, 0.0], [5, 0.0], [6, 0.0], [7, 0.0]]",8,0.16674806290728844,0,1,1,1.658311077422745,boundary
872,914,2026-09-21T15:19:38,43.08383820157596,0.339146311955708,0.00654281741894884,1,1.2321625772698703,0,0.0019094832462334217,0.005873173999134451,0.0,1,1.346100600469508,0,0.33371501287886446,0.010031568992417306,0.0,"[[0, 0.0], [1, 0.0], [2, 0.0], [3, 0.0], [4, 0.0], [5, 0.0], [6, 0.0], [7, 0.0]]",8,0.08464302234164153,1,1,1,1.7080319762185985,boundary
873,915,2026-09-21T15:19:38,25.107579576820054,0.5920022196411868,0.0037301426145511982,1,1.2096797392069376,0,0.0032615343228003207,0.006401463004294783,0.0,1,1.2001154746946148,0,0.021167698621201814,0.0106222799513489,0.0,"[[0, 0.0], [1, 0.0], [2, 0.0], [3, 0.0], [4, 0.0], [5, 0.0], [6, 0.0], [7, 0.0]]",8,0.007969453535091356,1,1,1,1.659351923805909,boundary
874,916,2026-09-21T15:19:38,45.00241929282359,0.5551545351851557,0.006770427772701685,1,1.1864999853456004,0,0.0005221174035409641,0.006167943007312715,0.0,1,1.6211014308632272,0,0.012000609640241912,0.011547264002729207,0.0,"[[0, 0.0], [1, 0.0], [2, 0.0], [3, 0.0], [4, 0.0], [5, 0.0], [6, 0.0], [7, 0.0]]",8,0.2680902238709419,0,1,1,1.8721418127629856,boundary
875,917,2026-09-21T15:19:38,43.680500030024,0.41328291841953624,0.003981187867533379,1,1.1862935066588773,0,0.0005827413700402903,0.006304889975581318,0.0,1,1.7342451386867663,0,0.524224721441209,0.014748879009857774,0.0,"[[0, 0.0], [1, 0.0], [2, 0.0], [3, 0.0], [4, 0.0], [5, 0.0], [6, 0.0], [7, 0.0]]",8,0.3159597336065292,0,1,1,2.3392761914926057,boundary
876,918,2026-09-21T15:19:38,30.100212133165055,0.4672956717856628,0.0038401549300099793,1,1.1858404693106452,0,0.001216684725330962,0.005894744012039155,0.0,1,1.184402161954186,0,0.0066383939348168336,0.009704300027806312,0.0,"[[0, 0.0], [1, 0.0], [2, 0.0], [3, 0.0], [4, 0.0], [5, 0.0], [6, 0.0], [7, 0.0]]",8,0.0012143741396808243,1,1,1,1.6462631808924517,boundary
877,919,2026-09-21T15:19:38,56.21257621185684,0.5758214296365474,0.006773602371553061,1,1.1856609419014006,0,0.001414330501848026,0.0064478020067326725,0.0,0,1.6251715518204775,1,0.011456833809001251,0.007107030949555337,0.0,"[[0, 0.0], [1, 0.0], [2, 0.0], [3, 0.0], [4, 0.0], [5, 0.0], [6, 0.0], [7, 0.0]]",8,0.2704395172477317,0,0,0,1.1022408786954547,boundary
878,920,2026-09-21T15:19:39,40.68906237108785,0.5522697002721361,0.00486129699093471,1,1.1879357187946276,0,0.0006134284385417336,0.006191302032675594,0.0,1,1.1858303833343116,0,0.013136477358107376,0.009512168995570391,0.0,"[[0, 0.0], [1, 0.0], [2, 0.0], [3, 0.0], [4, 0.0], [5, 0.0], [6, 0.0], [7, 0.0]]",8,0.0017754102862470283,1,1,1,1.5363761847456943,boundary
879,921,2026-09-21T15:19:39,21.41879777218866,0.2504478667096714,0.005955014962208992,1,1.243095272371037,0,0.0010204674582913464,0.006603521993383765,0.0,1,1.681993541065209,0,0.06085021433987994,0.010090675030369312,0.0,"[[0, 0.0], [1, 0.0], [2, 0.0], [3, 0.0], [4, 0.0], [5, 0.0], [6, 0.0], [7, 0.0]]",8,0.2609393306089732,0,1,1,1.5280747214106976,boundary
880,922,2026-09-21T15:19:39,63.848330640558665,0.5896157316964435,0.003364071430183443,1,1.2125935423311944,0,0.001978702348236309,0.006065323017537594,0.0,0,1.2028197486517025,1,0.023206538367268013,0.008549691003281623,0.0,"[[0, 0.0], [1, 0.0], [2, 0.0], [3, 0.0], [4, 0.0], [5, 0.0], [6, 0.0], [7, 0.0]]",8,0.008125734292646795,0,0,0,1.4096019253320222,boundary
881,923,2026-09-21T15:19:39,53.03582583038812,0.7173575996221961,0.004652975785648733,1,1.2389828035915398,0,0.005587975757539702,0.006589989992789924,0.0,0,1.2174370383667599,1,0.015342722862141578,0.007834240968804806,0.0,"[[0, 0.0], [1, 0.0], [2, 0.0], [3, 0.0], [4, 0.0], [5, 0.0], [6, 0.0], [7, 0.0]]",8,0.017697642297530566,0,0,0,1.1888092360346847,boundary
882,924,2026-09-21T15:19:39,39.79596401917976,0.7829414399797991,0.004934218979422644,1,1.2463566683170102,0,0.00529392133541723,0.006083689979277551,0.0,1,1.2226926524553863,0,0.014703915746580776,0.010498322022613138,0.0,"[[0, 0.0], [1, 0.0], [2, 0.0], [3, 0.0], [4, 0.0], [5, 0.0], [6, 0.0], [7, 0.0]]",8,0.01935401821062908,1,1,1,1.725650396120256,boundary
883,925,2026-09-21T15:19:39,75.59838635520394,0.6679269808368711,0.004400691007321478,1,1.2307499064659289,0,0.001820694493921885,0.0065230230102315545,0.0,0,1.2122165243413965,1,0.018786670400276706,0.007764763024169952,0.0,"[[0, 0.0], [1, 0.0], [2, 0.0], [3, 0.0], [4, 0.0], [5, 0.0], [6, 0.0], [7, 0.0]]",8,0.015288838051932723,0,0,0,1.190362660378584,boundary
884,926,2026-09-21T15:19:39,26.948386183917965,0.22466788644307084,0.005728545006052074,1,1.2436438700635548,0,0.0010431900226050052,0.0061643170192837715,0.0,1,1.6043989355759076,0,0.010957060848597327,0.01070077798794955,0.0,"[[0, 0.0], [1, 0.0], [2, 0.0], [3, 0.0], [4, 0.0], [5, 0.0], [6, 0.0], [7, 0.0]]",8,0.2248537178085685,0,1,1,1.7359227233892114,boundary
885,927,2026-09-21T15:19:39,42.67737287448139,0.42523254700236235,0.004635120857403913,1,1.1880115503229693,0,0.001099784194297702,0.006204092991538346,0.0,1,1.7710645715668758,0,2.7929583638959268,0.010643150948453695,0.0,"[[0, 0.0], [1, 0.0], [2, 0.0], [3, 0.0], [4, 0.0], [5, 0.0], [6, 0.0], [7, 0.0]]",8,0.3292104819916727,0,1,1,1.7155047422676775,boundary
886,928,2026-09-21T15:19:39,61.706109405534754,0.29899784033896415,0.006580295175466291,1,1.2450946150900661,0,0.0013396164693758202,0.006114221003372222,0.0,1,1.3760522266565218,0,0.09727272786147388,0.012298976012971252,0.0,"[[0, 0.0], [1, 0.0], [2, 0.0], [3, 0.0], [4, 0.0], [5, 0.0], [6, 0.0], [7, 0.0]]",8,0.09516907064250853,1,1,1,2.0115360576904084,boundary
887,929,2026-09-21T15:19:39,111.45446690010849,0.3664107688165362,0.005638790222133932,1,1.208035763022925,0,0.0011220278134682884,0.006195028021465987,0.0,1,1.711971668905969,0,0.35104279568106733,0.015992499014828354,0.0,"[[0, 0.0], [1, 0.0], [2, 0.0], [3, 0.0], [4, 0.0], [5, 0.0], [6, 0.0], [7, 0.0]]",8,0.2943599564384631,0,1,1,2.581505516910301,boundary
888,930,2026-09-21T15:19:39,101.29640335228603,0.7766428643146729,0.004440274324282277,1,1.2352152508206355,0,0.00493248849255487,0.0062498549814336,0.0,1,1.2170481549672523,0,0.01124332160743359,0.013743853021878749,0.0,"[[0, 0.0], [1, 0.0], [2, 0.0], [3, 0.0], [4, 0.0], [5, 0.0], [6, 0.0], [7, 0.0]]",8,0.014927179158224932,1,1,1,2.1990675083993976,boundary
889,931,2026-09-21T15:19:39,104.23719416560054,0.5594251352841182,0.005555942609688043,1,1.1860871651380325,0,0.0015155417548261116,0.007627537008374929,0.0,1,1.1857290361968444,0,0.009637069856924536,0.0112447360297665,0.0,"[[0, 0.0], [1, 0.0], [2, 0.0], [3, 0.0], [4, 0.0], [5, 0.0], [6, 0.0], [7, 0.0]]",8,0.0003020326990867212,1,1,1,1.4742289702980054,boundary
890,932,2026-09-21T15:19:39,21.388312801098934,0.1417941086261355,0.003926102448867832,1,1.21837512081848,0,0.0003376252800643051,0.007743780966848135,0.0,1,1.6259971074059,0,1.2896835853272546,0.00975919998018071,0.0,"[[0, 0.0], [1, 0.0], [2, 0.0], [3, 0.0], [4, 0.0], [5, 0.0], [6, 0.0], [7, 0.0]]",8,0.250690474620669,0,1,1,1.2602629157462972,boundary
891,933,2026-09-21T15:19:39,83.85920700562889,0.5799440343830979,0.003907864528019819,1,1.2032119038194278,0,0.002422075616583496,0.00680852000368759,0.0,1,1.1954875895018924,0,0.16040010172218874,0.009831211005803198,0.0,"[[0, 0.0], [1, 0.0], [2, 0.0], [3, 0.0], [4, 0.0], [5, 0.0], [6, 0.0], [7, 0.0]]",8,0.006461225014267009,1,1,1,1.443957130254222,boundary
893,935,2026-09-21T15:19:39,76.07630834360876,0.4939568056493413,0.00532948482523412,1,1.1860748815885975,0,0.0005657447981568787,0.005964229989331216,0.0,0,1.3606828987150335,1,0.036300234336180334,0.007949449005536735,0.0,"[[0, 0.0], [1, 0.0], [2, 0.0], [3, 0.0], [4, 0.0], [5, 0.0], [6, 0.0], [7, 0.0]]",8,0.12832381247043506,0,0,0,1.332854202429596,boundary
892,934,2026-09-21T15:19:39,115.54278880057068,0.5053468600773321,0.007272151319015638,1,1.1977134347019016,0,0.0013334073398527818,0.005985089985188097,0.0,1,1.185850809015868,0,0.14978625500126555,0.010126660985406488,0.0,"[[0, 0.0], [1, 0.0], [2, 0.0], [3, 0.0], [4, 0.0], [5, 0.0], [6, 0.0], [7, 0.0]]",8,0.010003472271422092,1,1,1,1.6919814088790566,boundary
894,936,2026-09-21T15:19:39,45.07875724737437,0.7245868643081802,0.0030884460672497057,1,1.2095903171705673,0,0.0057135696581128905,0.005972484010271728,0.0,1,1.2026443342443311,0,0.0033745370634061466,0.00993137201294303,0.0,"[[0, 0.0], [1, 0.0], [2, 0.0], [3, 0.0], [4, 0.0], [5, 0.0], [6, 0.0], [7, 0.0]]",8,0.005775591942235021,1,1,1,1.6628545167911106,boundary
895,937,2026-09-21T15:19:39,109.35538784761093,0.5079595779276784,0.005750005765699428,1,1.1864179558405077,0,0.0004991703401924445,0.00605478003853932,0.0,1,1.7046213437285314,0,0.05679515520114168,0.009447827993426472,0.0,"[[0, 0.0], [1, 0.0], [2, 0.0], [3, 0.0], [4, 0.0], [5, 0.0], [6, 0.0], [7, 0.0]]",8,0.30399911968399584,0,1,1,1.5603916134508669,boundary
896,938,2026-09-21T15:19:39,38.61887707774871,0.7083223071811227,0.007563357160124624,1,1.1983160150484748,0,0.001380755569404623,0.006014156038872898,0.0,1,1.1925340630411239,0,0.24370213971374638,0.009929499996360391,0.0,"[[0, 0.0], [1, 0.0], [2, 0.0], [3, 0.0], [4, 0.0], [5, 0.0], [6, 0.0], [7, 0.0]]",8,0.0048484585778675576,1,1,1,1.6510213456685208,boundary
897,939,2026-09-21T15:19:39,22.689719897234923,0.2877844881498538,0.004993426053794008,1,1.2146321902190376,0,0.0016980068880563365,0.005954143998678774,0.0,1,1.3040359579264722,0,0.015892739970555042,0.009880846017040312,0.0,"[[0, 0.0], [1, 0.0], [2, 0.0], [3, 0.0], [4, 0.0], [5, 0.0], [6, 0.0], [7, 0.0]]",8,0.06855928102595744,1,1,1,1.6594906033903236,boundary
898,940,2026-09-21T15:19:39,118.83973063364839,0.7550896325487186,0.0045361320219022595,0,23.025961276854165,1,0.17200519842711912,0.0014340279740281403,0.0,1,1.2175294073039387,0,0.011544862379978295,0.01050138397840783,0.0,"[[0, 0.0], [1, 0.0], [2, 0.0], [3, 0.0], [4, 0.0], [5, 0.0], [6, 0.0], [7, 0.0]]",8,17.912037063517158,0,0,0,7.322997994878556,boundary
899,941,2026-09-21T15:19:39,73.80843000939547,0.20898840801364277,0.003409401700262075,1,1.202499499459094,0,0.0011650660241070534,0.0059214450302533805,0.0,1,1.2999083040443193,0,0.07888451618390965,0.009263460990041494,0.0,"[[0, 0.0], [1, 0.0], [2, 0.0], [3, 0.0], [4, 0.0], [5, 0.0], [6, 0.0], [7, 0.0]]",8,0.0749351352569744,1,1,1,1.5643919588400044,boundary
1003,84,2026-09-21T15:19:45,20.0,0.1,0.006,1,1.2728237047566737,0,0.00033110286100153396,0.008179093012586236,0.0,1,1.5685037716892032,0,0.011973967948281181,0.01059829699806869,0.0,"[[0, 0.0], [1, 0.0], [2, 0.0], [3, 0.0], [4, 0.0], [5, 0.0], [6, 0.0], [7, 0.0]]",8,0.18851090591519346,0,1,1,1.29577900407291,test_grid
1002,84,2026-09-21T15:19:45,20.0,0.1,0.004,1,1.2237240470274349,0,0.00038683168172003613,0.008191402012016624,0.0,1,1.6281393896916712,0,0.011706862106325414,0.010534325032494962,0.0,"[[0, 0.0], [1, 0.0], [2, 0.0], [3, 0.0], [4, 0.0], [5, 0.0], [6, 0.0], [7, 0.0]]",8,0.24839110534683545,0,1,1,1.286022223917385,test_grid
1001,84,2026-09-21T15:19:45,20.0,0.1,0.002,1,1.1941596755703694,0,0.0002652567681837836,0.008401041966862977,0.0,1,1.1854821669901645,0,0.00022053357171579612,0.010967226990032941,0.0,"[[0, 0.0], [1, 0.0], [2, 0.0], [3, 0.0], [4, 0.0], [5, 0.0], [6, 0.0], [7, 0.0]]",8,0.007319813677363295,1,1,1,1.3054603266228177,test_grid
1000,84,2026-09-21T15:19:45,20.0,0.1,0.0,1,20.828999406063588,0,0.0001073432533077136,0.014271230960730463,0.7000000000000001,0,19.576989802853138,1,0.10486625051632985,0.022175154997967184,0.17200000000000001,"[[1, 0.17200000000000001], [6, 0.17200000000000001], [0, 0.178], [2, 0.178], [3, 0.178], [4, 0.178], [5, 0.178], [7, 0.184]]",8,0.06395312128261836,0,0,0,1.5538361798632234,test_grid
1004,84,2026-09-21T15:19:45,20.0,0.1,0.008,1,1.339307689840964,0,0.00020119955881249218,0.005973558989353478,0.0,1,1.387165480062602,0,0.012415283714041927,0.009022505022585392,0.0,"[[0, 0.0], [1, 0.0], [2, 0.0], [3, 0.0], [4, 0.0], [5, 0.0], [6, 0.0], [7, 0.0]]",8,0.03450041895468619,1,1,1,1.5104069514783354,test_grid
1006,84,2026-09-21T15:19:45,20.0,0.275,0.002,1,1.1860720172898525,0,0.0008081170947335258,0.006142907950561494,0.0,1,1.1855248555857716,0,0.0070255148687909715,0.009329874999821186,0.0,"[[0, 0.0], [1, 0.0], [2, 0.0], [3, 0.0], [4, 0.0], [5, 0.0], [6, 0.0], [7, 0.0]]",8,0.00046153541319934036,1,1,1,1.5188042983727905,test_grid
1007,84,2026-09-21T15:19:45,20.0,0.275,0.004,1,1.2017065797325706,0,0.0016605954826564692,0.005848693021107465,0.0,1,1.7228627778220102,0,0.10446620604594688,0.009753186954185367,0.0,"[[0, 0.0], [1, 0.0], [2, 0.0], [3, 0.0], [4, 0.0], [5, 0.0], [6, 0.0], [7, 0.0]]",8,0.3024943163194165,0,1,1,1.667584008766898,test_grid
1005,84,2026-09-21T15:19:45,20.0,0.275,0.0,1,20.829002761387716,0,0.0013472118533668389,0.012208304018713534,0.7000000000000001,1,20.568914766706932,0,0.2585591623239664,0.026200303982477635,0.17200000000000001,"[[0, 0.17200000000000001], [1, 0.17200000000000001], [2, 0.17200000000000001], [3, 0.17200000000000001], [5, 0.17200000000000001], [6, 0.17200000000000001], [4, 0.192], [7, 0.194]]",8,0.012644711577188585,1,1,1,2.1461051381351925,test_grid
1008,84,2026-09-21T15:19:45,20.0,0.275,0.006,1,1.2379752297245519,0,0.0014697254739358837,0.005772933014668524,0.0,1,1.3145739367713425,0,0.31113264267138924,0.00948002899531275,0.0,"[[0, 0.0], [1, 0.0], [2, 0.0], [3, 0.0], [4, 0.0], [5, 0.0], [6, 0.0], [7, 0.0]]",8,0.05826884658532084,1,1,1,1.6421512203978144,test_grid
1009,84,2026-09-21T15:19:45,20.0,0.275,0.008,1,1.2931125783202257,0,0.0009238091658845091,0.005952212959527969,0.0,1,1.6212737384411995,0,0.011521322583286042,0.009963552991393954,0.0,"[[0, 0.0], [1, 0.0], [2, 0.0], [3, 0.0], [4, 0.0], [5, 0.0], [6, 0.0], [7, 0.0]]",8,0.2024094712324704,0,1,1,1.6739241453793845,test_grid
1011,84,2026-09-21T15:19:45,20.0,0.45000000000000007,0.002,1,1.1942870381850579,0,0.0008914171868414426,0.0059908980038017035,0.0,1,1.18604544556489,0,0.006077527051356219,0.009231225005351007,0.0,"[[0, 0.0], [1, 0.0], [2, 0.0], [3, 0.0], [4, 0.0], [5, 0.0], [6, 0.0], [7, 0.0]]",8,0.006948800023630176,1,1,1,1.540875007301586,test_grid
1013,84,2026-09-21T15:19:45,20.0,0.45000000000000007,0.006,1,1.1949607952092642,0,0.0009745463553110618,0.005850819987244904,0.0,0,1.6444367408478497,1,0.01345453048652455,0.005954849999397993,0.0,"[[0, 0.0], [1, 0.0], [2, 0.0], [3, 0.0], [4, 0.0], [5, 0.0], [6, 0.0], [7, 0.0]]",8,0.27333124739528847,0,0,0,1.0177804158015253,test_grid
1012,84,2026-09-21T15:19:45,20.0,0.45000000000000007,0.004,1,1.1855054980245874,0,0.0005931330954372323,0.005827125976793468,0.0,1,1.1842694098078546,0,0.10155629341168398,0.009306219988502562,0.0,"[[0, 0.0], [1, 0.0], [2, 0.0], [3, 0.0], [4, 0.0], [5, 0.0], [6, 0.0], [7, 0.0]]",8,0.0010437559279128687,1,1,1,1.5970514496450887,test_grid
1010,84,2026-09-21T15:19:45,20.0,0.45000000000000007,0.0,1,20.829002700438703,0,0.0034322366429903437,0.011863873049151152,0.7000000000000001,0,20.15181269324494,1,0.1054170055490743,0.024544838990550488,0.17200000000000001,"[[0, 0.17200000000000001], [1, 0.17200000000000001], [3, 0.17200000000000001], [6, 0.17200000000000001], [2, 0.178], [4, 0.178], [5, 0.212], [7, 0.214]]",8,0.03360442147324866,0,0,0,2.06887235634291,test_grid
1014,84,2026-09-21T15:19:45,20.0,0.45000000000000007,0.008,1,1.2253521003665193,0,0.0008612391560256837,0.006338447972666472,0.0,1,1.1850444627012529,0,0.06352649396146501,0.009321392048150301,0.0,"[[0, 0.0], [1, 0.0], [2, 0.0], [3, 0.0], [4, 0.0], [5, 0.0], [6, 0.0], [7, 0.0]]",8,0.03401360787205157,1,1,1,1.4706111162144568,test_grid
1016,84,2026-09-21T15:19:45,20.0,0.625,0.002,1,1.1950961112146494,0,0.0039036856183500344,0.005942595016676933,0.0,1,1.186828686414365,0,0.006408095937021313,0.009936976013705134,0.0,"[[0, 0.0], [1, 0.0], [2, 0.0], [3, 0.0], [4, 0.0], [5, 0.0], [6, 0.0], [7, 0.0]]",8,0.00696597992188914,1,1,1,1.6721610652953158,test_grid
1017,84,2026-09-21T15:19:45,20.0,0.625,0.004,1,1.2182950630967593,0,0.004029618362669402,0.005764879984781146,0.0,0,1.2051202534999692,1,0.02285832108487919,0.008763299963902682,0.0,"[[0, 0.0], [1, 0.0], [2, 0.0], [3, 0.0], [4, 0.0], [5, 0.0], [6, 0.0], [7, 0.0]]",8,0.010932360947820057,0,0,0,1.5201183696862972,test_grid
1015,84,2026-09-21T15:19:45,20.0,0.625,0.0,1,20.82900269232246,0,0.001030513458537683,0.012023305986076593,0.7000000000000001,0,13.708252717429648,1,0.10584402121443758,0.02406899002380669,0.148,"[[1, 0.148], [0, 0.18], [2, 0.18], [3, 0.188], [4, 0.188], [5, 0.188], [6, 0.188], [7, 0.196]]",8,0.5194498614574697,0,0,0,2.0018612228350023,test_grid
1018,84,2026-09-21T15:19:45,20.0,0.625,0.006,1,1.1918643917020477,0,0.0006613604160949004,0.005992294987663627,0.0,1,1.1997917489719572,0,0.31725960755261173,0.009190601005684584,0.0,"[[0, 0.0], [1, 0.0], [2, 0.0], [3, 0.0], [4, 0.0], [5, 0.0], [6, 0.0], [7, 0.0]]",8,0.006607277701902865,1,1,1,1.5337364106081774,test_grid
1019,84,2026-09-21T15:19:45,20.0,0.625,0.008,1,1.185709499757052,0,0.0018788686196079551,0.005986692965961993,0.0,1,1.6610249274897666,0,0.011682634765085916,0.011115856003016233,0.0,"[[0, 0.0], [1, 0.0], [2, 0.0], [3, 0.0], [4, 0.0], [5, 0.0], [6, 0.0], [7, 0.0]]",8,0.286157913626882,0,1,1,1.8567606633940752,test_grid
1021,84,2026-09-21T15:19:45,20.0,0.8,0.002,1,1.1950871490657786,0,0.0027252229189934233,0.006091631017625332,0.0,1,1.1874870019950035,0,0.0009225071573670692,0.010850929014850408,0.0,"[[0, 0.0], [1, 0.0], [2, 0.0], [3, 0.0], [4, 0.0], [5, 0.0], [6, 0.0], [7, 0.0]]",8,0.006400193903602107,1,1,1,1.7812846811395298,test_grid
1022,84,2026-09-21T15:19:45,20.0,0.8,0.004,1,1.226194977307126,0,0.00482543587992232,0.005943202006164938,0.0,1,1.2282892493418998,0,0.02503540547235054,0.009288116008974612,0.0,"[[0, 0.0], [1, 0.0], [2, 0.0], [3, 0.0], [4, 0.0], [5, 0.0], [6, 0.0], [7, 0.0]]",8,0.0017050316412815143,1,1,1,1.5628134462432814,test_grid
1023,84,2026-09-21T15:19:45,20.0,0.8,0.006,1,1.2733927465939872,0,0.005539945694946443,0.00599286804208532,0.0,0,1.2357047538873025,1,0.011104238373621867,0.006752564979251474,0.0,"[[0, 0.0], [1, 0.0], [2, 0.0], [3, 0.0], [4, 0.0], [5, 0.0], [6, 0.0], [7, 0.0]]",8,0.030499188894535758,0,0,0,1.1267668388209338,test_grid
1020,84,2026-09-21T15:19:45,20.0,0.8,0.0,1,20.82900269225892,0,0.002159533151576853,0.014054839964956045,0.7000000000000001,0,20.543649330588913,1,0.010078803782717279,0.03377634403295815,0.17200000000000001,"[[0, 0.17200000000000001], [1, 0.17200000000000001], [2, 0.17200000000000001], [3, 0.17200000000000001], [5, 0.17200000000000001], [6, 0.17200000000000001], [4, 0.306], [7, 0.308]]",8,0.013890100881206402,0,0,0,2.403182399598655,test_grid
1024,84,2026-09-21T15:19:45,20.0,0.8,0.008,1,1.2379926948774902,0,0.005843909641955215,0.0060858820215798914,0.0,1,1.213849447898375,0,0.018682379951741164,0.009779154963325709,0.0,"[[0, 0.0], [1, 0.0], [2, 0.0], [3, 0.0], [4, 0.0], [5, 0.0], [6, 0.0], [7, 0.0]]",8,0.019889819961541464,1,1,1,1.6068591091069238,test_grid
1026,84,2026-09-21T15:19:45,45.0,0.1,0.002,1,1.1941596755703694,0,0.0002652567681837836,0.0061024699825793505,0.0,1,1.1854821669901645,0,0.00022053357171579612,0.009483913017902523,0.0,"[[0, 0.0], [1, 0.0], [2, 0.0], [3, 0.0], [4, 0.0], [5, 0.0], [6, 0.0], [7, 0.0]]",8,0.007319813677363295,1,1,1,1.5541105560496222,test_grid
1027,84,2026-09-21T15:19:45,45.0,0.1,0.004,1,1.2237240470274349,0,0.00038683168172003613,0.006795874971430749,0.0,1,1.6281393896916712,0,0.011706862106325414,0.009381090989336371,0.0,"[[0, 0.0], [1, 0.0], [2, 0.0], [3, 0.0], [4, 0.0], [5, 0.0], [6, 0.0], [7, 0.0]]",8,0.24839110534683545,0,1,1,1.380409590931799,test_grid
1028,84,2026-09-21T15:19:45,45.0,0.1,0.006,1,1.2728237047566737,0,0.00033110286100153396,0.006048944953363389,0.0,1,1.5685037716892032,0,0.011973967948281181,0.00930588599294424,0.0,"[[0, 0.0], [1, 0.0], [2, 0.0], [3, 0.0], [4, 0.0], [5, 0.0], [6, 0.0], [7, 0.0]]",8,0.18851090591519346,0,1,1,1.5384312577964359,test_grid
1029,84,2026-09-21T15:19:45,45.0,0.1,0.008,1,1.339307689840964,0,0.00020119955881249218,0.0059207630110904574,0.0,1,1.387165480062602,0,0.012415283714041927,0.009150200989097357,0.0,"[[0, 0.0], [1, 0.0], [2, 0.0], [3, 0.0], [4, 0.0], [5, 0.0], [6, 0.0], [7, 0.0]]",8,0.03450041895468619,1,1,1,1.545442871460602,test_grid
1025,84,2026-09-21T15:19:45,45.0,0.1,0.0,1,45.794516647110704,0,0.00017806496005672343,0.0224023480550386,1.424,1,43.494186452682335,0,0.0051256562111686626,0.02976433397270739,0.232,"[[1, 0.232], [6, 0.232], [3, 0.23800000000000002], [0, 0.244], [2, 0.244], [4, 0.244], [5, 0.244], [7, 0.244]]",8,0.05288822212897157,1,1,1,1.3286256377939354,test_grid
1031,84,2026-09-21T15:19:45,45.0,0.275,0.002,1,1.1860720172898525,0,0.0008081170947335258,0.005984590039588511,0.0,1,1.1855248555857716,0,0.0070255148687909715,0.009546306973788887,0.0,"[[0, 0.0], [1, 0.0], [2, 0.0], [3, 0.0], [4, 0.0], [5, 0.0], [6, 0.0], [7, 0.0]]",8,0.00046153541319934036,1,1,1,1.5951480236138738,test_grid
1032,84,2026-09-21T15:19:45,45.0,0.275,0.004,1,1.2017065797325706,0,0.0016605954826564692,0.006014451966620982,0.0,1,1.7228627778220102,0,0.10446620604594688,0.009727285010740161,0.0,"[[0, 0.0], [1, 0.0], [2, 0.0], [3, 0.0], [4, 0.0], [5, 0.0], [6, 0.0], [7, 0.0]]",8,0.3024943163194165,0,1,1,1.6173185960623957,test_grid
1033,84,2026-09-21T15:19:45,45.0,0.275,0.006,1,1.2379752297245519,0,0.0014697254739358837,0.006023922993335873,0.0,1,1.3145739367713425,0,0.31113264267138924,0.009607888001482934,0.0,"[[0, 0.0], [1, 0.0], [2, 0.0], [3, 0.0], [4, 0.0], [5, 0.0], [6, 0.0], [7, 0.0]]",8,0.05826884658532084,1,1,1,1.594955316014484,test_grid
1034,84,2026-09-21T15:19:45,45.0,0.275,0.008,1,1.2931125783202257,0,0.0009238091658845091,0.005923035962041467,0.0,1,1.6212737384411995,0,0.011521322583286042,0.010203607031144202,0.0,"[[0, 0.0], [1, 0.0], [2, 0.0], [3, 0.0], [4, 0.0], [5, 0.0], [6, 0.0], [7, 0.0]]",8,0.2024094712324704,0,1,1,1.7226988146847868,test_grid
1030,84,2026-09-21T15:19:45,45.0,0.275,0.0,1,45.79451999876689,0,0.0017357703488997927,0.024704804993234575,1.424,0,42.181289221192586,1,0.0665771253845637,0.02900297800078988,0.226,"[[6, 0.226], [1, 0.232], [3, 0.232], [2, 0.23800000000000002], [0, 0.244], [4, 0.244], [5, 0.244], [7, 0.252]]",8,0.08565956243364306,0,0,0,1.1739812562265666,test_grid
1036,84,2026-09-21T15:19:45,45.0,0.45000000000000007,0.002,1,1.1942870381850579,0,0.0008914171868414426,0.006033812998794019,0.0,1,1.18604544556489,0,0.006077527051356219,0.00927891896571964,0.0,"[[0, 0.0], [1, 0.0], [2, 0.0], [3, 0.0], [4, 0.0], [5, 0.0], [6, 0.0], [7, 0.0]]",8,0.006948800023630176,1,1,1,1.5378201093693527,test_grid
1038,84,2026-09-21T15:19:45,45.0,0.45000000000000007,0.006,1,1.1949607952092642,0,0.0009745463553110618,0.0068001169711351395,0.0,0,1.6444367408478497,1,0.01345453048652455,0.005790332972537726,0.0,"[[0, 0.0], [1, 0.0], [2, 0.0], [3, 0.0], [4, 0.0], [5, 0.0], [6, 0.0], [7, 0.0]]",8,0.27333124739528847,0,0,0,0.8515049075061939,test_grid
1037,84,2026-09-21T15:19:45,45.0,0.45000000000000007,0.004,1,1.1855054980245874,0,0.0005931330954372323,0.005937718029599637,0.0,1,1.1842694098078546,0,0.10155629341168398,0.009228967013768852,0.0,"[[0, 0.0], [1, 0.0], [2, 0.0], [3, 0.0], [4, 0.0], [5, 0.0], [6, 0.0], [7, 0.0]]",8,0.0010437559279128687,1,1,1,1.5542952642348924,test_grid
1039,84,2026-09-21T15:19:45,45.0,0.45000000000000007,0.008,1,1.2253521003665193,0,0.0008612391560256837,0.006527332006953657,0.0,1,1.1850444627012529,0,0.06352649396146501,0.009333110006991774,0.0,"[[0, 0.0], [1, 0.0], [2, 0.0], [3, 0.0], [4, 0.0], [5, 0.0], [6, 0.0], [7, 0.0]]",8,0.03401360787205157,1,1,1,1.4298506644137425,test_grid
1035,84,2026-09-21T15:19:45,45.0,0.45000000000000007,0.0,1,45.7945199490008,0,0.0062888938039917484,0.0224735849769786,1.424,0,41.67551166710227,1,0.07067698758962733,0.027073975012172014,0.226,"[[6, 0.226], [1, 0.232], [3, 0.232], [0, 0.244], [2, 0.244], [4, 0.244], [5, 0.244], [7, 0.254]]",8,0.09883521802444922,0,0,0,1.2047020998165598,test_grid
1041,84,2026-09-21T15:19:45,45.0,0.625,0.002,1,1.1950961112146494,0,0.0039036856183500344,0.005894881032872945,0.0,1,1.186828686414365,0,0.006408095937021313,0.00996149005368352,0.0,"[[0, 0.0], [1, 0.0], [2, 0.0], [3, 0.0], [4, 0.0], [5, 0.0], [6, 0.0], [7, 0.0]]",8,0.00696597992188914,1,1,1,1.6898542986928882,test_grid
1042,84,2026-09-21T15:19:45,45.0,0.625,0.004,1,1.2182950630967593,0,0.004029618362669402,0.006225169985555112,0.0,0,1.2051202534999692,1,0.02285832108487919,0.00819698499981314,0.0,"[[0, 0.0], [1, 0.0], [2, 0.0], [3, 0.0], [4, 0.0], [5, 0.0], [6, 0.0], [7, 0.0]]",8,0.010932360947820057,0,0,0,1.3167487825767694,test_grid
1043,84,2026-09-21T15:19:45,45.0,0.625,0.006,1,1.1918643917020477,0,0.0006613604160949004,0.006204792996868491,0.0,1,1.1997917489719572,0,0.31725960755261173,0.009396150999236852,0.0,"[[0, 0.0], [1, 0.0], [2, 0.0], [3, 0.0], [4, 0.0], [5, 0.0], [6, 0.0], [7, 0.0]]",8,0.006607277701902865,1,1,1,1.514337545826108,test_grid
1044,84,2026-09-21T15:19:45,45.0,0.625,0.008,1,1.185709499757052,0,0.0018788686196079551,0.006043341010808945,0.0,1,1.6610249274897666,0,0.011682634765085916,0.011174776998814195,0.0,"[[0, 0.0], [1, 0.0], [2, 0.0], [3, 0.0], [4, 0.0], [5, 0.0], [6, 0.0], [7, 0.0]]",8,0.286157913626882,0,1,1,1.8491058139574306,test_grid
1046,84,2026-09-21T15:19:45,45.0,0.8,0.002,1,1.1950871490657786,0,0.0027252229189934233,0.00599869602592662,0.0,1,1.1874870019950035,0,0.0009225071573670692,0.010832453961484134,0.0,"[[0, 0.0], [1, 0.0], [2, 0.0], [3, 0.0], [4, 0.0], [5, 0.0], [6, 0.0], [7, 0.0]]",8,0.006400193903602107,1,1,1,1.8058014466253678,test_grid
1040,84,2026-09-21T15:19:45,45.0,0.625,0.0,1,45.794519950012685,0,0.001030513458537683,0.02386163000483066,1.424,0,40.50746762549081,1,0.07152936286553124,0.03980752103962004,0.336,"[[1, 0.336], [6, 0.34], [0, 0.34400000000000003], [2, 0.352], [3, 0.352], [5, 0.356], [4, 0.358], [7, 0.364]]",8,0.13052043572318506,0,0,0,1.6682649522082618,test_grid
1047,84,2026-09-21T15:19:45,45.0,0.8,0.004,1,1.226194977307126,0,0.00482543587992232,0.005983923969324678,0.0,1,1.2282892493418998,0,0.02503540547235054,0.00912296399474144,0.0,"[[0, 0.0], [1, 0.0], [2, 0.0], [3, 0.0], [4, 0.0], [5, 0.0], [6, 0.0], [7, 0.0]]",8,0.0017050316412815143,1,1,1,1.5245788618820004,test_grid
1048,84,2026-09-21T15:19:45,45.0,0.8,0.006,1,1.2733927465939872,0,0.005539945694946443,0.005997801024932414,0.0,0,1.2357047538873025,1,0.011104238373621867,0.006558248016517609,0.0,"[[0, 0.0], [1, 0.0], [2, 0.0], [3, 0.0], [4, 0.0], [5, 0.0], [6, 0.0], [7, 0.0]]",8,0.030499188894535758,0,0,0,1.093442078064187,test_grid
1045,84,2026-09-21T15:19:45,45.0,0.8,0.0,1,45.794519949882016,0,0.0035021658805319007,0.022191755997482687,1.424,0,43.95695811349353,1,0.09657950962459987,0.027810402971226722,0.232,"[[1, 0.232], [3, 0.232], [6, 0.232], [0, 0.244], [2, 0.244], [4, 0.244], [5, 0.244], [7, 0.264]]",8,0.041803662383644545,0,0,0,1.253186227100793,test_grid
1049,84,2026-09-21T15:19:45,45.0,0.8,0.008,1,1.2379926948774902,0,0.005843909641955215,0.005849929002579302,0.0,1,1.213849447898375,0,0.018682379951741164,0.011674345994833857,0.0,"[[0, 0.0], [1, 0.0], [2, 0.0], [3, 0.0], [4, 0.0], [5, 0.0], [6, 0.0], [7, 0.0]]",8,0.019889819961541464,1,1,1,1.9956389196666322,test_grid
1052,84,2026-09-21T15:19:45,70.0,0.1,0.004,1,1.2237240470274349,0,0.00038683168172003613,0.006135723029728979,0.0,1,1.6281393896916712,0,0.011706862106325414,0.009276393975596875,0.0,"[[0, 0.0], [1, 0.0], [2, 0.0], [3, 0.0], [4, 0.0], [5, 0.0], [6, 0.0], [7, 0.0]]",8,0.24839110534683545,0,1,1,1.5118664794109233,test_grid
1053,84,2026-09-21T15:19:45,70.0,0.1,0.006,1,1.2728237047566737,0,0.00033110286100153396,0.0058988300152122974,0.0,1,1.5685037716892032,0,0.011973967948281181,0.010215946997050196,0.0,"[[0, 0.0], [1, 0.0], [2, 0.0], [3, 0.0], [4, 0.0], [5, 0.0], [6, 0.0], [7, 0.0]]",8,0.18851090591519346,0,1,1,1.7318598723313994,test_grid
1051,84,2026-09-21T15:19:45,70.0,0.1,0.002,1,70.82823105798794,0,0.6897720688561038,0.03235858801053837,2.15,1,1.1854821669901645,0,0.00022053357171579612,0.009455475956201553,0.0,"[[0, 0.0], [1, 0.0], [2, 0.0], [3, 0.0], [4, 0.0], [5, 0.0], [6, 0.0], [7, 0.0]]",8,58.74634881080886,0,1,1,0.292209164167551,test_grid
1054,84,2026-09-21T15:19:45,70.0,0.1,0.008,1,1.339307689840964,0,0.00020119955881249218,0.006126451015006751,0.0,1,1.387165480062602,0,0.012415283714041927,0.00940057699335739,0.0,"[[0, 0.0], [1, 0.0], [2, 0.0], [3, 0.0], [4, 0.0], [5, 0.0], [6, 0.0], [7, 0.0]]",8,0.03450041895468619,1,1,1,1.5344245747384029,test_grid
1050,84,2026-09-21T15:19:45,70.0,0.1,0.0,1,70.82899940536649,0,0.0002490646975922084,0.03244698198977858,2.15,0,65.09052737666873,1,0.13372950123592747,0.031787842977792025,0.28600000000000003,"[[6, 0.28600000000000003], [1, 0.292], [3, 0.298], [0, 0.304], [2, 0.304], [4, 0.304], [5, 0.304], [7, 0.312]]",8,0.08816140012954748,0,0,0,0.9796856603737693,test_grid
1057,84,2026-09-21T15:19:45,70.0,0.275,0.004,1,1.2017065797325706,0,0.0016605954826564692,0.006124278996139765,0.0,1,1.7228627778220102,0,0.10446620604594688,0.009626853046938777,0.0,"[[0, 0.0], [1, 0.0], [2, 0.0], [3, 0.0], [4, 0.0], [5, 0.0], [6, 0.0], [7, 0.0]]",8,0.3024943163194165,0,1,1,1.5719161476815056,test_grid
1058,84,2026-09-21T15:19:45,70.0,0.275,0.006,1,1.2379752297245519,0,0.0014697254739358837,0.006044664012733847,0.0,1,1.3145739367713425,0,0.31113264267138924,0.009576321055646986,0.0,"[[0, 0.0], [1, 0.0], [2, 0.0], [3, 0.0], [4, 0.0], [5, 0.0], [6, 0.0], [7, 0.0]]",8,0.05826884658532084,1,1,1,1.5842602724441355,test_grid
1056,84,2026-09-21T15:19:45,70.0,0.275,0.002,1,70.82819757597728,0,0.05132245219673712,0.03238042601151392,2.15,1,1.1855248555857716,0,0.0070255148687909715,0.009914259018842131,0.0,"[[0, 0.0], [1, 0.0], [2, 0.0], [3, 0.0], [4, 0.0], [5, 0.0], [6, 0.0], [7, 0.0]]",8,58.74416921101233,0,1,1,0.30618062329744494,test_grid
1059,84,2026-09-21T15:19:45,70.0,0.275,0.008,1,1.2931125783202257,0,0.0009238091658845091,0.006289252953138202,0.0,1,1.6212737384411995,0,0.011521322583286042,0.01032738498179242,0.0,"[[0, 0.0], [1, 0.0], [2, 0.0], [3, 0.0], [4, 0.0], [5, 0.0], [6, 0.0], [7, 0.0]]",8,0.2024094712324704,0,1,1,1.6420686302081833,test_grid
1055,84,2026-09-21T15:19:45,70.0,0.275,0.0,1,70.8290027565384,0,0.0021258030628248923,0.03539747203467414,2.15,0,65.74158142511808,1,0.01557735241001311,0.035614208958577365,0.28600000000000003,"[[6, 0.28600000000000003], [1, 0.292], [3, 0.298], [0, 0.304], [2, 0.304], [5, 0.314], [4, 0.326], [7, 0.326]]",8,0.07738513770337367,0,0,0,1.006122949223349,test_grid
1063,84,2026-09-21T15:19:45,70.0,0.45000000000000007,0.006,1,1.1949607952092642,0,0.0009745463553110618,0.005909066007006913,0.0,0,1.6444367408478497,1,0.01345453048652455,0.005838237993884832,0.0,"[[0, 0.0], [1, 0.0], [2, 0.0], [3, 0.0], [4, 0.0], [5, 0.0], [6, 0.0], [7, 0.0]]",8,0.27333124739528847,0,0,0,0.9880136703434866,test_grid
1062,84,2026-09-21T15:19:45,70.0,0.45000000000000007,0.004,1,1.1855054980245874,0,0.0005931330954372323,0.005980772024486214,0.0,1,1.1842694098078546,0,0.10155629341168398,0.009660046023782343,0.0,"[[0, 0.0], [1, 0.0], [2, 0.0], [3, 0.0], [4, 0.0], [5, 0.0], [6, 0.0], [7, 0.0]]",8,0.0010437559279128687,1,1,1,1.6151837896901282,test_grid
1061,84,2026-09-21T15:19:45,70.0,0.45000000000000007,0.002,1,70.82805814319012,0,0.07790661707216882,0.03215887298574671,2.15,1,1.18604544556489,0,0.006077527051356219,0.009155379957519472,0.0,"[[0, 0.0], [1, 0.0], [2, 0.0], [3, 0.0], [4, 0.0], [5, 0.0], [6, 0.0], [7, 0.0]]",8,58.71782818950594,0,1,1,0.28469218935555585,test_grid
1060,84,2026-09-21T15:19:45,70.0,0.45000000000000007,0.0,1,70.8290027054779,0,0.009156573839470222,0.03278880403377116,2.15,0,65.65508452360298,1,0.011474385437418841,0.033067582990042865,0.28600000000000003,"[[6, 0.28600000000000003], [1, 0.292], [3, 0.298], [0, 0.304], [2, 0.304], [5, 0.314], [4, 0.326], [7, 0.326]]",8,0.07880453158224025,0,0,0,1.0085022605882354,test_grid
1064,84,2026-09-21T15:19:46,70.0,0.45000000000000007,0.008,1,1.2253521003665193,0,0.0008612391560256837,0.005872845009434968,0.0,1,1.1850444627012529,0,0.06352649396146501,0.010088210983667523,0.0,"[[0, 0.0], [1, 0.0], [2, 0.0], [3, 0.0], [4, 0.0], [5, 0.0], [6, 0.0], [7, 0.0]]",8,0.03401360787205157,1,1,1,1.7177723858641587,test_grid
1067,84,2026-09-21T15:19:46,70.0,0.625,0.004,1,1.2182950630967593,0,0.004029618362669402,0.006074858014471829,0.0,0,1.2051202534999692,1,0.02285832108487919,0.00789726001676172,0.0,"[[0, 0.0], [1, 0.0], [2, 0.0], [3, 0.0], [4, 0.0], [5, 0.0], [6, 0.0], [7, 0.0]]",8,0.010932360947820057,0,0,0,1.2999908801075637,test_grid
1068,84,2026-09-21T15:19:46,70.0,0.625,0.006,1,1.1918643917020477,0,0.0006613604160949004,0.005911667016334832,0.0,1,1.1997917489719572,0,0.31725960755261173,0.00995540403528139,0.0,"[[0, 0.0], [1, 0.0], [2, 0.0], [3, 0.0], [4, 0.0], [5, 0.0], [6, 0.0], [7, 0.0]]",8,0.006607277701902865,1,1,1,1.6840265203999312,test_grid
1066,84,2026-09-21T15:19:46,70.0,0.625,0.002,1,70.82786668837011,0,0.11121547148445397,0.03197899798396975,2.15,1,1.186828686414365,0,0.006408095937021313,0.01013512903591618,0.0,"[[0, 0.0], [1, 0.0], [2, 0.0], [3, 0.0], [4, 0.0], [5, 0.0], [6, 0.0], [7, 0.0]]",8,58.67825643173032,0,1,1,0.31693078816905584,test_grid
1069,84,2026-09-21T15:19:46,70.0,0.625,0.008,1,1.185709499757052,0,0.0018788686196079551,0.006006398005411029,0.0,1,1.6610249274897666,0,0.011682634765085916,0.010992664028890431,0.0,"[[0, 0.0], [1, 0.0], [2, 0.0], [3, 0.0], [4, 0.0], [5, 0.0], [6, 0.0], [7, 0.0]]",8,0.286157913626882,0,1,1,1.8301591101667567,test_grid
1065,84,2026-09-21T15:19:46,70.0,0.625,0.0,1,70.82900270686339,0,0.001030513458537683,0.03225337399635464,2.15,0,62.964518813541865,1,0.030895791660192008,0.04575707402545959,0.452,"[[6, 0.452], [1, 0.456], [0, 0.47200000000000003], [2, 0.48], [3, 0.48], [4, 0.486], [5, 0.494], [7, 0.494]]",8,0.12490342245941378,0,0,0,1.4186755788907905,test_grid
1072,84,2026-09-21T15:19:46,70.0,0.8,0.004,1,1.226194977307126,0,0.00482543587992232,0.006064051005523652,0.0,1,1.2282892493418998,0,0.02503540547235054,0.009112533007282764,0.0,"[[0, 0.0], [1, 0.0], [2, 0.0], [3, 0.0], [4, 0.0], [5, 0.0], [6, 0.0], [7, 0.0]]",8,0.0017050316412815143,1,1,1,1.5027137797789458,test_grid
1073,84,2026-09-21T15:19:46,70.0,0.8,0.006,1,1.2733927465939872,0,0.005539945694946443,0.006244260002858937,0.0,0,1.2357047538873025,1,0.011104238373621867,0.006892425008118153,0.0,"[[0, 0.0], [1, 0.0], [2, 0.0], [3, 0.0], [4, 0.0], [5, 0.0], [6, 0.0], [7, 0.0]]",8,0.030499188894535758,0,0,0,1.1038017323049414,test_grid
1071,84,2026-09-21T15:19:46,70.0,0.8,0.002,1,70.82800357901621,0,0.0015817831807624666,0.03252696699928492,2.15,1,1.1874870019950035,0,0.0009225071573670692,0.010866176977287978,0.0,"[[0, 0.0], [1, 0.0], [2, 0.0], [3, 0.0], [4, 0.0], [5, 0.0], [6, 0.0], [7, 0.0]]",8,58.645287451587805,0,1,1,0.3340667138601291,test_grid
1074,84,2026-09-21T15:19:46,70.0,0.8,0.008,1,1.2379926948774902,0,0.005843909641955215,0.006033505022060126,0.0,1,1.213849447898375,0,0.018682379951741164,0.009802748973015696,0.0,"[[0, 0.0], [1, 0.0], [2, 0.0], [3, 0.0], [4, 0.0], [5, 0.0], [6, 0.0], [7, 0.0]]",8,0.019889819961541464,1,1,1,1.624718789024654,test_grid
1070,84,2026-09-21T15:19:46,70.0,0.8,0.0,1,70.82900270697048,0,0.004849740450112496,0.03489538695430383,2.15,0,65.51434973964344,1,0.01412246305348817,0.047028463042806834,0.28600000000000003,"[[6, 0.28600000000000003], [1, 0.292], [3, 0.298], [0, 0.304], [2, 0.304], [4, 0.452], [5, 0.458], [7, 0.458]]",8,0.08112196775893657,0,0,0,1.3476985684208487,test_grid
1077,84,2026-09-21T15:19:46,95.0,0.1,0.004,1,1.2237240470274349,0,0.00038683168172003613,0.006027170980814844,0.0,1,1.6281393896916712,0,0.011706862106325414,0.009185188973788172,0.0,"[[0, 0.0], [1, 0.0], [2, 0.0], [3, 0.0], [4, 0.0], [5, 0.0], [6, 0.0], [7, 0.0]]",8,0.24839110534683545,0,1,1,1.5239635648342564,test_grid
1078,84,2026-09-21T15:19:46,95.0,0.1,0.006,1,1.2728237047566737,0,0.00033110286100153396,0.005936264002230018,0.0,1,1.5685037716892032,0,0.011973967948281181,0.009312248032074422,0.0,"[[0, 0.0], [1, 0.0], [2, 0.0], [3, 0.0], [4, 0.0], [5, 0.0], [6, 0.0], [7, 0.0]]",8,0.18851090591519346,0,1,1,1.5687051702175274,test_grid
1076,84,2026-09-21T15:19:46,95.0,0.1,0.002,1,95.79378165767366,0,0.8999657863063746,0.04260114295175299,2.874,1,1.1854821669901645,0,0.00022053357171579612,0.009544419008307159,0.0,"[[0, 0.0], [1, 0.0], [2, 0.0], [3, 0.0], [4, 0.0], [5, 0.0], [6, 0.0], [7, 0.0]]",8,79.80575509700469,0,1,1,0.2240413835637341,test_grid
1079,84,2026-09-21T15:19:46,95.0,0.1,0.008,1,1.339307689840964,0,0.00020119955881249218,0.005915952962823212,0.0,1,1.387165480062602,0,0.012415283714041927,0.009431296028196812,0.0,"[[0, 0.0], [1, 0.0], [2, 0.0], [3, 0.0], [4, 0.0], [5, 0.0], [6, 0.0], [7, 0.0]]",8,0.03450041895468619,1,1,1,1.594214167601496,test_grid
1075,84,2026-09-21T15:19:46,95.0,0.1,0.0,1,95.79451664665443,0,0.0003193575214926218,0.04307927598711103,2.874,0,89.07902556134349,1,0.12785341298663286,0.03649501298787072,0.34600000000000003,"[[6, 0.34600000000000003], [1, 0.352], [3, 0.358], [0, 0.364], [2, 0.364], [4, 0.364], [5, 0.364], [7, 0.372]]",8,0.07538801690961898,0,0,0,0.8471593858445934,test_grid
1082,84,2026-09-21T15:19:46,95.0,0.275,0.004,1,1.2017065797325706,0,0.0016605954826564692,0.006044605979695916,0.0,1,1.7228627778220102,0,0.10446620604594688,0.009729797020554543,0.0,"[[0, 0.0], [1, 0.0], [2, 0.0], [3, 0.0], [4, 0.0], [5, 0.0], [6, 0.0], [7, 0.0]]",8,0.3024943163194165,0,1,1,1.6096660482481964,test_grid
1083,84,2026-09-21T15:19:46,95.0,0.275,0.006,1,1.2379752297245519,0,0.0014697254739358837,0.005934973014518619,0.0,1,1.3145739367713425,0,0.31113264267138924,0.009765479015186429,0.0,"[[0, 0.0], [1, 0.0], [2, 0.0], [3, 0.0], [4, 0.0], [5, 0.0], [6, 0.0], [7, 0.0]]",8,0.05826884658532084,1,1,1,1.6454125387423517,test_grid
1081,84,2026-09-21T15:19:46,95.0,0.275,0.002,1,95.79371428595513,0,0.05132245219673712,0.042735026974696666,2.874,1,1.1855248555857716,0,0.0070255148687909715,0.009902709978632629,0.0,"[[0, 0.0], [1, 0.0], [2, 0.0], [3, 0.0], [4, 0.0], [5, 0.0], [6, 0.0], [7, 0.0]]",8,79.80278860001054,0,1,1,0.23172349895779887,test_grid
1084,84,2026-09-21T15:19:46,95.0,0.275,0.008,1,1.2931125783202257,0,0.0009238091658845091,0.005967637989670038,0.0,1,1.6212737384411995,0,0.011521322583286042,0.01014351099729538,0.0,"[[0, 0.0], [1, 0.0], [2, 0.0], [3, 0.0], [4, 0.0], [5, 0.0], [6, 0.0], [7, 0.0]]",8,0.2024094712324704,0,1,1,1.6997530706208661,test_grid
1080,84,2026-09-21T15:19:46,95.0,0.275,0.0,1,95.79451999804719,0,0.0025119356147489647,0.04558933601947501,2.874,0,89.73322259472677,1,0.011482315138192088,0.03925322100985795,0.34600000000000003,"[[6, 0.34600000000000003], [1, 0.352], [3, 0.358], [0, 0.37], [2, 0.37], [5, 0.37], [4, 0.382], [7, 0.382]]",8,0.06754797418449808,0,0,0,0.8610176071239473,test_grid
1087,84,2026-09-21T15:19:46,95.0,0.45000000000000007,0.004,1,1.1855054980245874,0,0.0005931330954372323,0.005987741053104401,0.0,1,1.1842694098078546,0,0.10155629341168398,0.009568637993652374,0.0,"[[0, 0.0], [1, 0.0], [2, 0.0], [3, 0.0], [4, 0.0], [5, 0.0], [6, 0.0], [7, 0.0]]",8,0.0010437559279128687,1,1,1,1.5980380428594894,test_grid
1088,84,2026-09-21T15:19:46,95.0,0.45000000000000007,0.006,1,1.1949607952092642,0,0.0009745463553110618,0.006820774986408651,0.0,0,1.6444367408478497,1,0.01345453048652455,0.005918126029428095,0.0,"[[0, 0.0], [1, 0.0], [2, 0.0], [3, 0.0], [4, 0.0], [5, 0.0], [6, 0.0], [7, 0.0]]",8,0.27333124739528847,0,0,0,0.8676618186673493,test_grid
1089,84,2026-09-21T15:19:46,95.0,0.45000000000000007,0.008,1,1.2253521003665193,0,0.0008612391560256837,0.00580443098442629,0.0,1,1.1850444627012529,0,0.06352649396146501,0.009295970958191901,0.0,"[[0, 0.0], [1, 0.0], [2, 0.0], [3, 0.0], [4, 0.0], [5, 0.0], [6, 0.0], [7, 0.0]]",8,0.03401360787205157,1,1,1,1.601530104007381,test_grid
1086,84,2026-09-21T15:19:46,95.0,0.45000000000000007,0.002,1,95.79357557069463,0,0.07790661707216882,0.04278962500393391,2.874,1,1.18604544556489,0,0.006077527051356219,0.00941368198255077,0.0,"[[0, 0.0], [1, 0.0], [2, 0.0], [3, 0.0], [4, 0.0], [5, 0.0], [6, 0.0], [7, 0.0]]",8,79.76720494050718,0,1,1,0.21999916993162044,test_grid
1085,84,2026-09-21T15:19:46,95.0,0.45000000000000007,0.0,1,95.79451994616429,0,0.011995619340664954,0.04248686897335574,2.874,0,89.64740826738041,1,0.018261931186299016,0.0374721770058386,0.34600000000000003,"[[6, 0.34600000000000003], [1, 0.352], [3, 0.358], [0, 0.37], [2, 0.37], [5, 0.37], [4, 0.386], [7, 0.386]]",8,0.06856987611342462,0,0,0,0.8819707808861619,test_grid
1092,84,2026-09-21T15:19:46,95.0,0.625,0.004,1,1.2182950630967593,0,0.004029618362669402,0.005962008028291166,0.0,0,1.2051202534999692,1,0.02285832108487919,0.00819011899875477,0.0,"[[0, 0.0], [1, 0.0], [2, 0.0], [3, 0.0], [4, 0.0], [5, 0.0], [6, 0.0], [7, 0.0]]",8,0.010932360947820057,0,0,0,1.3737182103564236,test_grid
1093,84,2026-09-21T15:19:46,95.0,0.625,0.006,1,1.1918643917020477,0,0.0006613604160949004,0.006232500018086284,0.0,1,1.1997917489719572,0,0.31725960755261173,0.009236793033778667,0.0,"[[0, 0.0], [1, 0.0], [2, 0.0], [3, 0.0], [4, 0.0], [5, 0.0], [6, 0.0], [7, 0.0]]",8,0.006607277701902865,1,1,1,1.4820365835498006,test_grid
1094,84,2026-09-21T15:19:46,95.0,0.625,0.008,1,1.185709499757052,0,0.0018788686196079551,0.005961373040918261,0.0,1,1.6610249274897666,0,0.011682634765085916,0.010980029997881502,0.0,"[[0, 0.0], [1, 0.0], [2, 0.0], [3, 0.0], [4, 0.0], [5, 0.0], [6, 0.0], [7, 0.0]]",8,0.286157913626882,0,1,1,1.8418625914727509,test_grid
1091,84,2026-09-21T15:19:46,95.0,0.625,0.002,1,95.7933836971488,0,0.11121547148445397,0.04269330302486196,2.874,1,1.186828686414365,0,0.006408095937021313,0.00995911896461621,0.0,"[[0, 0.0], [1, 0.0], [2, 0.0], [3, 0.0], [4, 0.0], [5, 0.0], [6, 0.0], [7, 0.0]]",8,79.71374141331115,0,1,1,0.23327122192482108,test_grid
1097,84,2026-09-21T15:19:46,95.0,0.8,0.004,1,1.226194977307126,0,0.00482543587992232,0.0059845129726454616,0.0,1,1.2282892493418998,0,0.02503540547235054,0.00939095497597009,0.0,"[[0, 0.0], [1, 0.0], [2, 0.0], [3, 0.0], [4, 0.0], [5, 0.0], [6, 0.0], [7, 0.0]]",8,0.0017050316412815143,1,1,1,1.569209561228306,test_grid
1090,84,2026-09-21T15:19:46,95.0,0.625,0.0,1,95.7945199469071,0,0.001030513458537683,0.04671119397971779,2.874,0,86.89452030912489,1,0.022999485487532913,0.058144664973951876,0.5680000000000001,"[[1, 0.5680000000000001], [6, 0.5720000000000001], [0, 0.592], [3, 0.6], [2, 0.604], [4, 0.61], [5, 0.616], [7, 0.616]]",8,0.10242302513577047,0,0,0,1.2447694015100224,test_grid
1098,84,2026-09-21T15:19:46,95.0,0.8,0.006,1,1.2733927465939872,0,0.005539945694946443,0.005960507958661765,0.0,0,1.2357047538873025,1,0.011104238373621867,0.006488070997875184,0.0,"[[0, 0.0], [1, 0.0], [2, 0.0], [3, 0.0], [4, 0.0], [5, 0.0], [6, 0.0], [7, 0.0]]",8,0.030499188894535758,0,0,0,1.0885097449533254,test_grid
1096,84,2026-09-21T15:19:46,95.0,0.8,0.002,1,95.79352028936495,0,0.0015817831807624666,0.043075069959741086,2.874,1,1.1874870019950035,0,0.0009225071573670692,0.010899329034145921,0.0,"[[0, 0.0], [1, 0.0], [2, 0.0], [3, 0.0], [4, 0.0], [5, 0.0], [6, 0.0], [7, 0.0]]",8,79.66911059104629,0,1,1,0.25303102338156797,test_grid
1095,84,2026-09-21T15:19:46,95.0,0.8,0.0,1,95.79451994701888,0,0.006183701551065445,0.04236945300363004,2.874,0,89.50129759295464,1,0.011457427277756333,0.03839212202001363,0.34600000000000003,"[[6, 0.34600000000000003], [1, 0.352], [3, 0.358], [0, 0.37], [2, 0.37], [5, 0.37], [4, 0.398], [7, 0.398]]",8,0.070314314130789,0,0,0,0.906127393637212,test_grid
1099,84,2026-09-21T15:19:46,95.0,0.8,0.008,1,1.2379926948774902,0,0.005843909641955215,0.006022126006428152,0.0,1,1.213849447898375,0,0.018682379951741164,0.010812151012942195,0.0,"[[0, 0.0], [1, 0.0], [2, 0.0], [3, 0.0], [4, 0.0], [5, 0.0], [6, 0.0], [7, 0.0]]",8,0.019889819961541464,1,1,1,1.7954043142573008,test_grid
1102,84,2026-09-21T15:19:46,120.0,0.1,0.004,0,21.2172900511971,1,0.05946720709532541,0.0014066899893805385,0.0,1,1.6281393896916712,0,0.011706862106325414,0.009253130992874503,0.0,"[[0, 0.0], [1, 0.0], [2, 0.0], [3, 0.0], [4, 0.0], [5, 0.0], [6, 0.0], [7, 0.0]]",8,12.031617676920845,0,0,0,6.577946145013293,test_grid
1103,84,2026-09-21T15:19:46,120.0,0.1,0.006,1,1.2728237047566737,0,0.00033110286100153396,0.006077895988710225,0.0,1,1.5685037716892032,0,0.011973967948281181,0.010023970971815288,0.0,"[[0, 0.0], [1, 0.0], [2, 0.0], [3, 0.0], [4, 0.0], [5, 0.0], [6, 0.0], [7, 0.0]]",8,0.18851090591519346,0,1,1,1.6492501665765509,test_grid
1104,84,2026-09-21T15:19:46,120.0,0.1,0.008,1,1.339307689840964,0,0.00020119955881249218,0.0060730670229531825,0.0,1,1.387165480062602,0,0.012415283714041927,0.009316367970313877,0.0,"[[0, 0.0], [1, 0.0], [2, 0.0], [3, 0.0], [4, 0.0], [5, 0.0], [6, 0.0], [7, 0.0]]",8,0.03450041895468619,1,1,1,1.534046625058249,test_grid
1101,84,2026-09-21T15:19:46,120.0,0.1,0.002,1,120.82829117765183,0,1.1046870764182402,0.052550631982740015,3.6,1,1.1854821669901645,0,0.00022053357171579612,0.009691982995718718,0.0,"[[0, 0.0], [1, 0.0], [2, 0.0], [3, 0.0], [4, 0.0], [5, 0.0], [6, 0.0], [7, 0.0]]",8,100.92333089617391,0,1,1,0.18443133089059707,test_grid
1107,84,2026-09-21T15:19:46,120.0,0.275,0.004,0,21.1005339687998,1,0.0759516367130662,0.0013442609924823046,0.0,1,1.7228627778220102,0,0.10446620604594688,0.009777801984455436,0.0,"[[0, 0.0], [1, 0.0], [2, 0.0], [3, 0.0], [4, 0.0], [5, 0.0], [6, 0.0], [7, 0.0]]",8,11.247367718672548,0,0,0,7.273737792837241,test_grid
1100,84,2026-09-21T15:19:46,120.0,0.1,0.0,1,120.82899940559197,0,0.00038952518796841584,0.052542222023475915,3.6,0,113.07776092370658,1,0.0051256562111686626,0.04142493801191449,0.406,"[[6, 0.406], [1, 0.41200000000000003], [3, 0.418], [0, 0.43], [2, 0.43], [5, 0.43], [4, 0.44], [7, 0.44]]",8,0.068547859619498,0,0,0,0.7884123742122248,test_grid
1108,84,2026-09-21T15:19:46,120.0,0.275,0.006,1,1.2379752297245519,0,0.0014697254739358837,0.006163707992527634,0.0,1,1.3145739367713425,0,0.31113264267138924,0.009738623979501426,0.0,"[[0, 0.0], [1, 0.0], [2, 0.0], [3, 0.0], [4, 0.0], [5, 0.0], [6, 0.0], [7, 0.0]]",8,0.05826884658532084,1,1,1,1.5799943785960857,test_grid
1109,84,2026-09-21T15:19:46,120.0,0.275,0.008,1,1.2931125783202257,0,0.0009238091658845091,0.0061887879855930805,0.0,1,1.6212737384411995,0,0.011521322583286042,0.010193987051025033,0.0,"[[0, 0.0], [1, 0.0], [2, 0.0], [3, 0.0], [4, 0.0], [5, 0.0], [6, 0.0], [7, 0.0]]",8,0.2024094712324704,0,1,1,1.6471701849789784,test_grid
1106,84,2026-09-21T15:19:46,120.0,0.275,0.002,1,120.8281972934837,0,0.05132245219673712,0.053615123964846134,3.6,1,1.1855248555857716,0,0.0070255148687909715,0.009943115001078695,0.0,"[[0, 0.0], [1, 0.0], [2, 0.0], [3, 0.0], [4, 0.0], [5, 0.0], [6, 0.0], [7, 0.0]]",8,100.91958163018194,0,1,1,0.1854535486591079,test_grid
1105,84,2026-09-21T15:19:46,120.0,0.275,0.0,1,120.82900275765127,0,0.002897410290801184,0.057099152996670455,3.6,0,113.74442444508448,1,0.011482315138192088,0.044949362985789776,0.406,"[[6, 0.406], [1, 0.41200000000000003], [3, 0.418], [0, 0.43], [2, 0.43], [5, 0.43], [4, 0.442], [7, 0.442]]",8,0.06228506009969049,0,0,0,0.7872159327549193,test_grid
1112,84,2026-09-21T15:19:46,120.0,0.45000000000000007,0.004,0,20.873854902045913,1,0.10911913673126943,0.0014077119994908571,0.0,1,1.1842694098078546,0,0.10155629341168398,0.009697529952973127,0.0,"[[0, 0.0], [1, 0.0], [2, 0.0], [3, 0.0], [4, 0.0], [5, 0.0], [6, 0.0], [7, 0.0]]",8,16.625934377071054,0,0,0,6.888859338046803,test_grid
1113,84,2026-09-21T15:19:46,120.0,0.45000000000000007,0.006,1,1.1949607952092642,0,0.0009745463553110618,0.0066646350314840674,0.0,0,1.6444367408478497,1,0.01345453048652455,0.005937264009844512,0.0,"[[0, 0.0], [1, 0.0], [2, 0.0], [3, 0.0], [4, 0.0], [5, 0.0], [6, 0.0], [7, 0.0]]",8,0.27333124739528847,0,0,0,0.890861087185807,test_grid
1114,84,2026-09-21T15:19:46,120.0,0.45000000000000007,0.008,1,1.2253521003665193,0,0.0008612391560256837,0.005887779989279807,0.0,1,1.1850444627012529,0,0.06352649396146501,0.009180914028547704,0.0,"[[0, 0.0], [1, 0.0], [2, 0.0], [3, 0.0], [4, 0.0], [5, 0.0], [6, 0.0], [7, 0.0]]",8,0.03401360787205157,1,1,1,1.5593167620501924,test_grid
1111,84,2026-09-21T15:19:46,120.0,0.45000000000000007,0.002,1,120.82805890649308,0,0.07790661707216882,0.05294534598942846,3.6,1,1.18604544556489,0,0.006077527051356219,0.009286046028137207,0.0,"[[0, 0.0], [1, 0.0], [2, 0.0], [3, 0.0], [4, 0.0], [5, 0.0], [6, 0.0], [7, 0.0]]",8,100.8747294703746,0,1,1,0.17538927840780077,test_grid
1117,84,2026-09-21T15:19:46,120.0,0.625,0.004,0,20.536699652490913,1,0.17172078851454473,0.0013490230194292963,0.0,0,1.2051202534999692,1,0.02285832108487919,0.00801068899454549,0.0,"[[0, 0.0], [1, 0.0], [2, 0.0], [3, 0.0], [4, 0.0], [5, 0.0], [6, 0.0], [7, 0.0]]",8,16.041203641584502,0,1,1,5.938141068885844,test_grid
1110,84,2026-09-21T15:19:46,120.0,0.45000000000000007,0.0,1,120.8290027038853,0,0.014829765639468188,0.05255741998553276,3.6,0,113.65498491955542,1,0.011467415675231182,0.04265066998777911,0.406,"[[6, 0.406], [1, 0.41200000000000003], [3, 0.418], [0, 0.43], [5, 0.43]]",5,0.06312101303262342,0,0,0,0.8115061583981741,test_grid
1118,84,2026-09-21T15:19:46,120.0,0.625,0.006,1,1.1918643917020477,0,0.0006613604160949004,0.006008010008372366,0.0,1,1.1997917489719572,0,0.31725960755261173,0.009075823007151484,0.0,"[[0, 0.0], [1, 0.0], [2, 0.0], [3, 0.0], [4, 0.0], [5, 0.0], [6, 0.0], [7, 0.0]]",8,0.006607277701902865,1,1,1,1.5106204873999904,test_grid
1119,84,2026-09-21T15:19:46,120.0,0.625,0.008,1,1.185709499757052,0,0.0018788686196079551,0.006016859959345311,0.0,1,1.6610249274897666,0,0.011682634765085916,0.010994929994922131,0.0,"[[0, 0.0], [1, 0.0], [2, 0.0], [3, 0.0], [4, 0.0], [5, 0.0], [6, 0.0], [7, 0.0]]",8,0.286157913626882,0,1,1,1.8273534815855146,test_grid
1116,84,2026-09-21T15:19:46,120.0,0.625,0.002,1,120.82786604446552,0,0.11121547148445397,0.05393037397880107,3.6,1,1.186828686414365,0,0.006408095937021313,0.010298946988768876,0.0,"[[0, 0.0], [1, 0.0], [2, 0.0], [3, 0.0], [4, 0.0], [5, 0.0], [6, 0.0], [7, 0.0]]",8,100.807335319396,0,1,1,0.1909674684031893,test_grid
1122,84,2026-09-21T15:19:46,120.0,0.8,0.004,0,20.083613762332273,1,0.2512849034740321,0.0013839720049872994,0.0,1,1.2282892493418998,0,0.02503540547235054,0.009417052031494677,0.0,"[[0, 0.0], [1, 0.0], [2, 0.0], [3, 0.0], [4, 0.0], [5, 0.0], [6, 0.0], [7, 0.0]]",8,15.350882964328472,0,0,0,6.804365982519347,test_grid
1115,84,2026-09-21T15:19:46,120.0,0.625,0.0,1,120.82900270428881,0,0.001132697944126155,0.05729318200610578,3.6,0,110.88464795041307,1,0.032955119506473333,0.06822728499537334,0.6880000000000001,"[[1, 0.6880000000000001], [6, 0.6920000000000001], [0, 0.72], [3, 0.72], [2, 0.724], [4, 0.724], [5, 0.732], [7, 0.732]]",8,0.08968197976624137,0,0,0,1.190844749870976,test_grid
1123,84,2026-09-21T15:19:46,120.0,0.8,0.006,1,1.2733927465939872,0,0.005539945694946443,0.006022369954735041,0.0,0,1.2357047538873025,1,0.011104238373621867,0.006588500982616097,0.0,"[[0, 0.0], [1, 0.0], [2, 0.0], [3, 0.0], [4, 0.0], [5, 0.0], [6, 0.0], [7, 0.0]]",8,0.030499188894535758,0,0,0,1.094004691199009,test_grid
1121,84,2026-09-21T15:19:46,120.0,0.8,0.002,1,120.82800232080156,0,0.0015817831807624666,0.05391927098389715,3.6,1,1.1874870019950035,0,0.0009225071573670692,0.010665847978089005,0.0,"[[0, 0.0], [1, 0.0], [2, 0.0], [3, 0.0], [4, 0.0], [5, 0.0], [6, 0.0], [7, 0.0]]",8,100.75101042605766,0,1,1,0.19781142777828603,test_grid
1124,84,2026-09-21T15:19:46,120.0,0.8,0.008,1,1.2379926948774902,0,0.005843909641955215,0.005904576973989606,0.0,1,1.213849447898375,0,0.018682379951741164,0.010694522003177553,0.0,"[[0, 0.0], [1, 0.0], [2, 0.0], [3, 0.0], [4, 0.0], [5, 0.0], [6, 0.0], [7, 0.0]]",8,0.019889819961541464,1,1,1,1.811225774562386,test_grid
1120,84,2026-09-21T15:19:46,120.0,0.8,0.0,1,120.82900270428524,0,0.007515321370307569,0.05310830398229882,3.6,0,113.51208332280872,1,0.011457427277756333,0.042831743019632995,0.406,"[[6, 0.406], [1, 0.41200000000000003], [3, 0.418], [0, 0.43], [5, 0.43]]",5,0.06445938764658624,0,0,0,0.8064980390620073,test_grid
